,R^2,MAE,MSE,MAPE,MedAE
Multi-layer Perceptron,0.9237500847677366,1.658831685136423,4.919691194129711,0.4828658456112731,1.2669958537991262
Stochastic Gradient Descent,0.8950467518821168,1.8930558533920072,6.771647797745794,0.3515485208790925,1.4083049805211099
Bayesian Ridge,0.9064862816782364,1.8701321584554425,6.033562334548573,0.36083552101167166,1.8410156194048648
ARD Regression,0.8987088648935649,1.9293734770809887,6.535366025111038,0.38019284872360837,1.7874581798678992
Ridge,0.8983180057815798,1.956246365790495,6.56058449421387,0.3977464592063252,1.862035614908109
Random Forest,0.8779562672271741,1.9561818883826076,7.874336326699776,0.38191586374702374,1.2649068692964938
