system,smiles,sites,substituents,base_smiles,n_subs,dv_c_sum,notes
2-CN-phen,C#N.c1cnc2c(c1)ccc1cccnc12,2,CN,C1=CC2=C(C3=C(C=CC=N3)C=C2)N=C1,1,18.00,
2-CHO-phen,C=O.c1cnc2c(c1)ccc1cccnc12,2,CHO,C1=CC2=C(C3=C(C=CC=N3)C=C2)N=C1,1,13.80,
2-OCF3-phen,OC(F)(F)F.c1cnc2c(c1)ccc1cccnc12,2,OCF3,C1=CC2=C(C3=C(C=CC=N3)C=C2)N=C1,1,,
2-Cl-phen,Cl.c1cnc2c(c1)ccc1cccnc12,2,Cl,C1=CC2=C(C3=C(C=CC=N3)C=C2)N=C1,1,,
2-Br-phen,Br.c1cnc2c(c1)ccc1cccnc12,2,Br,C1=CC2=C(C3=C(C=CC=N3)C=C2)N=C1,1,,
2-NH2-phen,N.c1cnc2c(c1)ccc1cccnc12,2,NH2,C1=CC2=C(C3=C(C=CC=N3)C=C2)N=C1,1,9.00,
2-OMe-phen,CO.c1cnc2c(c1)ccc1cccnc12,2,OMe,C1=CC2=C(C3=C(C=CC=N3)C=C2)N=C1,1,5.00,
2-Me-phen,C.c1cnc2c(c1)ccc1cccnc12,2,Me,C1=CC2=C(C3=C(C=CC=N3)C=C2)N=C1,1,,
2-Et-phen,CC.c1cnc2c(c1)ccc1cccnc12,2,Et,C1=CC2=C(C3=C(C=CC=N3)C=C2)N=C1,1,4.00,
3-CN-phen,C#N.c1cnc2c(c1)ccc1cccnc12,3,CN,C1=CC2=C(C3=C(C=CC=N3)C=C2)N=C1,1,18.00,
3-CHO-phen,C=O.c1cnc2c(c1)ccc1cccnc12,3,CHO,C1=CC2=C(C3=C(C=CC=N3)C=C2)N=C1,1,13.80,
3-OCF3-phen,OC(F)(F)F.c1cnc2c(c1)ccc1cccnc12,3,OCF3,C1=CC2=C(C3=C(C=CC=N3)C=C2)N=C1,1,,
3-Cl-phen,Cl.c1cnc2c(c1)ccc1cccnc12,3,Cl,C1=CC2=C(C3=C(C=CC=N3)C=C2)N=C1,1,,
3-Br-phen,Br.c1cnc2c(c1)ccc1cccnc12,3,Br,C1=CC2=C(C3=C(C=CC=N3)C=C2)N=C1,1,,
3-NH2-phen,N.c1cnc2c(c1)ccc1cccnc12,3,NH2,C1=CC2=C(C3=C(C=CC=N3)C=C2)N=C1,1,9.00,
3-OMe-phen,CO.c1cnc2c(c1)ccc1cccnc12,3,OMe,C1=CC2=C(C3=C(C=CC=N3)C=C2)N=C1,1,5.00,
3-Me-phen,C.c1cnc2c(c1)ccc1cccnc12,3,Me,C1=CC2=C(C3=C(C=CC=N3)C=C2)N=C1,1,,
3-Et-phen,CC.c1cnc2c(c1)ccc1cccnc12,3,Et,C1=CC2=C(C3=C(C=CC=N3)C=C2)N=C1,1,4.00,
4-CN-phen,C#N.c1cnc2c(c1)ccc1cccnc12,4,CN,C1=CC2=C(C3=C(C=CC=N3)C=C2)N=C1,1,18.00,
4-CHO-phen,C=O.c1cnc2c(c1)ccc1cccnc12,4,CHO,C1=CC2=C(C3=C(C=CC=N3)C=C2)N=C1,1,13.80,
4-OCF3-phen,OC(F)(F)F.c1cnc2c(c1)ccc1cccnc12,4,OCF3,C1=CC2=C(C3=C(C=CC=N3)C=C2)N=C1,1,,
4-Cl-phen,Cl.c1cnc2c(c1)ccc1cccnc12,4,Cl,C1=CC2=C(C3=C(C=CC=N3)C=C2)N=C1,1,,
4-Br-phen,Br.c1cnc2c(c1)ccc1cccnc12,4,Br,C1=CC2=C(C3=C(C=CC=N3)C=C2)N=C1,1,,
4-NH2-phen,N.c1cnc2c(c1)ccc1cccnc12,4,NH2,C1=CC2=C(C3=C(C=CC=N3)C=C2)N=C1,1,9.00,
4-OMe-phen,CO.c1cnc2c(c1)ccc1cccnc12,4,OMe,C1=CC2=C(C3=C(C=CC=N3)C=C2)N=C1,1,5.00,
4-Me-phen,C.c1cnc2c(c1)ccc1cccnc12,4,Me,C1=CC2=C(C3=C(C=CC=N3)C=C2)N=C1,1,,
4-Et-phen,CC.c1cnc2c(c1)ccc1cccnc12,4,Et,C1=CC2=C(C3=C(C=CC=N3)C=C2)N=C1,1,4.00,
5-CN-phen,C#N.c1cnc2c(c1)ccc1cccnc12,5,CN,C1=CC2=C(C3=C(C=CC=N3)C=C2)N=C1,1,18.00,
5-CHO-phen,C=O.c1cnc2c(c1)ccc1cccnc12,5,CHO,C1=CC2=C(C3=C(C=CC=N3)C=C2)N=C1,1,13.80,
5-OCF3-phen,OC(F)(F)F.c1cnc2c(c1)ccc1cccnc12,5,OCF3,C1=CC2=C(C3=C(C=CC=N3)C=C2)N=C1,1,,
5-Cl-phen,Cl.c1cnc2c(c1)ccc1cccnc12,5,Cl,C1=CC2=C(C3=C(C=CC=N3)C=C2)N=C1,1,,
5-Br-phen,Br.c1cnc2c(c1)ccc1cccnc12,5,Br,C1=CC2=C(C3=C(C=CC=N3)C=C2)N=C1,1,,
5-NH2-phen,N.c1cnc2c(c1)ccc1cccnc12,5,NH2,C1=CC2=C(C3=C(C=CC=N3)C=C2)N=C1,1,9.00,
5-OMe-phen,CO.c1cnc2c(c1)ccc1cccnc12,5,OMe,C1=CC2=C(C3=C(C=CC=N3)C=C2)N=C1,1,5.00,
5-Me-phen,C.c1cnc2c(c1)ccc1cccnc12,5,Me,C1=CC2=C(C3=C(C=CC=N3)C=C2)N=C1,1,,
5-Et-phen,CC.c1cnc2c(c1)ccc1cccnc12,5,Et,C1=CC2=C(C3=C(C=CC=N3)C=C2)N=C1,1,4.00,
6-CN-phen,C#N.c1cnc2c(c1)ccc1cccnc12,6,CN,C1=CC2=C(C3=C(C=CC=N3)C=C2)N=C1,1,18.00,
6-CHO-phen,C=O.c1cnc2c(c1)ccc1cccnc12,6,CHO,C1=CC2=C(C3=C(C=CC=N3)C=C2)N=C1,1,13.80,
6-OCF3-phen,OC(F)(F)F.c1cnc2c(c1)ccc1cccnc12,6,OCF3,C1=CC2=C(C3=C(C=CC=N3)C=C2)N=C1,1,,
6-Cl-phen,Cl.c1cnc2c(c1)ccc1cccnc12,6,Cl,C1=CC2=C(C3=C(C=CC=N3)C=C2)N=C1,1,,
6-Br-phen,Br.c1cnc2c(c1)ccc1cccnc12,6,Br,C1=CC2=C(C3=C(C=CC=N3)C=C2)N=C1,1,,
6-NH2-phen,N.c1cnc2c(c1)ccc1cccnc12,6,NH2,C1=CC2=C(C3=C(C=CC=N3)C=C2)N=C1,1,9.00,
6-OMe-phen,CO.c1cnc2c(c1)ccc1cccnc12,6,OMe,C1=CC2=C(C3=C(C=CC=N3)C=C2)N=C1,1,5.00,
6-Me-phen,C.c1cnc2c(c1)ccc1cccnc12,6,Me,C1=CC2=C(C3=C(C=CC=N3)C=C2)N=C1,1,,
6-Et-phen,CC.c1cnc2c(c1)ccc1cccnc12,6,Et,C1=CC2=C(C3=C(C=CC=N3)C=C2)N=C1,1,4.00,
7-CN-phen,C#N.c1cnc2c(c1)ccc1cccnc12,7,CN,C1=CC2=C(C3=C(C=CC=N3)C=C2)N=C1,1,18.00,
7-CHO-phen,C=O.c1cnc2c(c1)ccc1cccnc12,7,CHO,C1=CC2=C(C3=C(C=CC=N3)C=C2)N=C1,1,13.80,
7-OCF3-phen,OC(F)(F)F.c1cnc2c(c1)ccc1cccnc12,7,OCF3,C1=CC2=C(C3=C(C=CC=N3)C=C2)N=C1,1,,
7-Cl-phen,Cl.c1cnc2c(c1)ccc1cccnc12,7,Cl,C1=CC2=C(C3=C(C=CC=N3)C=C2)N=C1,1,,
7-Br-phen,Br.c1cnc2c(c1)ccc1cccnc12,7,Br,C1=CC2=C(C3=C(C=CC=N3)C=C2)N=C1,1,,
7-NH2-phen,N.c1cnc2c(c1)ccc1cccnc12,7,NH2,C1=CC2=C(C3=C(C=CC=N3)C=C2)N=C1,1,9.00,
7-OMe-phen,CO.c1cnc2c(c1)ccc1cccnc12,7,OMe,C1=CC2=C(C3=C(C=CC=N3)C=C2)N=C1,1,5.00,
7-Me-phen,C.c1cnc2c(c1)ccc1cccnc12,7,Me,C1=CC2=C(C3=C(C=CC=N3)C=C2)N=C1,1,,
7-Et-phen,CC.c1cnc2c(c1)ccc1cccnc12,7,Et,C1=CC2=C(C3=C(C=CC=N3)C=C2)N=C1,1,4.00,
8-CN-phen,C#N.c1cnc2c(c1)ccc1cccnc12,8,CN,C1=CC2=C(C3=C(C=CC=N3)C=C2)N=C1,1,18.00,
8-CHO-phen,C=O.c1cnc2c(c1)ccc1cccnc12,8,CHO,C1=CC2=C(C3=C(C=CC=N3)C=C2)N=C1,1,13.80,
8-OCF3-phen,OC(F)(F)F.c1cnc2c(c1)ccc1cccnc12,8,OCF3,C1=CC2=C(C3=C(C=CC=N3)C=C2)N=C1,1,,
8-Cl-phen,Cl.c1cnc2c(c1)ccc1cccnc12,8,Cl,C1=CC2=C(C3=C(C=CC=N3)C=C2)N=C1,1,,
8-Br-phen,Br.c1cnc2c(c1)ccc1cccnc12,8,Br,C1=CC2=C(C3=C(C=CC=N3)C=C2)N=C1,1,,
8-NH2-phen,N.c1cnc2c(c1)ccc1cccnc12,8,NH2,C1=CC2=C(C3=C(C=CC=N3)C=C2)N=C1,1,9.00,
8-OMe-phen,CO.c1cnc2c(c1)ccc1cccnc12,8,OMe,C1=CC2=C(C3=C(C=CC=N3)C=C2)N=C1,1,5.00,
8-Me-phen,C.c1cnc2c(c1)ccc1cccnc12,8,Me,C1=CC2=C(C3=C(C=CC=N3)C=C2)N=C1,1,,
8-Et-phen,CC.c1cnc2c(c1)ccc1cccnc12,8,Et,C1=CC2=C(C3=C(C=CC=N3)C=C2)N=C1,1,4.00,
9-CN-phen,C#N.c1cnc2c(c1)ccc1cccnc12,9,CN,C1=CC2=C(C3=C(C=CC=N3)C=C2)N=C1,1,18.00,
9-CHO-phen,C=O.c1cnc2c(c1)ccc1cccnc12,9,CHO,C1=CC2=C(C3=C(C=CC=N3)C=C2)N=C1,1,13.80,
9-OCF3-phen,OC(F)(F)F.c1cnc2c(c1)ccc1cccnc12,9,OCF3,C1=CC2=C(C3=C(C=CC=N3)C=C2)N=C1,1,,
9-Cl-phen,Cl.c1cnc2c(c1)ccc1cccnc12,9,Cl,C1=CC2=C(C3=C(C=CC=N3)C=C2)N=C1,1,,
9-Br-phen,Br.c1cnc2c(c1)ccc1cccnc12,9,Br,C1=CC2=C(C3=C(C=CC=N3)C=C2)N=C1,1,,
9-NH2-phen,N.c1cnc2c(c1)ccc1cccnc12,9,NH2,C1=CC2=C(C3=C(C=CC=N3)C=C2)N=C1,1,9.00,
9-OMe-phen,CO.c1cnc2c(c1)ccc1cccnc12,9,OMe,C1=CC2=C(C3=C(C=CC=N3)C=C2)N=C1,1,5.00,
9-Me-phen,C.c1cnc2c(c1)ccc1cccnc12,9,Me,C1=CC2=C(C3=C(C=CC=N3)C=C2)N=C1,1,,
9-Et-phen,CC.c1cnc2c(c1)ccc1cccnc12,9,Et,C1=CC2=C(C3=C(C=CC=N3)C=C2)N=C1,1,4.00,
"2,3-(CN)2-phen",C#N.C#N.c1cnc2c(c1)ccc1cccnc12,"2,3","CN,CN",C1=CC2=C(C3=C(C=CC=N3)C=C2)N=C1,2,36.00,
"2,3-CN/CHO-phen",C#N.C=O.c1cnc2c(c1)ccc1cccnc12,"2,3","CN,CHO",C1=CC2=C(C3=C(C=CC=N3)C=C2)N=C1,2,31.80,
"2,3-CN/OCF3-phen",C#N.OC(F)(F)F.c1cnc2c(c1)ccc1cccnc12,"2,3","CN,OCF3",C1=CC2=C(C3=C(C=CC=N3)C=C2)N=C1,2,,
"2,3-CN/Cl-phen",C#N.Cl.c1cnc2c(c1)ccc1cccnc12,"2,3","CN,Cl",C1=CC2=C(C3=C(C=CC=N3)C=C2)N=C1,2,,
"2,3-CN/Br-phen",Br.C#N.c1cnc2c(c1)ccc1cccnc12,"2,3","CN,Br",C1=CC2=C(C3=C(C=CC=N3)C=C2)N=C1,2,,
"2,3-CN/NH2-phen",C#N.N.c1cnc2c(c1)ccc1cccnc12,"2,3","CN,NH2",C1=CC2=C(C3=C(C=CC=N3)C=C2)N=C1,2,27.00,
"2,3-CN/OMe-phen",C#N.CO.c1cnc2c(c1)ccc1cccnc12,"2,3","CN,OMe",C1=CC2=C(C3=C(C=CC=N3)C=C2)N=C1,2,23.00,
"2,3-CN/Me-phen",C.C#N.c1cnc2c(c1)ccc1cccnc12,"2,3","CN,Me",C1=CC2=C(C3=C(C=CC=N3)C=C2)N=C1,2,,
"2,3-CN/Et-phen",C#N.CC.c1cnc2c(c1)ccc1cccnc12,"2,3","CN,Et",C1=CC2=C(C3=C(C=CC=N3)C=C2)N=C1,2,22.00,
"2,3-CHO/CN-phen",C#N.C=O.c1cnc2c(c1)ccc1cccnc12,"2,3","CHO,CN",C1=CC2=C(C3=C(C=CC=N3)C=C2)N=C1,2,31.80,
"2,3-(CHO)2-phen",C=O.C=O.c1cnc2c(c1)ccc1cccnc12,"2,3","CHO,CHO",C1=CC2=C(C3=C(C=CC=N3)C=C2)N=C1,2,27.60,
"2,3-CHO/OCF3-phen",C=O.OC(F)(F)F.c1cnc2c(c1)ccc1cccnc12,"2,3","CHO,OCF3",C1=CC2=C(C3=C(C=CC=N3)C=C2)N=C1,2,,
"2,3-CHO/Cl-phen",C=O.Cl.c1cnc2c(c1)ccc1cccnc12,"2,3","CHO,Cl",C1=CC2=C(C3=C(C=CC=N3)C=C2)N=C1,2,,
"2,3-CHO/Br-phen",Br.C=O.c1cnc2c(c1)ccc1cccnc12,"2,3","CHO,Br",C1=CC2=C(C3=C(C=CC=N3)C=C2)N=C1,2,,
"2,3-CHO/NH2-phen",C=O.N.c1cnc2c(c1)ccc1cccnc12,"2,3","CHO,NH2",C1=CC2=C(C3=C(C=CC=N3)C=C2)N=C1,2,22.80,
"2,3-CHO/OMe-phen",C=O.CO.c1cnc2c(c1)ccc1cccnc12,"2,3","CHO,OMe",C1=CC2=C(C3=C(C=CC=N3)C=C2)N=C1,2,18.80,
"2,3-CHO/Me-phen",C.C=O.c1cnc2c(c1)ccc1cccnc12,"2,3","CHO,Me",C1=CC2=C(C3=C(C=CC=N3)C=C2)N=C1,2,,
"2,3-CHO/Et-phen",C=O.CC.c1cnc2c(c1)ccc1cccnc12,"2,3","CHO,Et",C1=CC2=C(C3=C(C=CC=N3)C=C2)N=C1,2,17.80,
"2,3-OCF3/CN-phen",C#N.OC(F)(F)F.c1cnc2c(c1)ccc1cccnc12,"2,3","OCF3,CN",C1=CC2=C(C3=C(C=CC=N3)C=C2)N=C1,2,,
"2,3-OCF3/CHO-phen",C=O.OC(F)(F)F.c1cnc2c(c1)ccc1cccnc12,"2,3","OCF3,CHO",C1=CC2=C(C3=C(C=CC=N3)C=C2)N=C1,2,,
"2,3-(OCF3)2-phen",OC(F)(F)F.OC(F)(F)F.c1cnc2c(c1)ccc1cccnc12,"2,3","OCF3,OCF3",C1=CC2=C(C3=C(C=CC=N3)C=C2)N=C1,2,,
"2,3-OCF3/Cl-phen",Cl.OC(F)(F)F.c1cnc2c(c1)ccc1cccnc12,"2,3","OCF3,Cl",C1=CC2=C(C3=C(C=CC=N3)C=C2)N=C1,2,,
"2,3-OCF3/Br-phen",Br.OC(F)(F)F.c1cnc2c(c1)ccc1cccnc12,"2,3","OCF3,Br",C1=CC2=C(C3=C(C=CC=N3)C=C2)N=C1,2,,
"2,3-OCF3/NH2-phen",N.OC(F)(F)F.c1cnc2c(c1)ccc1cccnc12,"2,3","OCF3,NH2",C1=CC2=C(C3=C(C=CC=N3)C=C2)N=C1,2,,
"2,3-OCF3/OMe-phen",CO.OC(F)(F)F.c1cnc2c(c1)ccc1cccnc12,"2,3","OCF3,OMe",C1=CC2=C(C3=C(C=CC=N3)C=C2)N=C1,2,,
"2,3-OCF3/Me-phen",C.OC(F)(F)F.c1cnc2c(c1)ccc1cccnc12,"2,3","OCF3,Me",C1=CC2=C(C3=C(C=CC=N3)C=C2)N=C1,2,,
"2,3-OCF3/Et-phen",CC.OC(F)(F)F.c1cnc2c(c1)ccc1cccnc12,"2,3","OCF3,Et",C1=CC2=C(C3=C(C=CC=N3)C=C2)N=C1,2,,
"2,3-Cl/CN-phen",C#N.Cl.c1cnc2c(c1)ccc1cccnc12,"2,3","Cl,CN",C1=CC2=C(C3=C(C=CC=N3)C=C2)N=C1,2,,
"2,3-Cl/CHO-phen",C=O.Cl.c1cnc2c(c1)ccc1cccnc12,"2,3","Cl,CHO",C1=CC2=C(C3=C(C=CC=N3)C=C2)N=C1,2,,
"2,3-Cl/OCF3-phen",Cl.OC(F)(F)F.c1cnc2c(c1)ccc1cccnc12,"2,3","Cl,OCF3",C1=CC2=C(C3=C(C=CC=N3)C=C2)N=C1,2,,
"2,3-(Cl)2-phen",Cl.Cl.c1cnc2c(c1)ccc1cccnc12,"2,3","Cl,Cl",C1=CC2=C(C3=C(C=CC=N3)C=C2)N=C1,2,,
"2,3-Cl/Br-phen",Br.Cl.c1cnc2c(c1)ccc1cccnc12,"2,3","Cl,Br",C1=CC2=C(C3=C(C=CC=N3)C=C2)N=C1,2,,
"2,3-Cl/NH2-phen",Cl.N.c1cnc2c(c1)ccc1cccnc12,"2,3","Cl,NH2",C1=CC2=C(C3=C(C=CC=N3)C=C2)N=C1,2,,
"2,3-Cl/OMe-phen",CO.Cl.c1cnc2c(c1)ccc1cccnc12,"2,3","Cl,OMe",C1=CC2=C(C3=C(C=CC=N3)C=C2)N=C1,2,,
"2,3-Cl/Me-phen",C.Cl.c1cnc2c(c1)ccc1cccnc12,"2,3","Cl,Me",C1=CC2=C(C3=C(C=CC=N3)C=C2)N=C1,2,,
"2,3-Cl/Et-phen",CC.Cl.c1cnc2c(c1)ccc1cccnc12,"2,3","Cl,Et",C1=CC2=C(C3=C(C=CC=N3)C=C2)N=C1,2,,
"2,3-Br/CN-phen",Br.C#N.c1cnc2c(c1)ccc1cccnc12,"2,3","Br,CN",C1=CC2=C(C3=C(C=CC=N3)C=C2)N=C1,2,,
"2,3-Br/CHO-phen",Br.C=O.c1cnc2c(c1)ccc1cccnc12,"2,3","Br,CHO",C1=CC2=C(C3=C(C=CC=N3)C=C2)N=C1,2,,
"2,3-Br/OCF3-phen",Br.OC(F)(F)F.c1cnc2c(c1)ccc1cccnc12,"2,3","Br,OCF3",C1=CC2=C(C3=C(C=CC=N3)C=C2)N=C1,2,,
"2,3-Br/Cl-phen",Br.Cl.c1cnc2c(c1)ccc1cccnc12,"2,3","Br,Cl",C1=CC2=C(C3=C(C=CC=N3)C=C2)N=C1,2,,
"2,3-(Br)2-phen",Br.Br.c1cnc2c(c1)ccc1cccnc12,"2,3","Br,Br",C1=CC2=C(C3=C(C=CC=N3)C=C2)N=C1,2,,
"2,3-Br/NH2-phen",Br.N.c1cnc2c(c1)ccc1cccnc12,"2,3","Br,NH2",C1=CC2=C(C3=C(C=CC=N3)C=C2)N=C1,2,,
"2,3-Br/OMe-phen",Br.CO.c1cnc2c(c1)ccc1cccnc12,"2,3","Br,OMe",C1=CC2=C(C3=C(C=CC=N3)C=C2)N=C1,2,,
"2,3-Br/Me-phen",Br.C.c1cnc2c(c1)ccc1cccnc12,"2,3","Br,Me",C1=CC2=C(C3=C(C=CC=N3)C=C2)N=C1,2,,
"2,3-Br/Et-phen",Br.CC.c1cnc2c(c1)ccc1cccnc12,"2,3","Br,Et",C1=CC2=C(C3=C(C=CC=N3)C=C2)N=C1,2,,
"2,3-NH2/CN-phen",C#N.N.c1cnc2c(c1)ccc1cccnc12,"2,3","NH2,CN",C1=CC2=C(C3=C(C=CC=N3)C=C2)N=C1,2,27.00,
"2,3-NH2/CHO-phen",C=O.N.c1cnc2c(c1)ccc1cccnc12,"2,3","NH2,CHO",C1=CC2=C(C3=C(C=CC=N3)C=C2)N=C1,2,22.80,
"2,3-NH2/OCF3-phen",N.OC(F)(F)F.c1cnc2c(c1)ccc1cccnc12,"2,3","NH2,OCF3",C1=CC2=C(C3=C(C=CC=N3)C=C2)N=C1,2,,
"2,3-NH2/Cl-phen",Cl.N.c1cnc2c(c1)ccc1cccnc12,"2,3","NH2,Cl",C1=CC2=C(C3=C(C=CC=N3)C=C2)N=C1,2,,
"2,3-NH2/Br-phen",Br.N.c1cnc2c(c1)ccc1cccnc12,"2,3","NH2,Br",C1=CC2=C(C3=C(C=CC=N3)C=C2)N=C1,2,,
"2,3-(NH2)2-phen",N.N.c1cnc2c(c1)ccc1cccnc12,"2,3","NH2,NH2",C1=CC2=C(C3=C(C=CC=N3)C=C2)N=C1,2,18.00,
"2,3-NH2/OMe-phen",CO.N.c1cnc2c(c1)ccc1cccnc12,"2,3","NH2,OMe",C1=CC2=C(C3=C(C=CC=N3)C=C2)N=C1,2,14.00,
"2,3-NH2/Me-phen",C.N.c1cnc2c(c1)ccc1cccnc12,"2,3","NH2,Me",C1=CC2=C(C3=C(C=CC=N3)C=C2)N=C1,2,,
"2,3-NH2/Et-phen",CC.N.c1cnc2c(c1)ccc1cccnc12,"2,3","NH2,Et",C1=CC2=C(C3=C(C=CC=N3)C=C2)N=C1,2,13.00,
"2,3-OMe/CN-phen",C#N.CO.c1cnc2c(c1)ccc1cccnc12,"2,3","OMe,CN",C1=CC2=C(C3=C(C=CC=N3)C=C2)N=C1,2,23.00,
"2,3-OMe/CHO-phen",C=O.CO.c1cnc2c(c1)ccc1cccnc12,"2,3","OMe,CHO",C1=CC2=C(C3=C(C=CC=N3)C=C2)N=C1,2,18.80,
"2,3-OMe/OCF3-phen",CO.OC(F)(F)F.c1cnc2c(c1)ccc1cccnc12,"2,3","OMe,OCF3",C1=CC2=C(C3=C(C=CC=N3)C=C2)N=C1,2,,
"2,3-OMe/Cl-phen",CO.Cl.c1cnc2c(c1)ccc1cccnc12,"2,3","OMe,Cl",C1=CC2=C(C3=C(C=CC=N3)C=C2)N=C1,2,,
"2,3-OMe/Br-phen",Br.CO.c1cnc2c(c1)ccc1cccnc12,"2,3","OMe,Br",C1=CC2=C(C3=C(C=CC=N3)C=C2)N=C1,2,,
"2,3-OMe/NH2-phen",CO.N.c1cnc2c(c1)ccc1cccnc12,"2,3","OMe,NH2",C1=CC2=C(C3=C(C=CC=N3)C=C2)N=C1,2,14.00,
"2,3-(OMe)2-phen",CO.CO.c1cnc2c(c1)ccc1cccnc12,"2,3","OMe,OMe",C1=CC2=C(C3=C(C=CC=N3)C=C2)N=C1,2,10.00,
"2,3-OMe/Me-phen",C.CO.c1cnc2c(c1)ccc1cccnc12,"2,3","OMe,Me",C1=CC2=C(C3=C(C=CC=N3)C=C2)N=C1,2,,
"2,3-OMe/Et-phen",CC.CO.c1cnc2c(c1)ccc1cccnc12,"2,3","OMe,Et",C1=CC2=C(C3=C(C=CC=N3)C=C2)N=C1,2,9.00,
"2,3-Me/CN-phen",C.C#N.c1cnc2c(c1)ccc1cccnc12,"2,3","Me,CN",C1=CC2=C(C3=C(C=CC=N3)C=C2)N=C1,2,,
"2,3-Me/CHO-phen",C.C=O.c1cnc2c(c1)ccc1cccnc12,"2,3","Me,CHO",C1=CC2=C(C3=C(C=CC=N3)C=C2)N=C1,2,,
"2,3-Me/OCF3-phen",C.OC(F)(F)F.c1cnc2c(c1)ccc1cccnc12,"2,3","Me,OCF3",C1=CC2=C(C3=C(C=CC=N3)C=C2)N=C1,2,,
"2,3-Me/Cl-phen",C.Cl.c1cnc2c(c1)ccc1cccnc12,"2,3","Me,Cl",C1=CC2=C(C3=C(C=CC=N3)C=C2)N=C1,2,,
"2,3-Me/Br-phen",Br.C.c1cnc2c(c1)ccc1cccnc12,"2,3","Me,Br",C1=CC2=C(C3=C(C=CC=N3)C=C2)N=C1,2,,
"2,3-Me/NH2-phen",C.N.c1cnc2c(c1)ccc1cccnc12,"2,3","Me,NH2",C1=CC2=C(C3=C(C=CC=N3)C=C2)N=C1,2,,
"2,3-Me/OMe-phen",C.CO.c1cnc2c(c1)ccc1cccnc12,"2,3","Me,OMe",C1=CC2=C(C3=C(C=CC=N3)C=C2)N=C1,2,,
"2,3-(Me)2-phen",C.C.c1cnc2c(c1)ccc1cccnc12,"2,3","Me,Me",C1=CC2=C(C3=C(C=CC=N3)C=C2)N=C1,2,,
"2,3-Me/Et-phen",C.CC.c1cnc2c(c1)ccc1cccnc12,"2,3","Me,Et",C1=CC2=C(C3=C(C=CC=N3)C=C2)N=C1,2,,
"2,3-Et/CN-phen",C#N.CC.c1cnc2c(c1)ccc1cccnc12,"2,3","Et,CN",C1=CC2=C(C3=C(C=CC=N3)C=C2)N=C1,2,22.00,
"2,3-Et/CHO-phen",C=O.CC.c1cnc2c(c1)ccc1cccnc12,"2,3","Et,CHO",C1=CC2=C(C3=C(C=CC=N3)C=C2)N=C1,2,17.80,
"2,3-Et/OCF3-phen",CC.OC(F)(F)F.c1cnc2c(c1)ccc1cccnc12,"2,3","Et,OCF3",C1=CC2=C(C3=C(C=CC=N3)C=C2)N=C1,2,,
"2,3-Et/Cl-phen",CC.Cl.c1cnc2c(c1)ccc1cccnc12,"2,3","Et,Cl",C1=CC2=C(C3=C(C=CC=N3)C=C2)N=C1,2,,
"2,3-Et/Br-phen",Br.CC.c1cnc2c(c1)ccc1cccnc12,"2,3","Et,Br",C1=CC2=C(C3=C(C=CC=N3)C=C2)N=C1,2,,
"2,3-Et/NH2-phen",CC.N.c1cnc2c(c1)ccc1cccnc12,"2,3","Et,NH2",C1=CC2=C(C3=C(C=CC=N3)C=C2)N=C1,2,13.00,
"2,3-Et/OMe-phen",CC.CO.c1cnc2c(c1)ccc1cccnc12,"2,3","Et,OMe",C1=CC2=C(C3=C(C=CC=N3)C=C2)N=C1,2,9.00,
"2,3-Et/Me-phen",C.CC.c1cnc2c(c1)ccc1cccnc12,"2,3","Et,Me",C1=CC2=C(C3=C(C=CC=N3)C=C2)N=C1,2,,
"2,3-(Et)2-phen",CC.CC.c1cnc2c(c1)ccc1cccnc12,"2,3","Et,Et",C1=CC2=C(C3=C(C=CC=N3)C=C2)N=C1,2,8.00,
"2,4-(CN)2-phen",C#N.C#N.c1cnc2c(c1)ccc1cccnc12,"2,4","CN,CN",C1=CC2=C(C3=C(C=CC=N3)C=C2)N=C1,2,36.00,
"2,4-CN/CHO-phen",C#N.C=O.c1cnc2c(c1)ccc1cccnc12,"2,4","CN,CHO",C1=CC2=C(C3=C(C=CC=N3)C=C2)N=C1,2,31.80,
"2,4-CN/OCF3-phen",C#N.OC(F)(F)F.c1cnc2c(c1)ccc1cccnc12,"2,4","CN,OCF3",C1=CC2=C(C3=C(C=CC=N3)C=C2)N=C1,2,,
"2,4-CN/Cl-phen",C#N.Cl.c1cnc2c(c1)ccc1cccnc12,"2,4","CN,Cl",C1=CC2=C(C3=C(C=CC=N3)C=C2)N=C1,2,,
"2,4-CN/Br-phen",Br.C#N.c1cnc2c(c1)ccc1cccnc12,"2,4","CN,Br",C1=CC2=C(C3=C(C=CC=N3)C=C2)N=C1,2,,
"2,4-CN/NH2-phen",C#N.N.c1cnc2c(c1)ccc1cccnc12,"2,4","CN,NH2",C1=CC2=C(C3=C(C=CC=N3)C=C2)N=C1,2,27.00,
"2,4-CN/OMe-phen",C#N.CO.c1cnc2c(c1)ccc1cccnc12,"2,4","CN,OMe",C1=CC2=C(C3=C(C=CC=N3)C=C2)N=C1,2,23.00,
"2,4-CN/Me-phen",C.C#N.c1cnc2c(c1)ccc1cccnc12,"2,4","CN,Me",C1=CC2=C(C3=C(C=CC=N3)C=C2)N=C1,2,,
"2,4-CN/Et-phen",C#N.CC.c1cnc2c(c1)ccc1cccnc12,"2,4","CN,Et",C1=CC2=C(C3=C(C=CC=N3)C=C2)N=C1,2,22.00,
"2,4-CHO/CN-phen",C#N.C=O.c1cnc2c(c1)ccc1cccnc12,"2,4","CHO,CN",C1=CC2=C(C3=C(C=CC=N3)C=C2)N=C1,2,31.80,
"2,4-(CHO)2-phen",C=O.C=O.c1cnc2c(c1)ccc1cccnc12,"2,4","CHO,CHO",C1=CC2=C(C3=C(C=CC=N3)C=C2)N=C1,2,27.60,
"2,4-CHO/OCF3-phen",C=O.OC(F)(F)F.c1cnc2c(c1)ccc1cccnc12,"2,4","CHO,OCF3",C1=CC2=C(C3=C(C=CC=N3)C=C2)N=C1,2,,
"2,4-CHO/Cl-phen",C=O.Cl.c1cnc2c(c1)ccc1cccnc12,"2,4","CHO,Cl",C1=CC2=C(C3=C(C=CC=N3)C=C2)N=C1,2,,
"2,4-CHO/Br-phen",Br.C=O.c1cnc2c(c1)ccc1cccnc12,"2,4","CHO,Br",C1=CC2=C(C3=C(C=CC=N3)C=C2)N=C1,2,,
"2,4-CHO/NH2-phen",C=O.N.c1cnc2c(c1)ccc1cccnc12,"2,4","CHO,NH2",C1=CC2=C(C3=C(C=CC=N3)C=C2)N=C1,2,22.80,
"2,4-CHO/OMe-phen",C=O.CO.c1cnc2c(c1)ccc1cccnc12,"2,4","CHO,OMe",C1=CC2=C(C3=C(C=CC=N3)C=C2)N=C1,2,18.80,
"2,4-CHO/Me-phen",C.C=O.c1cnc2c(c1)ccc1cccnc12,"2,4","CHO,Me",C1=CC2=C(C3=C(C=CC=N3)C=C2)N=C1,2,,
"2,4-CHO/Et-phen",C=O.CC.c1cnc2c(c1)ccc1cccnc12,"2,4","CHO,Et",C1=CC2=C(C3=C(C=CC=N3)C=C2)N=C1,2,17.80,
"2,4-OCF3/CN-phen",C#N.OC(F)(F)F.c1cnc2c(c1)ccc1cccnc12,"2,4","OCF3,CN",C1=CC2=C(C3=C(C=CC=N3)C=C2)N=C1,2,,
"2,4-OCF3/CHO-phen",C=O.OC(F)(F)F.c1cnc2c(c1)ccc1cccnc12,"2,4","OCF3,CHO",C1=CC2=C(C3=C(C=CC=N3)C=C2)N=C1,2,,
"2,4-(OCF3)2-phen",OC(F)(F)F.OC(F)(F)F.c1cnc2c(c1)ccc1cccnc12,"2,4","OCF3,OCF3",C1=CC2=C(C3=C(C=CC=N3)C=C2)N=C1,2,,
"2,4-OCF3/Cl-phen",Cl.OC(F)(F)F.c1cnc2c(c1)ccc1cccnc12,"2,4","OCF3,Cl",C1=CC2=C(C3=C(C=CC=N3)C=C2)N=C1,2,,
"2,4-OCF3/Br-phen",Br.OC(F)(F)F.c1cnc2c(c1)ccc1cccnc12,"2,4","OCF3,Br",C1=CC2=C(C3=C(C=CC=N3)C=C2)N=C1,2,,
"2,4-OCF3/NH2-phen",N.OC(F)(F)F.c1cnc2c(c1)ccc1cccnc12,"2,4","OCF3,NH2",C1=CC2=C(C3=C(C=CC=N3)C=C2)N=C1,2,,
"2,4-OCF3/OMe-phen",CO.OC(F)(F)F.c1cnc2c(c1)ccc1cccnc12,"2,4","OCF3,OMe",C1=CC2=C(C3=C(C=CC=N3)C=C2)N=C1,2,,
"2,4-OCF3/Me-phen",C.OC(F)(F)F.c1cnc2c(c1)ccc1cccnc12,"2,4","OCF3,Me",C1=CC2=C(C3=C(C=CC=N3)C=C2)N=C1,2,,
"2,4-OCF3/Et-phen",CC.OC(F)(F)F.c1cnc2c(c1)ccc1cccnc12,"2,4","OCF3,Et",C1=CC2=C(C3=C(C=CC=N3)C=C2)N=C1,2,,
"2,4-Cl/CN-phen",C#N.Cl.c1cnc2c(c1)ccc1cccnc12,"2,4","Cl,CN",C1=CC2=C(C3=C(C=CC=N3)C=C2)N=C1,2,,
"2,4-Cl/CHO-phen",C=O.Cl.c1cnc2c(c1)ccc1cccnc12,"2,4","Cl,CHO",C1=CC2=C(C3=C(C=CC=N3)C=C2)N=C1,2,,
"2,4-Cl/OCF3-phen",Cl.OC(F)(F)F.c1cnc2c(c1)ccc1cccnc12,"2,4","Cl,OCF3",C1=CC2=C(C3=C(C=CC=N3)C=C2)N=C1,2,,
"2,4-(Cl)2-phen",Cl.Cl.c1cnc2c(c1)ccc1cccnc12,"2,4","Cl,Cl",C1=CC2=C(C3=C(C=CC=N3)C=C2)N=C1,2,,
"2,4-Cl/Br-phen",Br.Cl.c1cnc2c(c1)ccc1cccnc12,"2,4","Cl,Br",C1=CC2=C(C3=C(C=CC=N3)C=C2)N=C1,2,,
"2,4-Cl/NH2-phen",Cl.N.c1cnc2c(c1)ccc1cccnc12,"2,4","Cl,NH2",C1=CC2=C(C3=C(C=CC=N3)C=C2)N=C1,2,,
"2,4-Cl/OMe-phen",CO.Cl.c1cnc2c(c1)ccc1cccnc12,"2,4","Cl,OMe",C1=CC2=C(C3=C(C=CC=N3)C=C2)N=C1,2,,
"2,4-Cl/Me-phen",C.Cl.c1cnc2c(c1)ccc1cccnc12,"2,4","Cl,Me",C1=CC2=C(C3=C(C=CC=N3)C=C2)N=C1,2,,
"2,4-Cl/Et-phen",CC.Cl.c1cnc2c(c1)ccc1cccnc12,"2,4","Cl,Et",C1=CC2=C(C3=C(C=CC=N3)C=C2)N=C1,2,,
"2,4-Br/CN-phen",Br.C#N.c1cnc2c(c1)ccc1cccnc12,"2,4","Br,CN",C1=CC2=C(C3=C(C=CC=N3)C=C2)N=C1,2,,
"2,4-Br/CHO-phen",Br.C=O.c1cnc2c(c1)ccc1cccnc12,"2,4","Br,CHO",C1=CC2=C(C3=C(C=CC=N3)C=C2)N=C1,2,,
"2,4-Br/OCF3-phen",Br.OC(F)(F)F.c1cnc2c(c1)ccc1cccnc12,"2,4","Br,OCF3",C1=CC2=C(C3=C(C=CC=N3)C=C2)N=C1,2,,
"2,4-Br/Cl-phen",Br.Cl.c1cnc2c(c1)ccc1cccnc12,"2,4","Br,Cl",C1=CC2=C(C3=C(C=CC=N3)C=C2)N=C1,2,,
"2,4-(Br)2-phen",Br.Br.c1cnc2c(c1)ccc1cccnc12,"2,4","Br,Br",C1=CC2=C(C3=C(C=CC=N3)C=C2)N=C1,2,,
"2,4-Br/NH2-phen",Br.N.c1cnc2c(c1)ccc1cccnc12,"2,4","Br,NH2",C1=CC2=C(C3=C(C=CC=N3)C=C2)N=C1,2,,
"2,4-Br/OMe-phen",Br.CO.c1cnc2c(c1)ccc1cccnc12,"2,4","Br,OMe",C1=CC2=C(C3=C(C=CC=N3)C=C2)N=C1,2,,
"2,4-Br/Me-phen",Br.C.c1cnc2c(c1)ccc1cccnc12,"2,4","Br,Me",C1=CC2=C(C3=C(C=CC=N3)C=C2)N=C1,2,,
"2,4-Br/Et-phen",Br.CC.c1cnc2c(c1)ccc1cccnc12,"2,4","Br,Et",C1=CC2=C(C3=C(C=CC=N3)C=C2)N=C1,2,,
"2,4-NH2/CN-phen",C#N.N.c1cnc2c(c1)ccc1cccnc12,"2,4","NH2,CN",C1=CC2=C(C3=C(C=CC=N3)C=C2)N=C1,2,27.00,
"2,4-NH2/CHO-phen",C=O.N.c1cnc2c(c1)ccc1cccnc12,"2,4","NH2,CHO",C1=CC2=C(C3=C(C=CC=N3)C=C2)N=C1,2,22.80,
"2,4-NH2/OCF3-phen",N.OC(F)(F)F.c1cnc2c(c1)ccc1cccnc12,"2,4","NH2,OCF3",C1=CC2=C(C3=C(C=CC=N3)C=C2)N=C1,2,,
"2,4-NH2/Cl-phen",Cl.N.c1cnc2c(c1)ccc1cccnc12,"2,4","NH2,Cl",C1=CC2=C(C3=C(C=CC=N3)C=C2)N=C1,2,,
"2,4-NH2/Br-phen",Br.N.c1cnc2c(c1)ccc1cccnc12,"2,4","NH2,Br",C1=CC2=C(C3=C(C=CC=N3)C=C2)N=C1,2,,
"2,4-(NH2)2-phen",N.N.c1cnc2c(c1)ccc1cccnc12,"2,4","NH2,NH2",C1=CC2=C(C3=C(C=CC=N3)C=C2)N=C1,2,18.00,
"2,4-NH2/OMe-phen",CO.N.c1cnc2c(c1)ccc1cccnc12,"2,4","NH2,OMe",C1=CC2=C(C3=C(C=CC=N3)C=C2)N=C1,2,14.00,
"2,4-NH2/Me-phen",C.N.c1cnc2c(c1)ccc1cccnc12,"2,4","NH2,Me",C1=CC2=C(C3=C(C=CC=N3)C=C2)N=C1,2,,
"2,4-NH2/Et-phen",CC.N.c1cnc2c(c1)ccc1cccnc12,"2,4","NH2,Et",C1=CC2=C(C3=C(C=CC=N3)C=C2)N=C1,2,13.00,
"2,4-OMe/CN-phen",C#N.CO.c1cnc2c(c1)ccc1cccnc12,"2,4","OMe,CN",C1=CC2=C(C3=C(C=CC=N3)C=C2)N=C1,2,23.00,
"2,4-OMe/CHO-phen",C=O.CO.c1cnc2c(c1)ccc1cccnc12,"2,4","OMe,CHO",C1=CC2=C(C3=C(C=CC=N3)C=C2)N=C1,2,18.80,
"2,4-OMe/OCF3-phen",CO.OC(F)(F)F.c1cnc2c(c1)ccc1cccnc12,"2,4","OMe,OCF3",C1=CC2=C(C3=C(C=CC=N3)C=C2)N=C1,2,,
"2,4-OMe/Cl-phen",CO.Cl.c1cnc2c(c1)ccc1cccnc12,"2,4","OMe,Cl",C1=CC2=C(C3=C(C=CC=N3)C=C2)N=C1,2,,
"2,4-OMe/Br-phen",Br.CO.c1cnc2c(c1)ccc1cccnc12,"2,4","OMe,Br",C1=CC2=C(C3=C(C=CC=N3)C=C2)N=C1,2,,
"2,4-OMe/NH2-phen",CO.N.c1cnc2c(c1)ccc1cccnc12,"2,4","OMe,NH2",C1=CC2=C(C3=C(C=CC=N3)C=C2)N=C1,2,14.00,
"2,4-(OMe)2-phen",CO.CO.c1cnc2c(c1)ccc1cccnc12,"2,4","OMe,OMe",C1=CC2=C(C3=C(C=CC=N3)C=C2)N=C1,2,10.00,
"2,4-OMe/Me-phen",C.CO.c1cnc2c(c1)ccc1cccnc12,"2,4","OMe,Me",C1=CC2=C(C3=C(C=CC=N3)C=C2)N=C1,2,,
"2,4-OMe/Et-phen",CC.CO.c1cnc2c(c1)ccc1cccnc12,"2,4","OMe,Et",C1=CC2=C(C3=C(C=CC=N3)C=C2)N=C1,2,9.00,
"2,4-Me/CN-phen",C.C#N.c1cnc2c(c1)ccc1cccnc12,"2,4","Me,CN",C1=CC2=C(C3=C(C=CC=N3)C=C2)N=C1,2,,
"2,4-Me/CHO-phen",C.C=O.c1cnc2c(c1)ccc1cccnc12,"2,4","Me,CHO",C1=CC2=C(C3=C(C=CC=N3)C=C2)N=C1,2,,
"2,4-Me/OCF3-phen",C.OC(F)(F)F.c1cnc2c(c1)ccc1cccnc12,"2,4","Me,OCF3",C1=CC2=C(C3=C(C=CC=N3)C=C2)N=C1,2,,
"2,4-Me/Cl-phen",C.Cl.c1cnc2c(c1)ccc1cccnc12,"2,4","Me,Cl",C1=CC2=C(C3=C(C=CC=N3)C=C2)N=C1,2,,
"2,4-Me/Br-phen",Br.C.c1cnc2c(c1)ccc1cccnc12,"2,4","Me,Br",C1=CC2=C(C3=C(C=CC=N3)C=C2)N=C1,2,,
"2,4-Me/NH2-phen",C.N.c1cnc2c(c1)ccc1cccnc12,"2,4","Me,NH2",C1=CC2=C(C3=C(C=CC=N3)C=C2)N=C1,2,,
"2,4-Me/OMe-phen",C.CO.c1cnc2c(c1)ccc1cccnc12,"2,4","Me,OMe",C1=CC2=C(C3=C(C=CC=N3)C=C2)N=C1,2,,
"2,4-(Me)2-phen",C.C.c1cnc2c(c1)ccc1cccnc12,"2,4","Me,Me",C1=CC2=C(C3=C(C=CC=N3)C=C2)N=C1,2,,
"2,4-Me/Et-phen",C.CC.c1cnc2c(c1)ccc1cccnc12,"2,4","Me,Et",C1=CC2=C(C3=C(C=CC=N3)C=C2)N=C1,2,,
"2,4-Et/CN-phen",C#N.CC.c1cnc2c(c1)ccc1cccnc12,"2,4","Et,CN",C1=CC2=C(C3=C(C=CC=N3)C=C2)N=C1,2,22.00,
"2,4-Et/CHO-phen",C=O.CC.c1cnc2c(c1)ccc1cccnc12,"2,4","Et,CHO",C1=CC2=C(C3=C(C=CC=N3)C=C2)N=C1,2,17.80,
"2,4-Et/OCF3-phen",CC.OC(F)(F)F.c1cnc2c(c1)ccc1cccnc12,"2,4","Et,OCF3",C1=CC2=C(C3=C(C=CC=N3)C=C2)N=C1,2,,
"2,4-Et/Cl-phen",CC.Cl.c1cnc2c(c1)ccc1cccnc12,"2,4","Et,Cl",C1=CC2=C(C3=C(C=CC=N3)C=C2)N=C1,2,,
"2,4-Et/Br-phen",Br.CC.c1cnc2c(c1)ccc1cccnc12,"2,4","Et,Br",C1=CC2=C(C3=C(C=CC=N3)C=C2)N=C1,2,,
"2,4-Et/NH2-phen",CC.N.c1cnc2c(c1)ccc1cccnc12,"2,4","Et,NH2",C1=CC2=C(C3=C(C=CC=N3)C=C2)N=C1,2,13.00,
"2,4-Et/OMe-phen",CC.CO.c1cnc2c(c1)ccc1cccnc12,"2,4","Et,OMe",C1=CC2=C(C3=C(C=CC=N3)C=C2)N=C1,2,9.00,
"2,4-Et/Me-phen",C.CC.c1cnc2c(c1)ccc1cccnc12,"2,4","Et,Me",C1=CC2=C(C3=C(C=CC=N3)C=C2)N=C1,2,,
"2,4-(Et)2-phen",CC.CC.c1cnc2c(c1)ccc1cccnc12,"2,4","Et,Et",C1=CC2=C(C3=C(C=CC=N3)C=C2)N=C1,2,8.00,
"2,5-(CN)2-phen",C#N.C#N.c1cnc2c(c1)ccc1cccnc12,"2,5","CN,CN",C1=CC2=C(C3=C(C=CC=N3)C=C2)N=C1,2,36.00,
"2,5-CN/CHO-phen",C#N.C=O.c1cnc2c(c1)ccc1cccnc12,"2,5","CN,CHO",C1=CC2=C(C3=C(C=CC=N3)C=C2)N=C1,2,31.80,
"2,5-CN/OCF3-phen",C#N.OC(F)(F)F.c1cnc2c(c1)ccc1cccnc12,"2,5","CN,OCF3",C1=CC2=C(C3=C(C=CC=N3)C=C2)N=C1,2,,
"2,5-CN/Cl-phen",C#N.Cl.c1cnc2c(c1)ccc1cccnc12,"2,5","CN,Cl",C1=CC2=C(C3=C(C=CC=N3)C=C2)N=C1,2,,
"2,5-CN/Br-phen",Br.C#N.c1cnc2c(c1)ccc1cccnc12,"2,5","CN,Br",C1=CC2=C(C3=C(C=CC=N3)C=C2)N=C1,2,,
"2,5-CN/NH2-phen",C#N.N.c1cnc2c(c1)ccc1cccnc12,"2,5","CN,NH2",C1=CC2=C(C3=C(C=CC=N3)C=C2)N=C1,2,27.00,
"2,5-CN/OMe-phen",C#N.CO.c1cnc2c(c1)ccc1cccnc12,"2,5","CN,OMe",C1=CC2=C(C3=C(C=CC=N3)C=C2)N=C1,2,23.00,
"2,5-CN/Me-phen",C.C#N.c1cnc2c(c1)ccc1cccnc12,"2,5","CN,Me",C1=CC2=C(C3=C(C=CC=N3)C=C2)N=C1,2,,
"2,5-CN/Et-phen",C#N.CC.c1cnc2c(c1)ccc1cccnc12,"2,5","CN,Et",C1=CC2=C(C3=C(C=CC=N3)C=C2)N=C1,2,22.00,
"2,5-CHO/CN-phen",C#N.C=O.c1cnc2c(c1)ccc1cccnc12,"2,5","CHO,CN",C1=CC2=C(C3=C(C=CC=N3)C=C2)N=C1,2,31.80,
"2,5-(CHO)2-phen",C=O.C=O.c1cnc2c(c1)ccc1cccnc12,"2,5","CHO,CHO",C1=CC2=C(C3=C(C=CC=N3)C=C2)N=C1,2,27.60,
"2,5-CHO/OCF3-phen",C=O.OC(F)(F)F.c1cnc2c(c1)ccc1cccnc12,"2,5","CHO,OCF3",C1=CC2=C(C3=C(C=CC=N3)C=C2)N=C1,2,,
"2,5-CHO/Cl-phen",C=O.Cl.c1cnc2c(c1)ccc1cccnc12,"2,5","CHO,Cl",C1=CC2=C(C3=C(C=CC=N3)C=C2)N=C1,2,,
"2,5-CHO/Br-phen",Br.C=O.c1cnc2c(c1)ccc1cccnc12,"2,5","CHO,Br",C1=CC2=C(C3=C(C=CC=N3)C=C2)N=C1,2,,
"2,5-CHO/NH2-phen",C=O.N.c1cnc2c(c1)ccc1cccnc12,"2,5","CHO,NH2",C1=CC2=C(C3=C(C=CC=N3)C=C2)N=C1,2,22.80,
"2,5-CHO/OMe-phen",C=O.CO.c1cnc2c(c1)ccc1cccnc12,"2,5","CHO,OMe",C1=CC2=C(C3=C(C=CC=N3)C=C2)N=C1,2,18.80,
"2,5-CHO/Me-phen",C.C=O.c1cnc2c(c1)ccc1cccnc12,"2,5","CHO,Me",C1=CC2=C(C3=C(C=CC=N3)C=C2)N=C1,2,,
"2,5-CHO/Et-phen",C=O.CC.c1cnc2c(c1)ccc1cccnc12,"2,5","CHO,Et",C1=CC2=C(C3=C(C=CC=N3)C=C2)N=C1,2,17.80,
"2,5-OCF3/CN-phen",C#N.OC(F)(F)F.c1cnc2c(c1)ccc1cccnc12,"2,5","OCF3,CN",C1=CC2=C(C3=C(C=CC=N3)C=C2)N=C1,2,,
"2,5-OCF3/CHO-phen",C=O.OC(F)(F)F.c1cnc2c(c1)ccc1cccnc12,"2,5","OCF3,CHO",C1=CC2=C(C3=C(C=CC=N3)C=C2)N=C1,2,,
"2,5-(OCF3)2-phen",OC(F)(F)F.OC(F)(F)F.c1cnc2c(c1)ccc1cccnc12,"2,5","OCF3,OCF3",C1=CC2=C(C3=C(C=CC=N3)C=C2)N=C1,2,,
"2,5-OCF3/Cl-phen",Cl.OC(F)(F)F.c1cnc2c(c1)ccc1cccnc12,"2,5","OCF3,Cl",C1=CC2=C(C3=C(C=CC=N3)C=C2)N=C1,2,,
"2,5-OCF3/Br-phen",Br.OC(F)(F)F.c1cnc2c(c1)ccc1cccnc12,"2,5","OCF3,Br",C1=CC2=C(C3=C(C=CC=N3)C=C2)N=C1,2,,
"2,5-OCF3/NH2-phen",N.OC(F)(F)F.c1cnc2c(c1)ccc1cccnc12,"2,5","OCF3,NH2",C1=CC2=C(C3=C(C=CC=N3)C=C2)N=C1,2,,
"2,5-OCF3/OMe-phen",CO.OC(F)(F)F.c1cnc2c(c1)ccc1cccnc12,"2,5","OCF3,OMe",C1=CC2=C(C3=C(C=CC=N3)C=C2)N=C1,2,,
"2,5-OCF3/Me-phen",C.OC(F)(F)F.c1cnc2c(c1)ccc1cccnc12,"2,5","OCF3,Me",C1=CC2=C(C3=C(C=CC=N3)C=C2)N=C1,2,,
"2,5-OCF3/Et-phen",CC.OC(F)(F)F.c1cnc2c(c1)ccc1cccnc12,"2,5","OCF3,Et",C1=CC2=C(C3=C(C=CC=N3)C=C2)N=C1,2,,
"2,5-Cl/CN-phen",C#N.Cl.c1cnc2c(c1)ccc1cccnc12,"2,5","Cl,CN",C1=CC2=C(C3=C(C=CC=N3)C=C2)N=C1,2,,
"2,5-Cl/CHO-phen",C=O.Cl.c1cnc2c(c1)ccc1cccnc12,"2,5","Cl,CHO",C1=CC2=C(C3=C(C=CC=N3)C=C2)N=C1,2,,
"2,5-Cl/OCF3-phen",Cl.OC(F)(F)F.c1cnc2c(c1)ccc1cccnc12,"2,5","Cl,OCF3",C1=CC2=C(C3=C(C=CC=N3)C=C2)N=C1,2,,
"2,5-(Cl)2-phen",Cl.Cl.c1cnc2c(c1)ccc1cccnc12,"2,5","Cl,Cl",C1=CC2=C(C3=C(C=CC=N3)C=C2)N=C1,2,,
"2,5-Cl/Br-phen",Br.Cl.c1cnc2c(c1)ccc1cccnc12,"2,5","Cl,Br",C1=CC2=C(C3=C(C=CC=N3)C=C2)N=C1,2,,
"2,5-Cl/NH2-phen",Cl.N.c1cnc2c(c1)ccc1cccnc12,"2,5","Cl,NH2",C1=CC2=C(C3=C(C=CC=N3)C=C2)N=C1,2,,
"2,5-Cl/OMe-phen",CO.Cl.c1cnc2c(c1)ccc1cccnc12,"2,5","Cl,OMe",C1=CC2=C(C3=C(C=CC=N3)C=C2)N=C1,2,,
"2,5-Cl/Me-phen",C.Cl.c1cnc2c(c1)ccc1cccnc12,"2,5","Cl,Me",C1=CC2=C(C3=C(C=CC=N3)C=C2)N=C1,2,,
"2,5-Cl/Et-phen",CC.Cl.c1cnc2c(c1)ccc1cccnc12,"2,5","Cl,Et",C1=CC2=C(C3=C(C=CC=N3)C=C2)N=C1,2,,
"2,5-Br/CN-phen",Br.C#N.c1cnc2c(c1)ccc1cccnc12,"2,5","Br,CN",C1=CC2=C(C3=C(C=CC=N3)C=C2)N=C1,2,,
"2,5-Br/CHO-phen",Br.C=O.c1cnc2c(c1)ccc1cccnc12,"2,5","Br,CHO",C1=CC2=C(C3=C(C=CC=N3)C=C2)N=C1,2,,
"2,5-Br/OCF3-phen",Br.OC(F)(F)F.c1cnc2c(c1)ccc1cccnc12,"2,5","Br,OCF3",C1=CC2=C(C3=C(C=CC=N3)C=C2)N=C1,2,,
"2,5-Br/Cl-phen",Br.Cl.c1cnc2c(c1)ccc1cccnc12,"2,5","Br,Cl",C1=CC2=C(C3=C(C=CC=N3)C=C2)N=C1,2,,
"2,5-(Br)2-phen",Br.Br.c1cnc2c(c1)ccc1cccnc12,"2,5","Br,Br",C1=CC2=C(C3=C(C=CC=N3)C=C2)N=C1,2,,
"2,5-Br/NH2-phen",Br.N.c1cnc2c(c1)ccc1cccnc12,"2,5","Br,NH2",C1=CC2=C(C3=C(C=CC=N3)C=C2)N=C1,2,,
"2,5-Br/OMe-phen",Br.CO.c1cnc2c(c1)ccc1cccnc12,"2,5","Br,OMe",C1=CC2=C(C3=C(C=CC=N3)C=C2)N=C1,2,,
"2,5-Br/Me-phen",Br.C.c1cnc2c(c1)ccc1cccnc12,"2,5","Br,Me",C1=CC2=C(C3=C(C=CC=N3)C=C2)N=C1,2,,
"2,5-Br/Et-phen",Br.CC.c1cnc2c(c1)ccc1cccnc12,"2,5","Br,Et",C1=CC2=C(C3=C(C=CC=N3)C=C2)N=C1,2,,
"2,5-NH2/CN-phen",C#N.N.c1cnc2c(c1)ccc1cccnc12,"2,5","NH2,CN",C1=CC2=C(C3=C(C=CC=N3)C=C2)N=C1,2,27.00,
"2,5-NH2/CHO-phen",C=O.N.c1cnc2c(c1)ccc1cccnc12,"2,5","NH2,CHO",C1=CC2=C(C3=C(C=CC=N3)C=C2)N=C1,2,22.80,
"2,5-NH2/OCF3-phen",N.OC(F)(F)F.c1cnc2c(c1)ccc1cccnc12,"2,5","NH2,OCF3",C1=CC2=C(C3=C(C=CC=N3)C=C2)N=C1,2,,
"2,5-NH2/Cl-phen",Cl.N.c1cnc2c(c1)ccc1cccnc12,"2,5","NH2,Cl",C1=CC2=C(C3=C(C=CC=N3)C=C2)N=C1,2,,
"2,5-NH2/Br-phen",Br.N.c1cnc2c(c1)ccc1cccnc12,"2,5","NH2,Br",C1=CC2=C(C3=C(C=CC=N3)C=C2)N=C1,2,,
"2,5-(NH2)2-phen",N.N.c1cnc2c(c1)ccc1cccnc12,"2,5","NH2,NH2",C1=CC2=C(C3=C(C=CC=N3)C=C2)N=C1,2,18.00,
"2,5-NH2/OMe-phen",CO.N.c1cnc2c(c1)ccc1cccnc12,"2,5","NH2,OMe",C1=CC2=C(C3=C(C=CC=N3)C=C2)N=C1,2,14.00,
"2,5-NH2/Me-phen",C.N.c1cnc2c(c1)ccc1cccnc12,"2,5","NH2,Me",C1=CC2=C(C3=C(C=CC=N3)C=C2)N=C1,2,,
"2,5-NH2/Et-phen",CC.N.c1cnc2c(c1)ccc1cccnc12,"2,5","NH2,Et",C1=CC2=C(C3=C(C=CC=N3)C=C2)N=C1,2,13.00,
"2,5-OMe/CN-phen",C#N.CO.c1cnc2c(c1)ccc1cccnc12,"2,5","OMe,CN",C1=CC2=C(C3=C(C=CC=N3)C=C2)N=C1,2,23.00,
"2,5-OMe/CHO-phen",C=O.CO.c1cnc2c(c1)ccc1cccnc12,"2,5","OMe,CHO",C1=CC2=C(C3=C(C=CC=N3)C=C2)N=C1,2,18.80,
"2,5-OMe/OCF3-phen",CO.OC(F)(F)F.c1cnc2c(c1)ccc1cccnc12,"2,5","OMe,OCF3",C1=CC2=C(C3=C(C=CC=N3)C=C2)N=C1,2,,
"2,5-OMe/Cl-phen",CO.Cl.c1cnc2c(c1)ccc1cccnc12,"2,5","OMe,Cl",C1=CC2=C(C3=C(C=CC=N3)C=C2)N=C1,2,,
"2,5-OMe/Br-phen",Br.CO.c1cnc2c(c1)ccc1cccnc12,"2,5","OMe,Br",C1=CC2=C(C3=C(C=CC=N3)C=C2)N=C1,2,,
"2,5-OMe/NH2-phen",CO.N.c1cnc2c(c1)ccc1cccnc12,"2,5","OMe,NH2",C1=CC2=C(C3=C(C=CC=N3)C=C2)N=C1,2,14.00,
"2,5-(OMe)2-phen",CO.CO.c1cnc2c(c1)ccc1cccnc12,"2,5","OMe,OMe",C1=CC2=C(C3=C(C=CC=N3)C=C2)N=C1,2,10.00,
"2,5-OMe/Me-phen",C.CO.c1cnc2c(c1)ccc1cccnc12,"2,5","OMe,Me",C1=CC2=C(C3=C(C=CC=N3)C=C2)N=C1,2,,
"2,5-OMe/Et-phen",CC.CO.c1cnc2c(c1)ccc1cccnc12,"2,5","OMe,Et",C1=CC2=C(C3=C(C=CC=N3)C=C2)N=C1,2,9.00,
"2,5-Me/CN-phen",C.C#N.c1cnc2c(c1)ccc1cccnc12,"2,5","Me,CN",C1=CC2=C(C3=C(C=CC=N3)C=C2)N=C1,2,,
"2,5-Me/CHO-phen",C.C=O.c1cnc2c(c1)ccc1cccnc12,"2,5","Me,CHO",C1=CC2=C(C3=C(C=CC=N3)C=C2)N=C1,2,,
"2,5-Me/OCF3-phen",C.OC(F)(F)F.c1cnc2c(c1)ccc1cccnc12,"2,5","Me,OCF3",C1=CC2=C(C3=C(C=CC=N3)C=C2)N=C1,2,,
"2,5-Me/Cl-phen",C.Cl.c1cnc2c(c1)ccc1cccnc12,"2,5","Me,Cl",C1=CC2=C(C3=C(C=CC=N3)C=C2)N=C1,2,,
"2,5-Me/Br-phen",Br.C.c1cnc2c(c1)ccc1cccnc12,"2,5","Me,Br",C1=CC2=C(C3=C(C=CC=N3)C=C2)N=C1,2,,
"2,5-Me/NH2-phen",C.N.c1cnc2c(c1)ccc1cccnc12,"2,5","Me,NH2",C1=CC2=C(C3=C(C=CC=N3)C=C2)N=C1,2,,
"2,5-Me/OMe-phen",C.CO.c1cnc2c(c1)ccc1cccnc12,"2,5","Me,OMe",C1=CC2=C(C3=C(C=CC=N3)C=C2)N=C1,2,,
"2,5-(Me)2-phen",C.C.c1cnc2c(c1)ccc1cccnc12,"2,5","Me,Me",C1=CC2=C(C3=C(C=CC=N3)C=C2)N=C1,2,,
"2,5-Me/Et-phen",C.CC.c1cnc2c(c1)ccc1cccnc12,"2,5","Me,Et",C1=CC2=C(C3=C(C=CC=N3)C=C2)N=C1,2,,
"2,5-Et/CN-phen",C#N.CC.c1cnc2c(c1)ccc1cccnc12,"2,5","Et,CN",C1=CC2=C(C3=C(C=CC=N3)C=C2)N=C1,2,22.00,
"2,5-Et/CHO-phen",C=O.CC.c1cnc2c(c1)ccc1cccnc12,"2,5","Et,CHO",C1=CC2=C(C3=C(C=CC=N3)C=C2)N=C1,2,17.80,
"2,5-Et/OCF3-phen",CC.OC(F)(F)F.c1cnc2c(c1)ccc1cccnc12,"2,5","Et,OCF3",C1=CC2=C(C3=C(C=CC=N3)C=C2)N=C1,2,,
"2,5-Et/Cl-phen",CC.Cl.c1cnc2c(c1)ccc1cccnc12,"2,5","Et,Cl",C1=CC2=C(C3=C(C=CC=N3)C=C2)N=C1,2,,
"2,5-Et/Br-phen",Br.CC.c1cnc2c(c1)ccc1cccnc12,"2,5","Et,Br",C1=CC2=C(C3=C(C=CC=N3)C=C2)N=C1,2,,
"2,5-Et/NH2-phen",CC.N.c1cnc2c(c1)ccc1cccnc12,"2,5","Et,NH2",C1=CC2=C(C3=C(C=CC=N3)C=C2)N=C1,2,13.00,
"2,5-Et/OMe-phen",CC.CO.c1cnc2c(c1)ccc1cccnc12,"2,5","Et,OMe",C1=CC2=C(C3=C(C=CC=N3)C=C2)N=C1,2,9.00,
"2,5-Et/Me-phen",C.CC.c1cnc2c(c1)ccc1cccnc12,"2,5","Et,Me",C1=CC2=C(C3=C(C=CC=N3)C=C2)N=C1,2,,
"2,5-(Et)2-phen",CC.CC.c1cnc2c(c1)ccc1cccnc12,"2,5","Et,Et",C1=CC2=C(C3=C(C=CC=N3)C=C2)N=C1,2,8.00,
"2,6-(CN)2-phen",C#N.C#N.c1cnc2c(c1)ccc1cccnc12,"2,6","CN,CN",C1=CC2=C(C3=C(C=CC=N3)C=C2)N=C1,2,36.00,
"2,6-CN/CHO-phen",C#N.C=O.c1cnc2c(c1)ccc1cccnc12,"2,6","CN,CHO",C1=CC2=C(C3=C(C=CC=N3)C=C2)N=C1,2,31.80,
"2,6-CN/OCF3-phen",C#N.OC(F)(F)F.c1cnc2c(c1)ccc1cccnc12,"2,6","CN,OCF3",C1=CC2=C(C3=C(C=CC=N3)C=C2)N=C1,2,,
"2,6-CN/Cl-phen",C#N.Cl.c1cnc2c(c1)ccc1cccnc12,"2,6","CN,Cl",C1=CC2=C(C3=C(C=CC=N3)C=C2)N=C1,2,,
"2,6-CN/Br-phen",Br.C#N.c1cnc2c(c1)ccc1cccnc12,"2,6","CN,Br",C1=CC2=C(C3=C(C=CC=N3)C=C2)N=C1,2,,
"2,6-CN/NH2-phen",C#N.N.c1cnc2c(c1)ccc1cccnc12,"2,6","CN,NH2",C1=CC2=C(C3=C(C=CC=N3)C=C2)N=C1,2,27.00,
"2,6-CN/OMe-phen",C#N.CO.c1cnc2c(c1)ccc1cccnc12,"2,6","CN,OMe",C1=CC2=C(C3=C(C=CC=N3)C=C2)N=C1,2,23.00,
"2,6-CN/Me-phen",C.C#N.c1cnc2c(c1)ccc1cccnc12,"2,6","CN,Me",C1=CC2=C(C3=C(C=CC=N3)C=C2)N=C1,2,,
"2,6-CN/Et-phen",C#N.CC.c1cnc2c(c1)ccc1cccnc12,"2,6","CN,Et",C1=CC2=C(C3=C(C=CC=N3)C=C2)N=C1,2,22.00,
"2,6-CHO/CN-phen",C#N.C=O.c1cnc2c(c1)ccc1cccnc12,"2,6","CHO,CN",C1=CC2=C(C3=C(C=CC=N3)C=C2)N=C1,2,31.80,
"2,6-(CHO)2-phen",C=O.C=O.c1cnc2c(c1)ccc1cccnc12,"2,6","CHO,CHO",C1=CC2=C(C3=C(C=CC=N3)C=C2)N=C1,2,27.60,
"2,6-CHO/OCF3-phen",C=O.OC(F)(F)F.c1cnc2c(c1)ccc1cccnc12,"2,6","CHO,OCF3",C1=CC2=C(C3=C(C=CC=N3)C=C2)N=C1,2,,
"2,6-CHO/Cl-phen",C=O.Cl.c1cnc2c(c1)ccc1cccnc12,"2,6","CHO,Cl",C1=CC2=C(C3=C(C=CC=N3)C=C2)N=C1,2,,
"2,6-CHO/Br-phen",Br.C=O.c1cnc2c(c1)ccc1cccnc12,"2,6","CHO,Br",C1=CC2=C(C3=C(C=CC=N3)C=C2)N=C1,2,,
"2,6-CHO/NH2-phen",C=O.N.c1cnc2c(c1)ccc1cccnc12,"2,6","CHO,NH2",C1=CC2=C(C3=C(C=CC=N3)C=C2)N=C1,2,22.80,
"2,6-CHO/OMe-phen",C=O.CO.c1cnc2c(c1)ccc1cccnc12,"2,6","CHO,OMe",C1=CC2=C(C3=C(C=CC=N3)C=C2)N=C1,2,18.80,
"2,6-CHO/Me-phen",C.C=O.c1cnc2c(c1)ccc1cccnc12,"2,6","CHO,Me",C1=CC2=C(C3=C(C=CC=N3)C=C2)N=C1,2,,
"2,6-CHO/Et-phen",C=O.CC.c1cnc2c(c1)ccc1cccnc12,"2,6","CHO,Et",C1=CC2=C(C3=C(C=CC=N3)C=C2)N=C1,2,17.80,
"2,6-OCF3/CN-phen",C#N.OC(F)(F)F.c1cnc2c(c1)ccc1cccnc12,"2,6","OCF3,CN",C1=CC2=C(C3=C(C=CC=N3)C=C2)N=C1,2,,
"2,6-OCF3/CHO-phen",C=O.OC(F)(F)F.c1cnc2c(c1)ccc1cccnc12,"2,6","OCF3,CHO",C1=CC2=C(C3=C(C=CC=N3)C=C2)N=C1,2,,
"2,6-(OCF3)2-phen",OC(F)(F)F.OC(F)(F)F.c1cnc2c(c1)ccc1cccnc12,"2,6","OCF3,OCF3",C1=CC2=C(C3=C(C=CC=N3)C=C2)N=C1,2,,
"2,6-OCF3/Cl-phen",Cl.OC(F)(F)F.c1cnc2c(c1)ccc1cccnc12,"2,6","OCF3,Cl",C1=CC2=C(C3=C(C=CC=N3)C=C2)N=C1,2,,
"2,6-OCF3/Br-phen",Br.OC(F)(F)F.c1cnc2c(c1)ccc1cccnc12,"2,6","OCF3,Br",C1=CC2=C(C3=C(C=CC=N3)C=C2)N=C1,2,,
"2,6-OCF3/NH2-phen",N.OC(F)(F)F.c1cnc2c(c1)ccc1cccnc12,"2,6","OCF3,NH2",C1=CC2=C(C3=C(C=CC=N3)C=C2)N=C1,2,,
"2,6-OCF3/OMe-phen",CO.OC(F)(F)F.c1cnc2c(c1)ccc1cccnc12,"2,6","OCF3,OMe",C1=CC2=C(C3=C(C=CC=N3)C=C2)N=C1,2,,
"2,6-OCF3/Me-phen",C.OC(F)(F)F.c1cnc2c(c1)ccc1cccnc12,"2,6","OCF3,Me",C1=CC2=C(C3=C(C=CC=N3)C=C2)N=C1,2,,
"2,6-OCF3/Et-phen",CC.OC(F)(F)F.c1cnc2c(c1)ccc1cccnc12,"2,6","OCF3,Et",C1=CC2=C(C3=C(C=CC=N3)C=C2)N=C1,2,,
"2,6-Cl/CN-phen",C#N.Cl.c1cnc2c(c1)ccc1cccnc12,"2,6","Cl,CN",C1=CC2=C(C3=C(C=CC=N3)C=C2)N=C1,2,,
"2,6-Cl/CHO-phen",C=O.Cl.c1cnc2c(c1)ccc1cccnc12,"2,6","Cl,CHO",C1=CC2=C(C3=C(C=CC=N3)C=C2)N=C1,2,,
"2,6-Cl/OCF3-phen",Cl.OC(F)(F)F.c1cnc2c(c1)ccc1cccnc12,"2,6","Cl,OCF3",C1=CC2=C(C3=C(C=CC=N3)C=C2)N=C1,2,,
"2,6-(Cl)2-phen",Cl.Cl.c1cnc2c(c1)ccc1cccnc12,"2,6","Cl,Cl",C1=CC2=C(C3=C(C=CC=N3)C=C2)N=C1,2,,
"2,6-Cl/Br-phen",Br.Cl.c1cnc2c(c1)ccc1cccnc12,"2,6","Cl,Br",C1=CC2=C(C3=C(C=CC=N3)C=C2)N=C1,2,,
"2,6-Cl/NH2-phen",Cl.N.c1cnc2c(c1)ccc1cccnc12,"2,6","Cl,NH2",C1=CC2=C(C3=C(C=CC=N3)C=C2)N=C1,2,,
"2,6-Cl/OMe-phen",CO.Cl.c1cnc2c(c1)ccc1cccnc12,"2,6","Cl,OMe",C1=CC2=C(C3=C(C=CC=N3)C=C2)N=C1,2,,
"2,6-Cl/Me-phen",C.Cl.c1cnc2c(c1)ccc1cccnc12,"2,6","Cl,Me",C1=CC2=C(C3=C(C=CC=N3)C=C2)N=C1,2,,
"2,6-Cl/Et-phen",CC.Cl.c1cnc2c(c1)ccc1cccnc12,"2,6","Cl,Et",C1=CC2=C(C3=C(C=CC=N3)C=C2)N=C1,2,,
"2,6-Br/CN-phen",Br.C#N.c1cnc2c(c1)ccc1cccnc12,"2,6","Br,CN",C1=CC2=C(C3=C(C=CC=N3)C=C2)N=C1,2,,
"2,6-Br/CHO-phen",Br.C=O.c1cnc2c(c1)ccc1cccnc12,"2,6","Br,CHO",C1=CC2=C(C3=C(C=CC=N3)C=C2)N=C1,2,,
"2,6-Br/OCF3-phen",Br.OC(F)(F)F.c1cnc2c(c1)ccc1cccnc12,"2,6","Br,OCF3",C1=CC2=C(C3=C(C=CC=N3)C=C2)N=C1,2,,
"2,6-Br/Cl-phen",Br.Cl.c1cnc2c(c1)ccc1cccnc12,"2,6","Br,Cl",C1=CC2=C(C3=C(C=CC=N3)C=C2)N=C1,2,,
"2,6-(Br)2-phen",Br.Br.c1cnc2c(c1)ccc1cccnc12,"2,6","Br,Br",C1=CC2=C(C3=C(C=CC=N3)C=C2)N=C1,2,,
"2,6-Br/NH2-phen",Br.N.c1cnc2c(c1)ccc1cccnc12,"2,6","Br,NH2",C1=CC2=C(C3=C(C=CC=N3)C=C2)N=C1,2,,
"2,6-Br/OMe-phen",Br.CO.c1cnc2c(c1)ccc1cccnc12,"2,6","Br,OMe",C1=CC2=C(C3=C(C=CC=N3)C=C2)N=C1,2,,
"2,6-Br/Me-phen",Br.C.c1cnc2c(c1)ccc1cccnc12,"2,6","Br,Me",C1=CC2=C(C3=C(C=CC=N3)C=C2)N=C1,2,,
"2,6-Br/Et-phen",Br.CC.c1cnc2c(c1)ccc1cccnc12,"2,6","Br,Et",C1=CC2=C(C3=C(C=CC=N3)C=C2)N=C1,2,,
"2,6-NH2/CN-phen",C#N.N.c1cnc2c(c1)ccc1cccnc12,"2,6","NH2,CN",C1=CC2=C(C3=C(C=CC=N3)C=C2)N=C1,2,27.00,
"2,6-NH2/CHO-phen",C=O.N.c1cnc2c(c1)ccc1cccnc12,"2,6","NH2,CHO",C1=CC2=C(C3=C(C=CC=N3)C=C2)N=C1,2,22.80,
"2,6-NH2/OCF3-phen",N.OC(F)(F)F.c1cnc2c(c1)ccc1cccnc12,"2,6","NH2,OCF3",C1=CC2=C(C3=C(C=CC=N3)C=C2)N=C1,2,,
"2,6-NH2/Cl-phen",Cl.N.c1cnc2c(c1)ccc1cccnc12,"2,6","NH2,Cl",C1=CC2=C(C3=C(C=CC=N3)C=C2)N=C1,2,,
"2,6-NH2/Br-phen",Br.N.c1cnc2c(c1)ccc1cccnc12,"2,6","NH2,Br",C1=CC2=C(C3=C(C=CC=N3)C=C2)N=C1,2,,
"2,6-(NH2)2-phen",N.N.c1cnc2c(c1)ccc1cccnc12,"2,6","NH2,NH2",C1=CC2=C(C3=C(C=CC=N3)C=C2)N=C1,2,18.00,
"2,6-NH2/OMe-phen",CO.N.c1cnc2c(c1)ccc1cccnc12,"2,6","NH2,OMe",C1=CC2=C(C3=C(C=CC=N3)C=C2)N=C1,2,14.00,
"2,6-NH2/Me-phen",C.N.c1cnc2c(c1)ccc1cccnc12,"2,6","NH2,Me",C1=CC2=C(C3=C(C=CC=N3)C=C2)N=C1,2,,
"2,6-NH2/Et-phen",CC.N.c1cnc2c(c1)ccc1cccnc12,"2,6","NH2,Et",C1=CC2=C(C3=C(C=CC=N3)C=C2)N=C1,2,13.00,
"2,6-OMe/CN-phen",C#N.CO.c1cnc2c(c1)ccc1cccnc12,"2,6","OMe,CN",C1=CC2=C(C3=C(C=CC=N3)C=C2)N=C1,2,23.00,
"2,6-OMe/CHO-phen",C=O.CO.c1cnc2c(c1)ccc1cccnc12,"2,6","OMe,CHO",C1=CC2=C(C3=C(C=CC=N3)C=C2)N=C1,2,18.80,
"2,6-OMe/OCF3-phen",CO.OC(F)(F)F.c1cnc2c(c1)ccc1cccnc12,"2,6","OMe,OCF3",C1=CC2=C(C3=C(C=CC=N3)C=C2)N=C1,2,,
"2,6-OMe/Cl-phen",CO.Cl.c1cnc2c(c1)ccc1cccnc12,"2,6","OMe,Cl",C1=CC2=C(C3=C(C=CC=N3)C=C2)N=C1,2,,
"2,6-OMe/Br-phen",Br.CO.c1cnc2c(c1)ccc1cccnc12,"2,6","OMe,Br",C1=CC2=C(C3=C(C=CC=N3)C=C2)N=C1,2,,
"2,6-OMe/NH2-phen",CO.N.c1cnc2c(c1)ccc1cccnc12,"2,6","OMe,NH2",C1=CC2=C(C3=C(C=CC=N3)C=C2)N=C1,2,14.00,
"2,6-(OMe)2-phen",CO.CO.c1cnc2c(c1)ccc1cccnc12,"2,6","OMe,OMe",C1=CC2=C(C3=C(C=CC=N3)C=C2)N=C1,2,10.00,
"2,6-OMe/Me-phen",C.CO.c1cnc2c(c1)ccc1cccnc12,"2,6","OMe,Me",C1=CC2=C(C3=C(C=CC=N3)C=C2)N=C1,2,,
"2,6-OMe/Et-phen",CC.CO.c1cnc2c(c1)ccc1cccnc12,"2,6","OMe,Et",C1=CC2=C(C3=C(C=CC=N3)C=C2)N=C1,2,9.00,
"2,6-Me/CN-phen",C.C#N.c1cnc2c(c1)ccc1cccnc12,"2,6","Me,CN",C1=CC2=C(C3=C(C=CC=N3)C=C2)N=C1,2,,
"2,6-Me/CHO-phen",C.C=O.c1cnc2c(c1)ccc1cccnc12,"2,6","Me,CHO",C1=CC2=C(C3=C(C=CC=N3)C=C2)N=C1,2,,
"2,6-Me/OCF3-phen",C.OC(F)(F)F.c1cnc2c(c1)ccc1cccnc12,"2,6","Me,OCF3",C1=CC2=C(C3=C(C=CC=N3)C=C2)N=C1,2,,
"2,6-Me/Cl-phen",C.Cl.c1cnc2c(c1)ccc1cccnc12,"2,6","Me,Cl",C1=CC2=C(C3=C(C=CC=N3)C=C2)N=C1,2,,
"2,6-Me/Br-phen",Br.C.c1cnc2c(c1)ccc1cccnc12,"2,6","Me,Br",C1=CC2=C(C3=C(C=CC=N3)C=C2)N=C1,2,,
"2,6-Me/NH2-phen",C.N.c1cnc2c(c1)ccc1cccnc12,"2,6","Me,NH2",C1=CC2=C(C3=C(C=CC=N3)C=C2)N=C1,2,,
"2,6-Me/OMe-phen",C.CO.c1cnc2c(c1)ccc1cccnc12,"2,6","Me,OMe",C1=CC2=C(C3=C(C=CC=N3)C=C2)N=C1,2,,
"2,6-(Me)2-phen",C.C.c1cnc2c(c1)ccc1cccnc12,"2,6","Me,Me",C1=CC2=C(C3=C(C=CC=N3)C=C2)N=C1,2,,
"2,6-Me/Et-phen",C.CC.c1cnc2c(c1)ccc1cccnc12,"2,6","Me,Et",C1=CC2=C(C3=C(C=CC=N3)C=C2)N=C1,2,,
"2,6-Et/CN-phen",C#N.CC.c1cnc2c(c1)ccc1cccnc12,"2,6","Et,CN",C1=CC2=C(C3=C(C=CC=N3)C=C2)N=C1,2,22.00,
"2,6-Et/CHO-phen",C=O.CC.c1cnc2c(c1)ccc1cccnc12,"2,6","Et,CHO",C1=CC2=C(C3=C(C=CC=N3)C=C2)N=C1,2,17.80,
"2,6-Et/OCF3-phen",CC.OC(F)(F)F.c1cnc2c(c1)ccc1cccnc12,"2,6","Et,OCF3",C1=CC2=C(C3=C(C=CC=N3)C=C2)N=C1,2,,
"2,6-Et/Cl-phen",CC.Cl.c1cnc2c(c1)ccc1cccnc12,"2,6","Et,Cl",C1=CC2=C(C3=C(C=CC=N3)C=C2)N=C1,2,,
"2,6-Et/Br-phen",Br.CC.c1cnc2c(c1)ccc1cccnc12,"2,6","Et,Br",C1=CC2=C(C3=C(C=CC=N3)C=C2)N=C1,2,,
"2,6-Et/NH2-phen",CC.N.c1cnc2c(c1)ccc1cccnc12,"2,6","Et,NH2",C1=CC2=C(C3=C(C=CC=N3)C=C2)N=C1,2,13.00,
"2,6-Et/OMe-phen",CC.CO.c1cnc2c(c1)ccc1cccnc12,"2,6","Et,OMe",C1=CC2=C(C3=C(C=CC=N3)C=C2)N=C1,2,9.00,
"2,6-Et/Me-phen",C.CC.c1cnc2c(c1)ccc1cccnc12,"2,6","Et,Me",C1=CC2=C(C3=C(C=CC=N3)C=C2)N=C1,2,,
"2,6-(Et)2-phen",CC.CC.c1cnc2c(c1)ccc1cccnc12,"2,6","Et,Et",C1=CC2=C(C3=C(C=CC=N3)C=C2)N=C1,2,8.00,
"2,7-(CN)2-phen",C#N.C#N.c1cnc2c(c1)ccc1cccnc12,"2,7","CN,CN",C1=CC2=C(C3=C(C=CC=N3)C=C2)N=C1,2,36.00,
"2,7-CN/CHO-phen",C#N.C=O.c1cnc2c(c1)ccc1cccnc12,"2,7","CN,CHO",C1=CC2=C(C3=C(C=CC=N3)C=C2)N=C1,2,31.80,
"2,7-CN/OCF3-phen",C#N.OC(F)(F)F.c1cnc2c(c1)ccc1cccnc12,"2,7","CN,OCF3",C1=CC2=C(C3=C(C=CC=N3)C=C2)N=C1,2,,
"2,7-CN/Cl-phen",C#N.Cl.c1cnc2c(c1)ccc1cccnc12,"2,7","CN,Cl",C1=CC2=C(C3=C(C=CC=N3)C=C2)N=C1,2,,
"2,7-CN/Br-phen",Br.C#N.c1cnc2c(c1)ccc1cccnc12,"2,7","CN,Br",C1=CC2=C(C3=C(C=CC=N3)C=C2)N=C1,2,,
"2,7-CN/NH2-phen",C#N.N.c1cnc2c(c1)ccc1cccnc12,"2,7","CN,NH2",C1=CC2=C(C3=C(C=CC=N3)C=C2)N=C1,2,27.00,
"2,7-CN/OMe-phen",C#N.CO.c1cnc2c(c1)ccc1cccnc12,"2,7","CN,OMe",C1=CC2=C(C3=C(C=CC=N3)C=C2)N=C1,2,23.00,
"2,7-CN/Me-phen",C.C#N.c1cnc2c(c1)ccc1cccnc12,"2,7","CN,Me",C1=CC2=C(C3=C(C=CC=N3)C=C2)N=C1,2,,
"2,7-CN/Et-phen",C#N.CC.c1cnc2c(c1)ccc1cccnc12,"2,7","CN,Et",C1=CC2=C(C3=C(C=CC=N3)C=C2)N=C1,2,22.00,
"2,7-CHO/CN-phen",C#N.C=O.c1cnc2c(c1)ccc1cccnc12,"2,7","CHO,CN",C1=CC2=C(C3=C(C=CC=N3)C=C2)N=C1,2,31.80,
"2,7-(CHO)2-phen",C=O.C=O.c1cnc2c(c1)ccc1cccnc12,"2,7","CHO,CHO",C1=CC2=C(C3=C(C=CC=N3)C=C2)N=C1,2,27.60,
"2,7-CHO/OCF3-phen",C=O.OC(F)(F)F.c1cnc2c(c1)ccc1cccnc12,"2,7","CHO,OCF3",C1=CC2=C(C3=C(C=CC=N3)C=C2)N=C1,2,,
"2,7-CHO/Cl-phen",C=O.Cl.c1cnc2c(c1)ccc1cccnc12,"2,7","CHO,Cl",C1=CC2=C(C3=C(C=CC=N3)C=C2)N=C1,2,,
"2,7-CHO/Br-phen",Br.C=O.c1cnc2c(c1)ccc1cccnc12,"2,7","CHO,Br",C1=CC2=C(C3=C(C=CC=N3)C=C2)N=C1,2,,
"2,7-CHO/NH2-phen",C=O.N.c1cnc2c(c1)ccc1cccnc12,"2,7","CHO,NH2",C1=CC2=C(C3=C(C=CC=N3)C=C2)N=C1,2,22.80,
"2,7-CHO/OMe-phen",C=O.CO.c1cnc2c(c1)ccc1cccnc12,"2,7","CHO,OMe",C1=CC2=C(C3=C(C=CC=N3)C=C2)N=C1,2,18.80,
"2,7-CHO/Me-phen",C.C=O.c1cnc2c(c1)ccc1cccnc12,"2,7","CHO,Me",C1=CC2=C(C3=C(C=CC=N3)C=C2)N=C1,2,,
"2,7-CHO/Et-phen",C=O.CC.c1cnc2c(c1)ccc1cccnc12,"2,7","CHO,Et",C1=CC2=C(C3=C(C=CC=N3)C=C2)N=C1,2,17.80,
"2,7-OCF3/CN-phen",C#N.OC(F)(F)F.c1cnc2c(c1)ccc1cccnc12,"2,7","OCF3,CN",C1=CC2=C(C3=C(C=CC=N3)C=C2)N=C1,2,,
"2,7-OCF3/CHO-phen",C=O.OC(F)(F)F.c1cnc2c(c1)ccc1cccnc12,"2,7","OCF3,CHO",C1=CC2=C(C3=C(C=CC=N3)C=C2)N=C1,2,,
"2,7-(OCF3)2-phen",OC(F)(F)F.OC(F)(F)F.c1cnc2c(c1)ccc1cccnc12,"2,7","OCF3,OCF3",C1=CC2=C(C3=C(C=CC=N3)C=C2)N=C1,2,,
"2,7-OCF3/Cl-phen",Cl.OC(F)(F)F.c1cnc2c(c1)ccc1cccnc12,"2,7","OCF3,Cl",C1=CC2=C(C3=C(C=CC=N3)C=C2)N=C1,2,,
"2,7-OCF3/Br-phen",Br.OC(F)(F)F.c1cnc2c(c1)ccc1cccnc12,"2,7","OCF3,Br",C1=CC2=C(C3=C(C=CC=N3)C=C2)N=C1,2,,
"2,7-OCF3/NH2-phen",N.OC(F)(F)F.c1cnc2c(c1)ccc1cccnc12,"2,7","OCF3,NH2",C1=CC2=C(C3=C(C=CC=N3)C=C2)N=C1,2,,
"2,7-OCF3/OMe-phen",CO.OC(F)(F)F.c1cnc2c(c1)ccc1cccnc12,"2,7","OCF3,OMe",C1=CC2=C(C3=C(C=CC=N3)C=C2)N=C1,2,,
"2,7-OCF3/Me-phen",C.OC(F)(F)F.c1cnc2c(c1)ccc1cccnc12,"2,7","OCF3,Me",C1=CC2=C(C3=C(C=CC=N3)C=C2)N=C1,2,,
"2,7-OCF3/Et-phen",CC.OC(F)(F)F.c1cnc2c(c1)ccc1cccnc12,"2,7","OCF3,Et",C1=CC2=C(C3=C(C=CC=N3)C=C2)N=C1,2,,
"2,7-Cl/CN-phen",C#N.Cl.c1cnc2c(c1)ccc1cccnc12,"2,7","Cl,CN",C1=CC2=C(C3=C(C=CC=N3)C=C2)N=C1,2,,
"2,7-Cl/CHO-phen",C=O.Cl.c1cnc2c(c1)ccc1cccnc12,"2,7","Cl,CHO",C1=CC2=C(C3=C(C=CC=N3)C=C2)N=C1,2,,
"2,7-Cl/OCF3-phen",Cl.OC(F)(F)F.c1cnc2c(c1)ccc1cccnc12,"2,7","Cl,OCF3",C1=CC2=C(C3=C(C=CC=N3)C=C2)N=C1,2,,
"2,7-(Cl)2-phen",Cl.Cl.c1cnc2c(c1)ccc1cccnc12,"2,7","Cl,Cl",C1=CC2=C(C3=C(C=CC=N3)C=C2)N=C1,2,,
"2,7-Cl/Br-phen",Br.Cl.c1cnc2c(c1)ccc1cccnc12,"2,7","Cl,Br",C1=CC2=C(C3=C(C=CC=N3)C=C2)N=C1,2,,
"2,7-Cl/NH2-phen",Cl.N.c1cnc2c(c1)ccc1cccnc12,"2,7","Cl,NH2",C1=CC2=C(C3=C(C=CC=N3)C=C2)N=C1,2,,
"2,7-Cl/OMe-phen",CO.Cl.c1cnc2c(c1)ccc1cccnc12,"2,7","Cl,OMe",C1=CC2=C(C3=C(C=CC=N3)C=C2)N=C1,2,,
"2,7-Cl/Me-phen",C.Cl.c1cnc2c(c1)ccc1cccnc12,"2,7","Cl,Me",C1=CC2=C(C3=C(C=CC=N3)C=C2)N=C1,2,,
"2,7-Cl/Et-phen",CC.Cl.c1cnc2c(c1)ccc1cccnc12,"2,7","Cl,Et",C1=CC2=C(C3=C(C=CC=N3)C=C2)N=C1,2,,
"2,7-Br/CN-phen",Br.C#N.c1cnc2c(c1)ccc1cccnc12,"2,7","Br,CN",C1=CC2=C(C3=C(C=CC=N3)C=C2)N=C1,2,,
"2,7-Br/CHO-phen",Br.C=O.c1cnc2c(c1)ccc1cccnc12,"2,7","Br,CHO",C1=CC2=C(C3=C(C=CC=N3)C=C2)N=C1,2,,
"2,7-Br/OCF3-phen",Br.OC(F)(F)F.c1cnc2c(c1)ccc1cccnc12,"2,7","Br,OCF3",C1=CC2=C(C3=C(C=CC=N3)C=C2)N=C1,2,,
"2,7-Br/Cl-phen",Br.Cl.c1cnc2c(c1)ccc1cccnc12,"2,7","Br,Cl",C1=CC2=C(C3=C(C=CC=N3)C=C2)N=C1,2,,
"2,7-(Br)2-phen",Br.Br.c1cnc2c(c1)ccc1cccnc12,"2,7","Br,Br",C1=CC2=C(C3=C(C=CC=N3)C=C2)N=C1,2,,
"2,7-Br/NH2-phen",Br.N.c1cnc2c(c1)ccc1cccnc12,"2,7","Br,NH2",C1=CC2=C(C3=C(C=CC=N3)C=C2)N=C1,2,,
"2,7-Br/OMe-phen",Br.CO.c1cnc2c(c1)ccc1cccnc12,"2,7","Br,OMe",C1=CC2=C(C3=C(C=CC=N3)C=C2)N=C1,2,,
"2,7-Br/Me-phen",Br.C.c1cnc2c(c1)ccc1cccnc12,"2,7","Br,Me",C1=CC2=C(C3=C(C=CC=N3)C=C2)N=C1,2,,
"2,7-Br/Et-phen",Br.CC.c1cnc2c(c1)ccc1cccnc12,"2,7","Br,Et",C1=CC2=C(C3=C(C=CC=N3)C=C2)N=C1,2,,
"2,7-NH2/CN-phen",C#N.N.c1cnc2c(c1)ccc1cccnc12,"2,7","NH2,CN",C1=CC2=C(C3=C(C=CC=N3)C=C2)N=C1,2,27.00,
"2,7-NH2/CHO-phen",C=O.N.c1cnc2c(c1)ccc1cccnc12,"2,7","NH2,CHO",C1=CC2=C(C3=C(C=CC=N3)C=C2)N=C1,2,22.80,
"2,7-NH2/OCF3-phen",N.OC(F)(F)F.c1cnc2c(c1)ccc1cccnc12,"2,7","NH2,OCF3",C1=CC2=C(C3=C(C=CC=N3)C=C2)N=C1,2,,
"2,7-NH2/Cl-phen",Cl.N.c1cnc2c(c1)ccc1cccnc12,"2,7","NH2,Cl",C1=CC2=C(C3=C(C=CC=N3)C=C2)N=C1,2,,
"2,7-NH2/Br-phen",Br.N.c1cnc2c(c1)ccc1cccnc12,"2,7","NH2,Br",C1=CC2=C(C3=C(C=CC=N3)C=C2)N=C1,2,,
"2,7-(NH2)2-phen",N.N.c1cnc2c(c1)ccc1cccnc12,"2,7","NH2,NH2",C1=CC2=C(C3=C(C=CC=N3)C=C2)N=C1,2,18.00,
"2,7-NH2/OMe-phen",CO.N.c1cnc2c(c1)ccc1cccnc12,"2,7","NH2,OMe",C1=CC2=C(C3=C(C=CC=N3)C=C2)N=C1,2,14.00,
"2,7-NH2/Me-phen",C.N.c1cnc2c(c1)ccc1cccnc12,"2,7","NH2,Me",C1=CC2=C(C3=C(C=CC=N3)C=C2)N=C1,2,,
"2,7-NH2/Et-phen",CC.N.c1cnc2c(c1)ccc1cccnc12,"2,7","NH2,Et",C1=CC2=C(C3=C(C=CC=N3)C=C2)N=C1,2,13.00,
"2,7-OMe/CN-phen",C#N.CO.c1cnc2c(c1)ccc1cccnc12,"2,7","OMe,CN",C1=CC2=C(C3=C(C=CC=N3)C=C2)N=C1,2,23.00,
"2,7-OMe/CHO-phen",C=O.CO.c1cnc2c(c1)ccc1cccnc12,"2,7","OMe,CHO",C1=CC2=C(C3=C(C=CC=N3)C=C2)N=C1,2,18.80,
"2,7-OMe/OCF3-phen",CO.OC(F)(F)F.c1cnc2c(c1)ccc1cccnc12,"2,7","OMe,OCF3",C1=CC2=C(C3=C(C=CC=N3)C=C2)N=C1,2,,
"2,7-OMe/Cl-phen",CO.Cl.c1cnc2c(c1)ccc1cccnc12,"2,7","OMe,Cl",C1=CC2=C(C3=C(C=CC=N3)C=C2)N=C1,2,,
"2,7-OMe/Br-phen",Br.CO.c1cnc2c(c1)ccc1cccnc12,"2,7","OMe,Br",C1=CC2=C(C3=C(C=CC=N3)C=C2)N=C1,2,,
"2,7-OMe/NH2-phen",CO.N.c1cnc2c(c1)ccc1cccnc12,"2,7","OMe,NH2",C1=CC2=C(C3=C(C=CC=N3)C=C2)N=C1,2,14.00,
"2,7-(OMe)2-phen",CO.CO.c1cnc2c(c1)ccc1cccnc12,"2,7","OMe,OMe",C1=CC2=C(C3=C(C=CC=N3)C=C2)N=C1,2,10.00,
"2,7-OMe/Me-phen",C.CO.c1cnc2c(c1)ccc1cccnc12,"2,7","OMe,Me",C1=CC2=C(C3=C(C=CC=N3)C=C2)N=C1,2,,
"2,7-OMe/Et-phen",CC.CO.c1cnc2c(c1)ccc1cccnc12,"2,7","OMe,Et",C1=CC2=C(C3=C(C=CC=N3)C=C2)N=C1,2,9.00,
"2,7-Me/CN-phen",C.C#N.c1cnc2c(c1)ccc1cccnc12,"2,7","Me,CN",C1=CC2=C(C3=C(C=CC=N3)C=C2)N=C1,2,,
"2,7-Me/CHO-phen",C.C=O.c1cnc2c(c1)ccc1cccnc12,"2,7","Me,CHO",C1=CC2=C(C3=C(C=CC=N3)C=C2)N=C1,2,,
"2,7-Me/OCF3-phen",C.OC(F)(F)F.c1cnc2c(c1)ccc1cccnc12,"2,7","Me,OCF3",C1=CC2=C(C3=C(C=CC=N3)C=C2)N=C1,2,,
"2,7-Me/Cl-phen",C.Cl.c1cnc2c(c1)ccc1cccnc12,"2,7","Me,Cl",C1=CC2=C(C3=C(C=CC=N3)C=C2)N=C1,2,,
"2,7-Me/Br-phen",Br.C.c1cnc2c(c1)ccc1cccnc12,"2,7","Me,Br",C1=CC2=C(C3=C(C=CC=N3)C=C2)N=C1,2,,
"2,7-Me/NH2-phen",C.N.c1cnc2c(c1)ccc1cccnc12,"2,7","Me,NH2",C1=CC2=C(C3=C(C=CC=N3)C=C2)N=C1,2,,
"2,7-Me/OMe-phen",C.CO.c1cnc2c(c1)ccc1cccnc12,"2,7","Me,OMe",C1=CC2=C(C3=C(C=CC=N3)C=C2)N=C1,2,,
"2,7-(Me)2-phen",C.C.c1cnc2c(c1)ccc1cccnc12,"2,7","Me,Me",C1=CC2=C(C3=C(C=CC=N3)C=C2)N=C1,2,,
"2,7-Me/Et-phen",C.CC.c1cnc2c(c1)ccc1cccnc12,"2,7","Me,Et",C1=CC2=C(C3=C(C=CC=N3)C=C2)N=C1,2,,
"2,7-Et/CN-phen",C#N.CC.c1cnc2c(c1)ccc1cccnc12,"2,7","Et,CN",C1=CC2=C(C3=C(C=CC=N3)C=C2)N=C1,2,22.00,
"2,7-Et/CHO-phen",C=O.CC.c1cnc2c(c1)ccc1cccnc12,"2,7","Et,CHO",C1=CC2=C(C3=C(C=CC=N3)C=C2)N=C1,2,17.80,
"2,7-Et/OCF3-phen",CC.OC(F)(F)F.c1cnc2c(c1)ccc1cccnc12,"2,7","Et,OCF3",C1=CC2=C(C3=C(C=CC=N3)C=C2)N=C1,2,,
"2,7-Et/Cl-phen",CC.Cl.c1cnc2c(c1)ccc1cccnc12,"2,7","Et,Cl",C1=CC2=C(C3=C(C=CC=N3)C=C2)N=C1,2,,
"2,7-Et/Br-phen",Br.CC.c1cnc2c(c1)ccc1cccnc12,"2,7","Et,Br",C1=CC2=C(C3=C(C=CC=N3)C=C2)N=C1,2,,
"2,7-Et/NH2-phen",CC.N.c1cnc2c(c1)ccc1cccnc12,"2,7","Et,NH2",C1=CC2=C(C3=C(C=CC=N3)C=C2)N=C1,2,13.00,
"2,7-Et/OMe-phen",CC.CO.c1cnc2c(c1)ccc1cccnc12,"2,7","Et,OMe",C1=CC2=C(C3=C(C=CC=N3)C=C2)N=C1,2,9.00,
"2,7-Et/Me-phen",C.CC.c1cnc2c(c1)ccc1cccnc12,"2,7","Et,Me",C1=CC2=C(C3=C(C=CC=N3)C=C2)N=C1,2,,
"2,7-(Et)2-phen",CC.CC.c1cnc2c(c1)ccc1cccnc12,"2,7","Et,Et",C1=CC2=C(C3=C(C=CC=N3)C=C2)N=C1,2,8.00,
"2,8-(CN)2-phen",C#N.C#N.c1cnc2c(c1)ccc1cccnc12,"2,8","CN,CN",C1=CC2=C(C3=C(C=CC=N3)C=C2)N=C1,2,36.00,
"2,8-CN/CHO-phen",C#N.C=O.c1cnc2c(c1)ccc1cccnc12,"2,8","CN,CHO",C1=CC2=C(C3=C(C=CC=N3)C=C2)N=C1,2,31.80,
"2,8-CN/OCF3-phen",C#N.OC(F)(F)F.c1cnc2c(c1)ccc1cccnc12,"2,8","CN,OCF3",C1=CC2=C(C3=C(C=CC=N3)C=C2)N=C1,2,,
"2,8-CN/Cl-phen",C#N.Cl.c1cnc2c(c1)ccc1cccnc12,"2,8","CN,Cl",C1=CC2=C(C3=C(C=CC=N3)C=C2)N=C1,2,,
"2,8-CN/Br-phen",Br.C#N.c1cnc2c(c1)ccc1cccnc12,"2,8","CN,Br",C1=CC2=C(C3=C(C=CC=N3)C=C2)N=C1,2,,
"2,8-CN/NH2-phen",C#N.N.c1cnc2c(c1)ccc1cccnc12,"2,8","CN,NH2",C1=CC2=C(C3=C(C=CC=N3)C=C2)N=C1,2,27.00,
"2,8-CN/OMe-phen",C#N.CO.c1cnc2c(c1)ccc1cccnc12,"2,8","CN,OMe",C1=CC2=C(C3=C(C=CC=N3)C=C2)N=C1,2,23.00,
"2,8-CN/Me-phen",C.C#N.c1cnc2c(c1)ccc1cccnc12,"2,8","CN,Me",C1=CC2=C(C3=C(C=CC=N3)C=C2)N=C1,2,,
"2,8-CN/Et-phen",C#N.CC.c1cnc2c(c1)ccc1cccnc12,"2,8","CN,Et",C1=CC2=C(C3=C(C=CC=N3)C=C2)N=C1,2,22.00,
"2,8-CHO/CN-phen",C#N.C=O.c1cnc2c(c1)ccc1cccnc12,"2,8","CHO,CN",C1=CC2=C(C3=C(C=CC=N3)C=C2)N=C1,2,31.80,
"2,8-(CHO)2-phen",C=O.C=O.c1cnc2c(c1)ccc1cccnc12,"2,8","CHO,CHO",C1=CC2=C(C3=C(C=CC=N3)C=C2)N=C1,2,27.60,
"2,8-CHO/OCF3-phen",C=O.OC(F)(F)F.c1cnc2c(c1)ccc1cccnc12,"2,8","CHO,OCF3",C1=CC2=C(C3=C(C=CC=N3)C=C2)N=C1,2,,
"2,8-CHO/Cl-phen",C=O.Cl.c1cnc2c(c1)ccc1cccnc12,"2,8","CHO,Cl",C1=CC2=C(C3=C(C=CC=N3)C=C2)N=C1,2,,
"2,8-CHO/Br-phen",Br.C=O.c1cnc2c(c1)ccc1cccnc12,"2,8","CHO,Br",C1=CC2=C(C3=C(C=CC=N3)C=C2)N=C1,2,,
"2,8-CHO/NH2-phen",C=O.N.c1cnc2c(c1)ccc1cccnc12,"2,8","CHO,NH2",C1=CC2=C(C3=C(C=CC=N3)C=C2)N=C1,2,22.80,
"2,8-CHO/OMe-phen",C=O.CO.c1cnc2c(c1)ccc1cccnc12,"2,8","CHO,OMe",C1=CC2=C(C3=C(C=CC=N3)C=C2)N=C1,2,18.80,
"2,8-CHO/Me-phen",C.C=O.c1cnc2c(c1)ccc1cccnc12,"2,8","CHO,Me",C1=CC2=C(C3=C(C=CC=N3)C=C2)N=C1,2,,
"2,8-CHO/Et-phen",C=O.CC.c1cnc2c(c1)ccc1cccnc12,"2,8","CHO,Et",C1=CC2=C(C3=C(C=CC=N3)C=C2)N=C1,2,17.80,
"2,8-OCF3/CN-phen",C#N.OC(F)(F)F.c1cnc2c(c1)ccc1cccnc12,"2,8","OCF3,CN",C1=CC2=C(C3=C(C=CC=N3)C=C2)N=C1,2,,
"2,8-OCF3/CHO-phen",C=O.OC(F)(F)F.c1cnc2c(c1)ccc1cccnc12,"2,8","OCF3,CHO",C1=CC2=C(C3=C(C=CC=N3)C=C2)N=C1,2,,
"2,8-(OCF3)2-phen",OC(F)(F)F.OC(F)(F)F.c1cnc2c(c1)ccc1cccnc12,"2,8","OCF3,OCF3",C1=CC2=C(C3=C(C=CC=N3)C=C2)N=C1,2,,
"2,8-OCF3/Cl-phen",Cl.OC(F)(F)F.c1cnc2c(c1)ccc1cccnc12,"2,8","OCF3,Cl",C1=CC2=C(C3=C(C=CC=N3)C=C2)N=C1,2,,
"2,8-OCF3/Br-phen",Br.OC(F)(F)F.c1cnc2c(c1)ccc1cccnc12,"2,8","OCF3,Br",C1=CC2=C(C3=C(C=CC=N3)C=C2)N=C1,2,,
"2,8-OCF3/NH2-phen",N.OC(F)(F)F.c1cnc2c(c1)ccc1cccnc12,"2,8","OCF3,NH2",C1=CC2=C(C3=C(C=CC=N3)C=C2)N=C1,2,,
"2,8-OCF3/OMe-phen",CO.OC(F)(F)F.c1cnc2c(c1)ccc1cccnc12,"2,8","OCF3,OMe",C1=CC2=C(C3=C(C=CC=N3)C=C2)N=C1,2,,
"2,8-OCF3/Me-phen",C.OC(F)(F)F.c1cnc2c(c1)ccc1cccnc12,"2,8","OCF3,Me",C1=CC2=C(C3=C(C=CC=N3)C=C2)N=C1,2,,
"2,8-OCF3/Et-phen",CC.OC(F)(F)F.c1cnc2c(c1)ccc1cccnc12,"2,8","OCF3,Et",C1=CC2=C(C3=C(C=CC=N3)C=C2)N=C1,2,,
"2,8-Cl/CN-phen",C#N.Cl.c1cnc2c(c1)ccc1cccnc12,"2,8","Cl,CN",C1=CC2=C(C3=C(C=CC=N3)C=C2)N=C1,2,,
"2,8-Cl/CHO-phen",C=O.Cl.c1cnc2c(c1)ccc1cccnc12,"2,8","Cl,CHO",C1=CC2=C(C3=C(C=CC=N3)C=C2)N=C1,2,,
"2,8-Cl/OCF3-phen",Cl.OC(F)(F)F.c1cnc2c(c1)ccc1cccnc12,"2,8","Cl,OCF3",C1=CC2=C(C3=C(C=CC=N3)C=C2)N=C1,2,,
"2,8-(Cl)2-phen",Cl.Cl.c1cnc2c(c1)ccc1cccnc12,"2,8","Cl,Cl",C1=CC2=C(C3=C(C=CC=N3)C=C2)N=C1,2,,
"2,8-Cl/Br-phen",Br.Cl.c1cnc2c(c1)ccc1cccnc12,"2,8","Cl,Br",C1=CC2=C(C3=C(C=CC=N3)C=C2)N=C1,2,,
"2,8-Cl/NH2-phen",Cl.N.c1cnc2c(c1)ccc1cccnc12,"2,8","Cl,NH2",C1=CC2=C(C3=C(C=CC=N3)C=C2)N=C1,2,,
"2,8-Cl/OMe-phen",CO.Cl.c1cnc2c(c1)ccc1cccnc12,"2,8","Cl,OMe",C1=CC2=C(C3=C(C=CC=N3)C=C2)N=C1,2,,
"2,8-Cl/Me-phen",C.Cl.c1cnc2c(c1)ccc1cccnc12,"2,8","Cl,Me",C1=CC2=C(C3=C(C=CC=N3)C=C2)N=C1,2,,
"2,8-Cl/Et-phen",CC.Cl.c1cnc2c(c1)ccc1cccnc12,"2,8","Cl,Et",C1=CC2=C(C3=C(C=CC=N3)C=C2)N=C1,2,,
"2,8-Br/CN-phen",Br.C#N.c1cnc2c(c1)ccc1cccnc12,"2,8","Br,CN",C1=CC2=C(C3=C(C=CC=N3)C=C2)N=C1,2,,
"2,8-Br/CHO-phen",Br.C=O.c1cnc2c(c1)ccc1cccnc12,"2,8","Br,CHO",C1=CC2=C(C3=C(C=CC=N3)C=C2)N=C1,2,,
"2,8-Br/OCF3-phen",Br.OC(F)(F)F.c1cnc2c(c1)ccc1cccnc12,"2,8","Br,OCF3",C1=CC2=C(C3=C(C=CC=N3)C=C2)N=C1,2,,
"2,8-Br/Cl-phen",Br.Cl.c1cnc2c(c1)ccc1cccnc12,"2,8","Br,Cl",C1=CC2=C(C3=C(C=CC=N3)C=C2)N=C1,2,,
"2,8-(Br)2-phen",Br.Br.c1cnc2c(c1)ccc1cccnc12,"2,8","Br,Br",C1=CC2=C(C3=C(C=CC=N3)C=C2)N=C1,2,,
"2,8-Br/NH2-phen",Br.N.c1cnc2c(c1)ccc1cccnc12,"2,8","Br,NH2",C1=CC2=C(C3=C(C=CC=N3)C=C2)N=C1,2,,
"2,8-Br/OMe-phen",Br.CO.c1cnc2c(c1)ccc1cccnc12,"2,8","Br,OMe",C1=CC2=C(C3=C(C=CC=N3)C=C2)N=C1,2,,
"2,8-Br/Me-phen",Br.C.c1cnc2c(c1)ccc1cccnc12,"2,8","Br,Me",C1=CC2=C(C3=C(C=CC=N3)C=C2)N=C1,2,,
"2,8-Br/Et-phen",Br.CC.c1cnc2c(c1)ccc1cccnc12,"2,8","Br,Et",C1=CC2=C(C3=C(C=CC=N3)C=C2)N=C1,2,,
"2,8-NH2/CN-phen",C#N.N.c1cnc2c(c1)ccc1cccnc12,"2,8","NH2,CN",C1=CC2=C(C3=C(C=CC=N3)C=C2)N=C1,2,27.00,
"2,8-NH2/CHO-phen",C=O.N.c1cnc2c(c1)ccc1cccnc12,"2,8","NH2,CHO",C1=CC2=C(C3=C(C=CC=N3)C=C2)N=C1,2,22.80,
"2,8-NH2/OCF3-phen",N.OC(F)(F)F.c1cnc2c(c1)ccc1cccnc12,"2,8","NH2,OCF3",C1=CC2=C(C3=C(C=CC=N3)C=C2)N=C1,2,,
"2,8-NH2/Cl-phen",Cl.N.c1cnc2c(c1)ccc1cccnc12,"2,8","NH2,Cl",C1=CC2=C(C3=C(C=CC=N3)C=C2)N=C1,2,,
"2,8-NH2/Br-phen",Br.N.c1cnc2c(c1)ccc1cccnc12,"2,8","NH2,Br",C1=CC2=C(C3=C(C=CC=N3)C=C2)N=C1,2,,
"2,8-(NH2)2-phen",N.N.c1cnc2c(c1)ccc1cccnc12,"2,8","NH2,NH2",C1=CC2=C(C3=C(C=CC=N3)C=C2)N=C1,2,18.00,
"2,8-NH2/OMe-phen",CO.N.c1cnc2c(c1)ccc1cccnc12,"2,8","NH2,OMe",C1=CC2=C(C3=C(C=CC=N3)C=C2)N=C1,2,14.00,
"2,8-NH2/Me-phen",C.N.c1cnc2c(c1)ccc1cccnc12,"2,8","NH2,Me",C1=CC2=C(C3=C(C=CC=N3)C=C2)N=C1,2,,
"2,8-NH2/Et-phen",CC.N.c1cnc2c(c1)ccc1cccnc12,"2,8","NH2,Et",C1=CC2=C(C3=C(C=CC=N3)C=C2)N=C1,2,13.00,
"2,8-OMe/CN-phen",C#N.CO.c1cnc2c(c1)ccc1cccnc12,"2,8","OMe,CN",C1=CC2=C(C3=C(C=CC=N3)C=C2)N=C1,2,23.00,
"2,8-OMe/CHO-phen",C=O.CO.c1cnc2c(c1)ccc1cccnc12,"2,8","OMe,CHO",C1=CC2=C(C3=C(C=CC=N3)C=C2)N=C1,2,18.80,
"2,8-OMe/OCF3-phen",CO.OC(F)(F)F.c1cnc2c(c1)ccc1cccnc12,"2,8","OMe,OCF3",C1=CC2=C(C3=C(C=CC=N3)C=C2)N=C1,2,,
"2,8-OMe/Cl-phen",CO.Cl.c1cnc2c(c1)ccc1cccnc12,"2,8","OMe,Cl",C1=CC2=C(C3=C(C=CC=N3)C=C2)N=C1,2,,
"2,8-OMe/Br-phen",Br.CO.c1cnc2c(c1)ccc1cccnc12,"2,8","OMe,Br",C1=CC2=C(C3=C(C=CC=N3)C=C2)N=C1,2,,
"2,8-OMe/NH2-phen",CO.N.c1cnc2c(c1)ccc1cccnc12,"2,8","OMe,NH2",C1=CC2=C(C3=C(C=CC=N3)C=C2)N=C1,2,14.00,
"2,8-(OMe)2-phen",CO.CO.c1cnc2c(c1)ccc1cccnc12,"2,8","OMe,OMe",C1=CC2=C(C3=C(C=CC=N3)C=C2)N=C1,2,10.00,
"2,8-OMe/Me-phen",C.CO.c1cnc2c(c1)ccc1cccnc12,"2,8","OMe,Me",C1=CC2=C(C3=C(C=CC=N3)C=C2)N=C1,2,,
"2,8-OMe/Et-phen",CC.CO.c1cnc2c(c1)ccc1cccnc12,"2,8","OMe,Et",C1=CC2=C(C3=C(C=CC=N3)C=C2)N=C1,2,9.00,
"2,8-Me/CN-phen",C.C#N.c1cnc2c(c1)ccc1cccnc12,"2,8","Me,CN",C1=CC2=C(C3=C(C=CC=N3)C=C2)N=C1,2,,
"2,8-Me/CHO-phen",C.C=O.c1cnc2c(c1)ccc1cccnc12,"2,8","Me,CHO",C1=CC2=C(C3=C(C=CC=N3)C=C2)N=C1,2,,
"2,8-Me/OCF3-phen",C.OC(F)(F)F.c1cnc2c(c1)ccc1cccnc12,"2,8","Me,OCF3",C1=CC2=C(C3=C(C=CC=N3)C=C2)N=C1,2,,
"2,8-Me/Cl-phen",C.Cl.c1cnc2c(c1)ccc1cccnc12,"2,8","Me,Cl",C1=CC2=C(C3=C(C=CC=N3)C=C2)N=C1,2,,
"2,8-Me/Br-phen",Br.C.c1cnc2c(c1)ccc1cccnc12,"2,8","Me,Br",C1=CC2=C(C3=C(C=CC=N3)C=C2)N=C1,2,,
"2,8-Me/NH2-phen",C.N.c1cnc2c(c1)ccc1cccnc12,"2,8","Me,NH2",C1=CC2=C(C3=C(C=CC=N3)C=C2)N=C1,2,,
"2,8-Me/OMe-phen",C.CO.c1cnc2c(c1)ccc1cccnc12,"2,8","Me,OMe",C1=CC2=C(C3=C(C=CC=N3)C=C2)N=C1,2,,
"2,8-(Me)2-phen",C.C.c1cnc2c(c1)ccc1cccnc12,"2,8","Me,Me",C1=CC2=C(C3=C(C=CC=N3)C=C2)N=C1,2,,
"2,8-Me/Et-phen",C.CC.c1cnc2c(c1)ccc1cccnc12,"2,8","Me,Et",C1=CC2=C(C3=C(C=CC=N3)C=C2)N=C1,2,,
"2,8-Et/CN-phen",C#N.CC.c1cnc2c(c1)ccc1cccnc12,"2,8","Et,CN",C1=CC2=C(C3=C(C=CC=N3)C=C2)N=C1,2,22.00,
"2,8-Et/CHO-phen",C=O.CC.c1cnc2c(c1)ccc1cccnc12,"2,8","Et,CHO",C1=CC2=C(C3=C(C=CC=N3)C=C2)N=C1,2,17.80,
"2,8-Et/OCF3-phen",CC.OC(F)(F)F.c1cnc2c(c1)ccc1cccnc12,"2,8","Et,OCF3",C1=CC2=C(C3=C(C=CC=N3)C=C2)N=C1,2,,
"2,8-Et/Cl-phen",CC.Cl.c1cnc2c(c1)ccc1cccnc12,"2,8","Et,Cl",C1=CC2=C(C3=C(C=CC=N3)C=C2)N=C1,2,,
"2,8-Et/Br-phen",Br.CC.c1cnc2c(c1)ccc1cccnc12,"2,8","Et,Br",C1=CC2=C(C3=C(C=CC=N3)C=C2)N=C1,2,,
"2,8-Et/NH2-phen",CC.N.c1cnc2c(c1)ccc1cccnc12,"2,8","Et,NH2",C1=CC2=C(C3=C(C=CC=N3)C=C2)N=C1,2,13.00,
"2,8-Et/OMe-phen",CC.CO.c1cnc2c(c1)ccc1cccnc12,"2,8","Et,OMe",C1=CC2=C(C3=C(C=CC=N3)C=C2)N=C1,2,9.00,
"2,8-Et/Me-phen",C.CC.c1cnc2c(c1)ccc1cccnc12,"2,8","Et,Me",C1=CC2=C(C3=C(C=CC=N3)C=C2)N=C1,2,,
"2,8-(Et)2-phen",CC.CC.c1cnc2c(c1)ccc1cccnc12,"2,8","Et,Et",C1=CC2=C(C3=C(C=CC=N3)C=C2)N=C1,2,8.00,
"2,9-(CN)2-phen",C#N.C#N.c1cnc2c(c1)ccc1cccnc12,"2,9","CN,CN",C1=CC2=C(C3=C(C=CC=N3)C=C2)N=C1,2,36.00,
"2,9-CN/CHO-phen",C#N.C=O.c1cnc2c(c1)ccc1cccnc12,"2,9","CN,CHO",C1=CC2=C(C3=C(C=CC=N3)C=C2)N=C1,2,31.80,
"2,9-CN/OCF3-phen",C#N.OC(F)(F)F.c1cnc2c(c1)ccc1cccnc12,"2,9","CN,OCF3",C1=CC2=C(C3=C(C=CC=N3)C=C2)N=C1,2,,
"2,9-CN/Cl-phen",C#N.Cl.c1cnc2c(c1)ccc1cccnc12,"2,9","CN,Cl",C1=CC2=C(C3=C(C=CC=N3)C=C2)N=C1,2,,
"2,9-CN/Br-phen",Br.C#N.c1cnc2c(c1)ccc1cccnc12,"2,9","CN,Br",C1=CC2=C(C3=C(C=CC=N3)C=C2)N=C1,2,,
"2,9-CN/NH2-phen",C#N.N.c1cnc2c(c1)ccc1cccnc12,"2,9","CN,NH2",C1=CC2=C(C3=C(C=CC=N3)C=C2)N=C1,2,27.00,
"2,9-CN/OMe-phen",C#N.CO.c1cnc2c(c1)ccc1cccnc12,"2,9","CN,OMe",C1=CC2=C(C3=C(C=CC=N3)C=C2)N=C1,2,23.00,
"2,9-CN/Me-phen",C.C#N.c1cnc2c(c1)ccc1cccnc12,"2,9","CN,Me",C1=CC2=C(C3=C(C=CC=N3)C=C2)N=C1,2,,
"2,9-CN/Et-phen",C#N.CC.c1cnc2c(c1)ccc1cccnc12,"2,9","CN,Et",C1=CC2=C(C3=C(C=CC=N3)C=C2)N=C1,2,22.00,
"2,9-CHO/CN-phen",C#N.C=O.c1cnc2c(c1)ccc1cccnc12,"2,9","CHO,CN",C1=CC2=C(C3=C(C=CC=N3)C=C2)N=C1,2,31.80,
"2,9-(CHO)2-phen",C=O.C=O.c1cnc2c(c1)ccc1cccnc12,"2,9","CHO,CHO",C1=CC2=C(C3=C(C=CC=N3)C=C2)N=C1,2,27.60,
"2,9-CHO/OCF3-phen",C=O.OC(F)(F)F.c1cnc2c(c1)ccc1cccnc12,"2,9","CHO,OCF3",C1=CC2=C(C3=C(C=CC=N3)C=C2)N=C1,2,,
"2,9-CHO/Cl-phen",C=O.Cl.c1cnc2c(c1)ccc1cccnc12,"2,9","CHO,Cl",C1=CC2=C(C3=C(C=CC=N3)C=C2)N=C1,2,,
"2,9-CHO/Br-phen",Br.C=O.c1cnc2c(c1)ccc1cccnc12,"2,9","CHO,Br",C1=CC2=C(C3=C(C=CC=N3)C=C2)N=C1,2,,
"2,9-CHO/NH2-phen",C=O.N.c1cnc2c(c1)ccc1cccnc12,"2,9","CHO,NH2",C1=CC2=C(C3=C(C=CC=N3)C=C2)N=C1,2,22.80,
"2,9-CHO/OMe-phen",C=O.CO.c1cnc2c(c1)ccc1cccnc12,"2,9","CHO,OMe",C1=CC2=C(C3=C(C=CC=N3)C=C2)N=C1,2,18.80,
"2,9-CHO/Me-phen",C.C=O.c1cnc2c(c1)ccc1cccnc12,"2,9","CHO,Me",C1=CC2=C(C3=C(C=CC=N3)C=C2)N=C1,2,,
"2,9-CHO/Et-phen",C=O.CC.c1cnc2c(c1)ccc1cccnc12,"2,9","CHO,Et",C1=CC2=C(C3=C(C=CC=N3)C=C2)N=C1,2,17.80,
"2,9-OCF3/CN-phen",C#N.OC(F)(F)F.c1cnc2c(c1)ccc1cccnc12,"2,9","OCF3,CN",C1=CC2=C(C3=C(C=CC=N3)C=C2)N=C1,2,,
"2,9-OCF3/CHO-phen",C=O.OC(F)(F)F.c1cnc2c(c1)ccc1cccnc12,"2,9","OCF3,CHO",C1=CC2=C(C3=C(C=CC=N3)C=C2)N=C1,2,,
"2,9-(OCF3)2-phen",OC(F)(F)F.OC(F)(F)F.c1cnc2c(c1)ccc1cccnc12,"2,9","OCF3,OCF3",C1=CC2=C(C3=C(C=CC=N3)C=C2)N=C1,2,,
"2,9-OCF3/Cl-phen",Cl.OC(F)(F)F.c1cnc2c(c1)ccc1cccnc12,"2,9","OCF3,Cl",C1=CC2=C(C3=C(C=CC=N3)C=C2)N=C1,2,,
"2,9-OCF3/Br-phen",Br.OC(F)(F)F.c1cnc2c(c1)ccc1cccnc12,"2,9","OCF3,Br",C1=CC2=C(C3=C(C=CC=N3)C=C2)N=C1,2,,
"2,9-OCF3/NH2-phen",N.OC(F)(F)F.c1cnc2c(c1)ccc1cccnc12,"2,9","OCF3,NH2",C1=CC2=C(C3=C(C=CC=N3)C=C2)N=C1,2,,
"2,9-OCF3/OMe-phen",CO.OC(F)(F)F.c1cnc2c(c1)ccc1cccnc12,"2,9","OCF3,OMe",C1=CC2=C(C3=C(C=CC=N3)C=C2)N=C1,2,,
"2,9-OCF3/Me-phen",C.OC(F)(F)F.c1cnc2c(c1)ccc1cccnc12,"2,9","OCF3,Me",C1=CC2=C(C3=C(C=CC=N3)C=C2)N=C1,2,,
"2,9-OCF3/Et-phen",CC.OC(F)(F)F.c1cnc2c(c1)ccc1cccnc12,"2,9","OCF3,Et",C1=CC2=C(C3=C(C=CC=N3)C=C2)N=C1,2,,
"2,9-Cl/CN-phen",C#N.Cl.c1cnc2c(c1)ccc1cccnc12,"2,9","Cl,CN",C1=CC2=C(C3=C(C=CC=N3)C=C2)N=C1,2,,
"2,9-Cl/CHO-phen",C=O.Cl.c1cnc2c(c1)ccc1cccnc12,"2,9","Cl,CHO",C1=CC2=C(C3=C(C=CC=N3)C=C2)N=C1,2,,
"2,9-Cl/OCF3-phen",Cl.OC(F)(F)F.c1cnc2c(c1)ccc1cccnc12,"2,9","Cl,OCF3",C1=CC2=C(C3=C(C=CC=N3)C=C2)N=C1,2,,
"2,9-(Cl)2-phen",Cl.Cl.c1cnc2c(c1)ccc1cccnc12,"2,9","Cl,Cl",C1=CC2=C(C3=C(C=CC=N3)C=C2)N=C1,2,,
"2,9-Cl/Br-phen",Br.Cl.c1cnc2c(c1)ccc1cccnc12,"2,9","Cl,Br",C1=CC2=C(C3=C(C=CC=N3)C=C2)N=C1,2,,
"2,9-Cl/NH2-phen",Cl.N.c1cnc2c(c1)ccc1cccnc12,"2,9","Cl,NH2",C1=CC2=C(C3=C(C=CC=N3)C=C2)N=C1,2,,
"2,9-Cl/OMe-phen",CO.Cl.c1cnc2c(c1)ccc1cccnc12,"2,9","Cl,OMe",C1=CC2=C(C3=C(C=CC=N3)C=C2)N=C1,2,,
"2,9-Cl/Me-phen",C.Cl.c1cnc2c(c1)ccc1cccnc12,"2,9","Cl,Me",C1=CC2=C(C3=C(C=CC=N3)C=C2)N=C1,2,,
"2,9-Cl/Et-phen",CC.Cl.c1cnc2c(c1)ccc1cccnc12,"2,9","Cl,Et",C1=CC2=C(C3=C(C=CC=N3)C=C2)N=C1,2,,
"2,9-Br/CN-phen",Br.C#N.c1cnc2c(c1)ccc1cccnc12,"2,9","Br,CN",C1=CC2=C(C3=C(C=CC=N3)C=C2)N=C1,2,,
"2,9-Br/CHO-phen",Br.C=O.c1cnc2c(c1)ccc1cccnc12,"2,9","Br,CHO",C1=CC2=C(C3=C(C=CC=N3)C=C2)N=C1,2,,
"2,9-Br/OCF3-phen",Br.OC(F)(F)F.c1cnc2c(c1)ccc1cccnc12,"2,9","Br,OCF3",C1=CC2=C(C3=C(C=CC=N3)C=C2)N=C1,2,,
"2,9-Br/Cl-phen",Br.Cl.c1cnc2c(c1)ccc1cccnc12,"2,9","Br,Cl",C1=CC2=C(C3=C(C=CC=N3)C=C2)N=C1,2,,
"2,9-(Br)2-phen",Br.Br.c1cnc2c(c1)ccc1cccnc12,"2,9","Br,Br",C1=CC2=C(C3=C(C=CC=N3)C=C2)N=C1,2,,
"2,9-Br/NH2-phen",Br.N.c1cnc2c(c1)ccc1cccnc12,"2,9","Br,NH2",C1=CC2=C(C3=C(C=CC=N3)C=C2)N=C1,2,,
"2,9-Br/OMe-phen",Br.CO.c1cnc2c(c1)ccc1cccnc12,"2,9","Br,OMe",C1=CC2=C(C3=C(C=CC=N3)C=C2)N=C1,2,,
"2,9-Br/Me-phen",Br.C.c1cnc2c(c1)ccc1cccnc12,"2,9","Br,Me",C1=CC2=C(C3=C(C=CC=N3)C=C2)N=C1,2,,
"2,9-Br/Et-phen",Br.CC.c1cnc2c(c1)ccc1cccnc12,"2,9","Br,Et",C1=CC2=C(C3=C(C=CC=N3)C=C2)N=C1,2,,
"2,9-NH2/CN-phen",C#N.N.c1cnc2c(c1)ccc1cccnc12,"2,9","NH2,CN",C1=CC2=C(C3=C(C=CC=N3)C=C2)N=C1,2,27.00,
"2,9-NH2/CHO-phen",C=O.N.c1cnc2c(c1)ccc1cccnc12,"2,9","NH2,CHO",C1=CC2=C(C3=C(C=CC=N3)C=C2)N=C1,2,22.80,
"2,9-NH2/OCF3-phen",N.OC(F)(F)F.c1cnc2c(c1)ccc1cccnc12,"2,9","NH2,OCF3",C1=CC2=C(C3=C(C=CC=N3)C=C2)N=C1,2,,
"2,9-NH2/Cl-phen",Cl.N.c1cnc2c(c1)ccc1cccnc12,"2,9","NH2,Cl",C1=CC2=C(C3=C(C=CC=N3)C=C2)N=C1,2,,
"2,9-NH2/Br-phen",Br.N.c1cnc2c(c1)ccc1cccnc12,"2,9","NH2,Br",C1=CC2=C(C3=C(C=CC=N3)C=C2)N=C1,2,,
"2,9-(NH2)2-phen",N.N.c1cnc2c(c1)ccc1cccnc12,"2,9","NH2,NH2",C1=CC2=C(C3=C(C=CC=N3)C=C2)N=C1,2,18.00,
"2,9-NH2/OMe-phen",CO.N.c1cnc2c(c1)ccc1cccnc12,"2,9","NH2,OMe",C1=CC2=C(C3=C(C=CC=N3)C=C2)N=C1,2,14.00,
"2,9-NH2/Me-phen",C.N.c1cnc2c(c1)ccc1cccnc12,"2,9","NH2,Me",C1=CC2=C(C3=C(C=CC=N3)C=C2)N=C1,2,,
"2,9-NH2/Et-phen",CC.N.c1cnc2c(c1)ccc1cccnc12,"2,9","NH2,Et",C1=CC2=C(C3=C(C=CC=N3)C=C2)N=C1,2,13.00,
"2,9-OMe/CN-phen",C#N.CO.c1cnc2c(c1)ccc1cccnc12,"2,9","OMe,CN",C1=CC2=C(C3=C(C=CC=N3)C=C2)N=C1,2,23.00,
"2,9-OMe/CHO-phen",C=O.CO.c1cnc2c(c1)ccc1cccnc12,"2,9","OMe,CHO",C1=CC2=C(C3=C(C=CC=N3)C=C2)N=C1,2,18.80,
"2,9-OMe/OCF3-phen",CO.OC(F)(F)F.c1cnc2c(c1)ccc1cccnc12,"2,9","OMe,OCF3",C1=CC2=C(C3=C(C=CC=N3)C=C2)N=C1,2,,
"2,9-OMe/Cl-phen",CO.Cl.c1cnc2c(c1)ccc1cccnc12,"2,9","OMe,Cl",C1=CC2=C(C3=C(C=CC=N3)C=C2)N=C1,2,,
"2,9-OMe/Br-phen",Br.CO.c1cnc2c(c1)ccc1cccnc12,"2,9","OMe,Br",C1=CC2=C(C3=C(C=CC=N3)C=C2)N=C1,2,,
"2,9-OMe/NH2-phen",CO.N.c1cnc2c(c1)ccc1cccnc12,"2,9","OMe,NH2",C1=CC2=C(C3=C(C=CC=N3)C=C2)N=C1,2,14.00,
"2,9-(OMe)2-phen",CO.CO.c1cnc2c(c1)ccc1cccnc12,"2,9","OMe,OMe",C1=CC2=C(C3=C(C=CC=N3)C=C2)N=C1,2,10.00,
"2,9-OMe/Me-phen",C.CO.c1cnc2c(c1)ccc1cccnc12,"2,9","OMe,Me",C1=CC2=C(C3=C(C=CC=N3)C=C2)N=C1,2,,
"2,9-OMe/Et-phen",CC.CO.c1cnc2c(c1)ccc1cccnc12,"2,9","OMe,Et",C1=CC2=C(C3=C(C=CC=N3)C=C2)N=C1,2,9.00,
"2,9-Me/CN-phen",C.C#N.c1cnc2c(c1)ccc1cccnc12,"2,9","Me,CN",C1=CC2=C(C3=C(C=CC=N3)C=C2)N=C1,2,,
"2,9-Me/CHO-phen",C.C=O.c1cnc2c(c1)ccc1cccnc12,"2,9","Me,CHO",C1=CC2=C(C3=C(C=CC=N3)C=C2)N=C1,2,,
"2,9-Me/OCF3-phen",C.OC(F)(F)F.c1cnc2c(c1)ccc1cccnc12,"2,9","Me,OCF3",C1=CC2=C(C3=C(C=CC=N3)C=C2)N=C1,2,,
"2,9-Me/Cl-phen",C.Cl.c1cnc2c(c1)ccc1cccnc12,"2,9","Me,Cl",C1=CC2=C(C3=C(C=CC=N3)C=C2)N=C1,2,,
"2,9-Me/Br-phen",Br.C.c1cnc2c(c1)ccc1cccnc12,"2,9","Me,Br",C1=CC2=C(C3=C(C=CC=N3)C=C2)N=C1,2,,
"2,9-Me/NH2-phen",C.N.c1cnc2c(c1)ccc1cccnc12,"2,9","Me,NH2",C1=CC2=C(C3=C(C=CC=N3)C=C2)N=C1,2,,
"2,9-Me/OMe-phen",C.CO.c1cnc2c(c1)ccc1cccnc12,"2,9","Me,OMe",C1=CC2=C(C3=C(C=CC=N3)C=C2)N=C1,2,,
"2,9-(Me)2-phen",C.C.c1cnc2c(c1)ccc1cccnc12,"2,9","Me,Me",C1=CC2=C(C3=C(C=CC=N3)C=C2)N=C1,2,,
"2,9-Me/Et-phen",C.CC.c1cnc2c(c1)ccc1cccnc12,"2,9","Me,Et",C1=CC2=C(C3=C(C=CC=N3)C=C2)N=C1,2,,
"2,9-Et/CN-phen",C#N.CC.c1cnc2c(c1)ccc1cccnc12,"2,9","Et,CN",C1=CC2=C(C3=C(C=CC=N3)C=C2)N=C1,2,22.00,
"2,9-Et/CHO-phen",C=O.CC.c1cnc2c(c1)ccc1cccnc12,"2,9","Et,CHO",C1=CC2=C(C3=C(C=CC=N3)C=C2)N=C1,2,17.80,
"2,9-Et/OCF3-phen",CC.OC(F)(F)F.c1cnc2c(c1)ccc1cccnc12,"2,9","Et,OCF3",C1=CC2=C(C3=C(C=CC=N3)C=C2)N=C1,2,,
"2,9-Et/Cl-phen",CC.Cl.c1cnc2c(c1)ccc1cccnc12,"2,9","Et,Cl",C1=CC2=C(C3=C(C=CC=N3)C=C2)N=C1,2,,
"2,9-Et/Br-phen",Br.CC.c1cnc2c(c1)ccc1cccnc12,"2,9","Et,Br",C1=CC2=C(C3=C(C=CC=N3)C=C2)N=C1,2,,
"2,9-Et/NH2-phen",CC.N.c1cnc2c(c1)ccc1cccnc12,"2,9","Et,NH2",C1=CC2=C(C3=C(C=CC=N3)C=C2)N=C1,2,13.00,
"2,9-Et/OMe-phen",CC.CO.c1cnc2c(c1)ccc1cccnc12,"2,9","Et,OMe",C1=CC2=C(C3=C(C=CC=N3)C=C2)N=C1,2,9.00,
"2,9-Et/Me-phen",C.CC.c1cnc2c(c1)ccc1cccnc12,"2,9","Et,Me",C1=CC2=C(C3=C(C=CC=N3)C=C2)N=C1,2,,
"2,9-(Et)2-phen",CC.CC.c1cnc2c(c1)ccc1cccnc12,"2,9","Et,Et",C1=CC2=C(C3=C(C=CC=N3)C=C2)N=C1,2,8.00,
"3,4-(CN)2-phen",C#N.C#N.c1cnc2c(c1)ccc1cccnc12,"3,4","CN,CN",C1=CC2=C(C3=C(C=CC=N3)C=C2)N=C1,2,36.00,
"3,4-CN/CHO-phen",C#N.C=O.c1cnc2c(c1)ccc1cccnc12,"3,4","CN,CHO",C1=CC2=C(C3=C(C=CC=N3)C=C2)N=C1,2,31.80,
"3,4-CN/OCF3-phen",C#N.OC(F)(F)F.c1cnc2c(c1)ccc1cccnc12,"3,4","CN,OCF3",C1=CC2=C(C3=C(C=CC=N3)C=C2)N=C1,2,,
"3,4-CN/Cl-phen",C#N.Cl.c1cnc2c(c1)ccc1cccnc12,"3,4","CN,Cl",C1=CC2=C(C3=C(C=CC=N3)C=C2)N=C1,2,,
"3,4-CN/Br-phen",Br.C#N.c1cnc2c(c1)ccc1cccnc12,"3,4","CN,Br",C1=CC2=C(C3=C(C=CC=N3)C=C2)N=C1,2,,
"3,4-CN/NH2-phen",C#N.N.c1cnc2c(c1)ccc1cccnc12,"3,4","CN,NH2",C1=CC2=C(C3=C(C=CC=N3)C=C2)N=C1,2,27.00,
"3,4-CN/OMe-phen",C#N.CO.c1cnc2c(c1)ccc1cccnc12,"3,4","CN,OMe",C1=CC2=C(C3=C(C=CC=N3)C=C2)N=C1,2,23.00,
"3,4-CN/Me-phen",C.C#N.c1cnc2c(c1)ccc1cccnc12,"3,4","CN,Me",C1=CC2=C(C3=C(C=CC=N3)C=C2)N=C1,2,,
"3,4-CN/Et-phen",C#N.CC.c1cnc2c(c1)ccc1cccnc12,"3,4","CN,Et",C1=CC2=C(C3=C(C=CC=N3)C=C2)N=C1,2,22.00,
"3,4-CHO/CN-phen",C#N.C=O.c1cnc2c(c1)ccc1cccnc12,"3,4","CHO,CN",C1=CC2=C(C3=C(C=CC=N3)C=C2)N=C1,2,31.80,
"3,4-(CHO)2-phen",C=O.C=O.c1cnc2c(c1)ccc1cccnc12,"3,4","CHO,CHO",C1=CC2=C(C3=C(C=CC=N3)C=C2)N=C1,2,27.60,
"3,4-CHO/OCF3-phen",C=O.OC(F)(F)F.c1cnc2c(c1)ccc1cccnc12,"3,4","CHO,OCF3",C1=CC2=C(C3=C(C=CC=N3)C=C2)N=C1,2,,
"3,4-CHO/Cl-phen",C=O.Cl.c1cnc2c(c1)ccc1cccnc12,"3,4","CHO,Cl",C1=CC2=C(C3=C(C=CC=N3)C=C2)N=C1,2,,
"3,4-CHO/Br-phen",Br.C=O.c1cnc2c(c1)ccc1cccnc12,"3,4","CHO,Br",C1=CC2=C(C3=C(C=CC=N3)C=C2)N=C1,2,,
"3,4-CHO/NH2-phen",C=O.N.c1cnc2c(c1)ccc1cccnc12,"3,4","CHO,NH2",C1=CC2=C(C3=C(C=CC=N3)C=C2)N=C1,2,22.80,
"3,4-CHO/OMe-phen",C=O.CO.c1cnc2c(c1)ccc1cccnc12,"3,4","CHO,OMe",C1=CC2=C(C3=C(C=CC=N3)C=C2)N=C1,2,18.80,
"3,4-CHO/Me-phen",C.C=O.c1cnc2c(c1)ccc1cccnc12,"3,4","CHO,Me",C1=CC2=C(C3=C(C=CC=N3)C=C2)N=C1,2,,
"3,4-CHO/Et-phen",C=O.CC.c1cnc2c(c1)ccc1cccnc12,"3,4","CHO,Et",C1=CC2=C(C3=C(C=CC=N3)C=C2)N=C1,2,17.80,
"3,4-OCF3/CN-phen",C#N.OC(F)(F)F.c1cnc2c(c1)ccc1cccnc12,"3,4","OCF3,CN",C1=CC2=C(C3=C(C=CC=N3)C=C2)N=C1,2,,
"3,4-OCF3/CHO-phen",C=O.OC(F)(F)F.c1cnc2c(c1)ccc1cccnc12,"3,4","OCF3,CHO",C1=CC2=C(C3=C(C=CC=N3)C=C2)N=C1,2,,
"3,4-(OCF3)2-phen",OC(F)(F)F.OC(F)(F)F.c1cnc2c(c1)ccc1cccnc12,"3,4","OCF3,OCF3",C1=CC2=C(C3=C(C=CC=N3)C=C2)N=C1,2,,
"3,4-OCF3/Cl-phen",Cl.OC(F)(F)F.c1cnc2c(c1)ccc1cccnc12,"3,4","OCF3,Cl",C1=CC2=C(C3=C(C=CC=N3)C=C2)N=C1,2,,
"3,4-OCF3/Br-phen",Br.OC(F)(F)F.c1cnc2c(c1)ccc1cccnc12,"3,4","OCF3,Br",C1=CC2=C(C3=C(C=CC=N3)C=C2)N=C1,2,,
"3,4-OCF3/NH2-phen",N.OC(F)(F)F.c1cnc2c(c1)ccc1cccnc12,"3,4","OCF3,NH2",C1=CC2=C(C3=C(C=CC=N3)C=C2)N=C1,2,,
"3,4-OCF3/OMe-phen",CO.OC(F)(F)F.c1cnc2c(c1)ccc1cccnc12,"3,4","OCF3,OMe",C1=CC2=C(C3=C(C=CC=N3)C=C2)N=C1,2,,
"3,4-OCF3/Me-phen",C.OC(F)(F)F.c1cnc2c(c1)ccc1cccnc12,"3,4","OCF3,Me",C1=CC2=C(C3=C(C=CC=N3)C=C2)N=C1,2,,
"3,4-OCF3/Et-phen",CC.OC(F)(F)F.c1cnc2c(c1)ccc1cccnc12,"3,4","OCF3,Et",C1=CC2=C(C3=C(C=CC=N3)C=C2)N=C1,2,,
"3,4-Cl/CN-phen",C#N.Cl.c1cnc2c(c1)ccc1cccnc12,"3,4","Cl,CN",C1=CC2=C(C3=C(C=CC=N3)C=C2)N=C1,2,,
"3,4-Cl/CHO-phen",C=O.Cl.c1cnc2c(c1)ccc1cccnc12,"3,4","Cl,CHO",C1=CC2=C(C3=C(C=CC=N3)C=C2)N=C1,2,,
"3,4-Cl/OCF3-phen",Cl.OC(F)(F)F.c1cnc2c(c1)ccc1cccnc12,"3,4","Cl,OCF3",C1=CC2=C(C3=C(C=CC=N3)C=C2)N=C1,2,,
"3,4-(Cl)2-phen",Cl.Cl.c1cnc2c(c1)ccc1cccnc12,"3,4","Cl,Cl",C1=CC2=C(C3=C(C=CC=N3)C=C2)N=C1,2,,
"3,4-Cl/Br-phen",Br.Cl.c1cnc2c(c1)ccc1cccnc12,"3,4","Cl,Br",C1=CC2=C(C3=C(C=CC=N3)C=C2)N=C1,2,,
"3,4-Cl/NH2-phen",Cl.N.c1cnc2c(c1)ccc1cccnc12,"3,4","Cl,NH2",C1=CC2=C(C3=C(C=CC=N3)C=C2)N=C1,2,,
"3,4-Cl/OMe-phen",CO.Cl.c1cnc2c(c1)ccc1cccnc12,"3,4","Cl,OMe",C1=CC2=C(C3=C(C=CC=N3)C=C2)N=C1,2,,
"3,4-Cl/Me-phen",C.Cl.c1cnc2c(c1)ccc1cccnc12,"3,4","Cl,Me",C1=CC2=C(C3=C(C=CC=N3)C=C2)N=C1,2,,
"3,4-Cl/Et-phen",CC.Cl.c1cnc2c(c1)ccc1cccnc12,"3,4","Cl,Et",C1=CC2=C(C3=C(C=CC=N3)C=C2)N=C1,2,,
"3,4-Br/CN-phen",Br.C#N.c1cnc2c(c1)ccc1cccnc12,"3,4","Br,CN",C1=CC2=C(C3=C(C=CC=N3)C=C2)N=C1,2,,
"3,4-Br/CHO-phen",Br.C=O.c1cnc2c(c1)ccc1cccnc12,"3,4","Br,CHO",C1=CC2=C(C3=C(C=CC=N3)C=C2)N=C1,2,,
"3,4-Br/OCF3-phen",Br.OC(F)(F)F.c1cnc2c(c1)ccc1cccnc12,"3,4","Br,OCF3",C1=CC2=C(C3=C(C=CC=N3)C=C2)N=C1,2,,
"3,4-Br/Cl-phen",Br.Cl.c1cnc2c(c1)ccc1cccnc12,"3,4","Br,Cl",C1=CC2=C(C3=C(C=CC=N3)C=C2)N=C1,2,,
"3,4-(Br)2-phen",Br.Br.c1cnc2c(c1)ccc1cccnc12,"3,4","Br,Br",C1=CC2=C(C3=C(C=CC=N3)C=C2)N=C1,2,,
"3,4-Br/NH2-phen",Br.N.c1cnc2c(c1)ccc1cccnc12,"3,4","Br,NH2",C1=CC2=C(C3=C(C=CC=N3)C=C2)N=C1,2,,
"3,4-Br/OMe-phen",Br.CO.c1cnc2c(c1)ccc1cccnc12,"3,4","Br,OMe",C1=CC2=C(C3=C(C=CC=N3)C=C2)N=C1,2,,
"3,4-Br/Me-phen",Br.C.c1cnc2c(c1)ccc1cccnc12,"3,4","Br,Me",C1=CC2=C(C3=C(C=CC=N3)C=C2)N=C1,2,,
"3,4-Br/Et-phen",Br.CC.c1cnc2c(c1)ccc1cccnc12,"3,4","Br,Et",C1=CC2=C(C3=C(C=CC=N3)C=C2)N=C1,2,,
"3,4-NH2/CN-phen",C#N.N.c1cnc2c(c1)ccc1cccnc12,"3,4","NH2,CN",C1=CC2=C(C3=C(C=CC=N3)C=C2)N=C1,2,27.00,
"3,4-NH2/CHO-phen",C=O.N.c1cnc2c(c1)ccc1cccnc12,"3,4","NH2,CHO",C1=CC2=C(C3=C(C=CC=N3)C=C2)N=C1,2,22.80,
"3,4-NH2/OCF3-phen",N.OC(F)(F)F.c1cnc2c(c1)ccc1cccnc12,"3,4","NH2,OCF3",C1=CC2=C(C3=C(C=CC=N3)C=C2)N=C1,2,,
"3,4-NH2/Cl-phen",Cl.N.c1cnc2c(c1)ccc1cccnc12,"3,4","NH2,Cl",C1=CC2=C(C3=C(C=CC=N3)C=C2)N=C1,2,,
"3,4-NH2/Br-phen",Br.N.c1cnc2c(c1)ccc1cccnc12,"3,4","NH2,Br",C1=CC2=C(C3=C(C=CC=N3)C=C2)N=C1,2,,
"3,4-(NH2)2-phen",N.N.c1cnc2c(c1)ccc1cccnc12,"3,4","NH2,NH2",C1=CC2=C(C3=C(C=CC=N3)C=C2)N=C1,2,18.00,
"3,4-NH2/OMe-phen",CO.N.c1cnc2c(c1)ccc1cccnc12,"3,4","NH2,OMe",C1=CC2=C(C3=C(C=CC=N3)C=C2)N=C1,2,14.00,
"3,4-NH2/Me-phen",C.N.c1cnc2c(c1)ccc1cccnc12,"3,4","NH2,Me",C1=CC2=C(C3=C(C=CC=N3)C=C2)N=C1,2,,
"3,4-NH2/Et-phen",CC.N.c1cnc2c(c1)ccc1cccnc12,"3,4","NH2,Et",C1=CC2=C(C3=C(C=CC=N3)C=C2)N=C1,2,13.00,
"3,4-OMe/CN-phen",C#N.CO.c1cnc2c(c1)ccc1cccnc12,"3,4","OMe,CN",C1=CC2=C(C3=C(C=CC=N3)C=C2)N=C1,2,23.00,
"3,4-OMe/CHO-phen",C=O.CO.c1cnc2c(c1)ccc1cccnc12,"3,4","OMe,CHO",C1=CC2=C(C3=C(C=CC=N3)C=C2)N=C1,2,18.80,
"3,4-OMe/OCF3-phen",CO.OC(F)(F)F.c1cnc2c(c1)ccc1cccnc12,"3,4","OMe,OCF3",C1=CC2=C(C3=C(C=CC=N3)C=C2)N=C1,2,,
"3,4-OMe/Cl-phen",CO.Cl.c1cnc2c(c1)ccc1cccnc12,"3,4","OMe,Cl",C1=CC2=C(C3=C(C=CC=N3)C=C2)N=C1,2,,
"3,4-OMe/Br-phen",Br.CO.c1cnc2c(c1)ccc1cccnc12,"3,4","OMe,Br",C1=CC2=C(C3=C(C=CC=N3)C=C2)N=C1,2,,
"3,4-OMe/NH2-phen",CO.N.c1cnc2c(c1)ccc1cccnc12,"3,4","OMe,NH2",C1=CC2=C(C3=C(C=CC=N3)C=C2)N=C1,2,14.00,
"3,4-(OMe)2-phen",CO.CO.c1cnc2c(c1)ccc1cccnc12,"3,4","OMe,OMe",C1=CC2=C(C3=C(C=CC=N3)C=C2)N=C1,2,10.00,
"3,4-OMe/Me-phen",C.CO.c1cnc2c(c1)ccc1cccnc12,"3,4","OMe,Me",C1=CC2=C(C3=C(C=CC=N3)C=C2)N=C1,2,,
"3,4-OMe/Et-phen",CC.CO.c1cnc2c(c1)ccc1cccnc12,"3,4","OMe,Et",C1=CC2=C(C3=C(C=CC=N3)C=C2)N=C1,2,9.00,
"3,4-Me/CN-phen",C.C#N.c1cnc2c(c1)ccc1cccnc12,"3,4","Me,CN",C1=CC2=C(C3=C(C=CC=N3)C=C2)N=C1,2,,
"3,4-Me/CHO-phen",C.C=O.c1cnc2c(c1)ccc1cccnc12,"3,4","Me,CHO",C1=CC2=C(C3=C(C=CC=N3)C=C2)N=C1,2,,
"3,4-Me/OCF3-phen",C.OC(F)(F)F.c1cnc2c(c1)ccc1cccnc12,"3,4","Me,OCF3",C1=CC2=C(C3=C(C=CC=N3)C=C2)N=C1,2,,
"3,4-Me/Cl-phen",C.Cl.c1cnc2c(c1)ccc1cccnc12,"3,4","Me,Cl",C1=CC2=C(C3=C(C=CC=N3)C=C2)N=C1,2,,
"3,4-Me/Br-phen",Br.C.c1cnc2c(c1)ccc1cccnc12,"3,4","Me,Br",C1=CC2=C(C3=C(C=CC=N3)C=C2)N=C1,2,,
"3,4-Me/NH2-phen",C.N.c1cnc2c(c1)ccc1cccnc12,"3,4","Me,NH2",C1=CC2=C(C3=C(C=CC=N3)C=C2)N=C1,2,,
"3,4-Me/OMe-phen",C.CO.c1cnc2c(c1)ccc1cccnc12,"3,4","Me,OMe",C1=CC2=C(C3=C(C=CC=N3)C=C2)N=C1,2,,
"3,4-(Me)2-phen",C.C.c1cnc2c(c1)ccc1cccnc12,"3,4","Me,Me",C1=CC2=C(C3=C(C=CC=N3)C=C2)N=C1,2,,
"3,4-Me/Et-phen",C.CC.c1cnc2c(c1)ccc1cccnc12,"3,4","Me,Et",C1=CC2=C(C3=C(C=CC=N3)C=C2)N=C1,2,,
"3,4-Et/CN-phen",C#N.CC.c1cnc2c(c1)ccc1cccnc12,"3,4","Et,CN",C1=CC2=C(C3=C(C=CC=N3)C=C2)N=C1,2,22.00,
"3,4-Et/CHO-phen",C=O.CC.c1cnc2c(c1)ccc1cccnc12,"3,4","Et,CHO",C1=CC2=C(C3=C(C=CC=N3)C=C2)N=C1,2,17.80,
"3,4-Et/OCF3-phen",CC.OC(F)(F)F.c1cnc2c(c1)ccc1cccnc12,"3,4","Et,OCF3",C1=CC2=C(C3=C(C=CC=N3)C=C2)N=C1,2,,
"3,4-Et/Cl-phen",CC.Cl.c1cnc2c(c1)ccc1cccnc12,"3,4","Et,Cl",C1=CC2=C(C3=C(C=CC=N3)C=C2)N=C1,2,,
"3,4-Et/Br-phen",Br.CC.c1cnc2c(c1)ccc1cccnc12,"3,4","Et,Br",C1=CC2=C(C3=C(C=CC=N3)C=C2)N=C1,2,,
"3,4-Et/NH2-phen",CC.N.c1cnc2c(c1)ccc1cccnc12,"3,4","Et,NH2",C1=CC2=C(C3=C(C=CC=N3)C=C2)N=C1,2,13.00,
"3,4-Et/OMe-phen",CC.CO.c1cnc2c(c1)ccc1cccnc12,"3,4","Et,OMe",C1=CC2=C(C3=C(C=CC=N3)C=C2)N=C1,2,9.00,
"3,4-Et/Me-phen",C.CC.c1cnc2c(c1)ccc1cccnc12,"3,4","Et,Me",C1=CC2=C(C3=C(C=CC=N3)C=C2)N=C1,2,,
"3,4-(Et)2-phen",CC.CC.c1cnc2c(c1)ccc1cccnc12,"3,4","Et,Et",C1=CC2=C(C3=C(C=CC=N3)C=C2)N=C1,2,8.00,
"3,5-(CN)2-phen",C#N.C#N.c1cnc2c(c1)ccc1cccnc12,"3,5","CN,CN",C1=CC2=C(C3=C(C=CC=N3)C=C2)N=C1,2,36.00,
"3,5-CN/CHO-phen",C#N.C=O.c1cnc2c(c1)ccc1cccnc12,"3,5","CN,CHO",C1=CC2=C(C3=C(C=CC=N3)C=C2)N=C1,2,31.80,
"3,5-CN/OCF3-phen",C#N.OC(F)(F)F.c1cnc2c(c1)ccc1cccnc12,"3,5","CN,OCF3",C1=CC2=C(C3=C(C=CC=N3)C=C2)N=C1,2,,
"3,5-CN/Cl-phen",C#N.Cl.c1cnc2c(c1)ccc1cccnc12,"3,5","CN,Cl",C1=CC2=C(C3=C(C=CC=N3)C=C2)N=C1,2,,
"3,5-CN/Br-phen",Br.C#N.c1cnc2c(c1)ccc1cccnc12,"3,5","CN,Br",C1=CC2=C(C3=C(C=CC=N3)C=C2)N=C1,2,,
"3,5-CN/NH2-phen",C#N.N.c1cnc2c(c1)ccc1cccnc12,"3,5","CN,NH2",C1=CC2=C(C3=C(C=CC=N3)C=C2)N=C1,2,27.00,
"3,5-CN/OMe-phen",C#N.CO.c1cnc2c(c1)ccc1cccnc12,"3,5","CN,OMe",C1=CC2=C(C3=C(C=CC=N3)C=C2)N=C1,2,23.00,
"3,5-CN/Me-phen",C.C#N.c1cnc2c(c1)ccc1cccnc12,"3,5","CN,Me",C1=CC2=C(C3=C(C=CC=N3)C=C2)N=C1,2,,
"3,5-CN/Et-phen",C#N.CC.c1cnc2c(c1)ccc1cccnc12,"3,5","CN,Et",C1=CC2=C(C3=C(C=CC=N3)C=C2)N=C1,2,22.00,
"3,5-CHO/CN-phen",C#N.C=O.c1cnc2c(c1)ccc1cccnc12,"3,5","CHO,CN",C1=CC2=C(C3=C(C=CC=N3)C=C2)N=C1,2,31.80,
"3,5-(CHO)2-phen",C=O.C=O.c1cnc2c(c1)ccc1cccnc12,"3,5","CHO,CHO",C1=CC2=C(C3=C(C=CC=N3)C=C2)N=C1,2,27.60,
"3,5-CHO/OCF3-phen",C=O.OC(F)(F)F.c1cnc2c(c1)ccc1cccnc12,"3,5","CHO,OCF3",C1=CC2=C(C3=C(C=CC=N3)C=C2)N=C1,2,,
"3,5-CHO/Cl-phen",C=O.Cl.c1cnc2c(c1)ccc1cccnc12,"3,5","CHO,Cl",C1=CC2=C(C3=C(C=CC=N3)C=C2)N=C1,2,,
"3,5-CHO/Br-phen",Br.C=O.c1cnc2c(c1)ccc1cccnc12,"3,5","CHO,Br",C1=CC2=C(C3=C(C=CC=N3)C=C2)N=C1,2,,
"3,5-CHO/NH2-phen",C=O.N.c1cnc2c(c1)ccc1cccnc12,"3,5","CHO,NH2",C1=CC2=C(C3=C(C=CC=N3)C=C2)N=C1,2,22.80,
"3,5-CHO/OMe-phen",C=O.CO.c1cnc2c(c1)ccc1cccnc12,"3,5","CHO,OMe",C1=CC2=C(C3=C(C=CC=N3)C=C2)N=C1,2,18.80,
"3,5-CHO/Me-phen",C.C=O.c1cnc2c(c1)ccc1cccnc12,"3,5","CHO,Me",C1=CC2=C(C3=C(C=CC=N3)C=C2)N=C1,2,,
"3,5-CHO/Et-phen",C=O.CC.c1cnc2c(c1)ccc1cccnc12,"3,5","CHO,Et",C1=CC2=C(C3=C(C=CC=N3)C=C2)N=C1,2,17.80,
"3,5-OCF3/CN-phen",C#N.OC(F)(F)F.c1cnc2c(c1)ccc1cccnc12,"3,5","OCF3,CN",C1=CC2=C(C3=C(C=CC=N3)C=C2)N=C1,2,,
"3,5-OCF3/CHO-phen",C=O.OC(F)(F)F.c1cnc2c(c1)ccc1cccnc12,"3,5","OCF3,CHO",C1=CC2=C(C3=C(C=CC=N3)C=C2)N=C1,2,,
"3,5-(OCF3)2-phen",OC(F)(F)F.OC(F)(F)F.c1cnc2c(c1)ccc1cccnc12,"3,5","OCF3,OCF3",C1=CC2=C(C3=C(C=CC=N3)C=C2)N=C1,2,,
"3,5-OCF3/Cl-phen",Cl.OC(F)(F)F.c1cnc2c(c1)ccc1cccnc12,"3,5","OCF3,Cl",C1=CC2=C(C3=C(C=CC=N3)C=C2)N=C1,2,,
"3,5-OCF3/Br-phen",Br.OC(F)(F)F.c1cnc2c(c1)ccc1cccnc12,"3,5","OCF3,Br",C1=CC2=C(C3=C(C=CC=N3)C=C2)N=C1,2,,
"3,5-OCF3/NH2-phen",N.OC(F)(F)F.c1cnc2c(c1)ccc1cccnc12,"3,5","OCF3,NH2",C1=CC2=C(C3=C(C=CC=N3)C=C2)N=C1,2,,
"3,5-OCF3/OMe-phen",CO.OC(F)(F)F.c1cnc2c(c1)ccc1cccnc12,"3,5","OCF3,OMe",C1=CC2=C(C3=C(C=CC=N3)C=C2)N=C1,2,,
"3,5-OCF3/Me-phen",C.OC(F)(F)F.c1cnc2c(c1)ccc1cccnc12,"3,5","OCF3,Me",C1=CC2=C(C3=C(C=CC=N3)C=C2)N=C1,2,,
"3,5-OCF3/Et-phen",CC.OC(F)(F)F.c1cnc2c(c1)ccc1cccnc12,"3,5","OCF3,Et",C1=CC2=C(C3=C(C=CC=N3)C=C2)N=C1,2,,
"3,5-Cl/CN-phen",C#N.Cl.c1cnc2c(c1)ccc1cccnc12,"3,5","Cl,CN",C1=CC2=C(C3=C(C=CC=N3)C=C2)N=C1,2,,
"3,5-Cl/CHO-phen",C=O.Cl.c1cnc2c(c1)ccc1cccnc12,"3,5","Cl,CHO",C1=CC2=C(C3=C(C=CC=N3)C=C2)N=C1,2,,
"3,5-Cl/OCF3-phen",Cl.OC(F)(F)F.c1cnc2c(c1)ccc1cccnc12,"3,5","Cl,OCF3",C1=CC2=C(C3=C(C=CC=N3)C=C2)N=C1,2,,
"3,5-(Cl)2-phen",Cl.Cl.c1cnc2c(c1)ccc1cccnc12,"3,5","Cl,Cl",C1=CC2=C(C3=C(C=CC=N3)C=C2)N=C1,2,,
"3,5-Cl/Br-phen",Br.Cl.c1cnc2c(c1)ccc1cccnc12,"3,5","Cl,Br",C1=CC2=C(C3=C(C=CC=N3)C=C2)N=C1,2,,
"3,5-Cl/NH2-phen",Cl.N.c1cnc2c(c1)ccc1cccnc12,"3,5","Cl,NH2",C1=CC2=C(C3=C(C=CC=N3)C=C2)N=C1,2,,
"3,5-Cl/OMe-phen",CO.Cl.c1cnc2c(c1)ccc1cccnc12,"3,5","Cl,OMe",C1=CC2=C(C3=C(C=CC=N3)C=C2)N=C1,2,,
"3,5-Cl/Me-phen",C.Cl.c1cnc2c(c1)ccc1cccnc12,"3,5","Cl,Me",C1=CC2=C(C3=C(C=CC=N3)C=C2)N=C1,2,,
"3,5-Cl/Et-phen",CC.Cl.c1cnc2c(c1)ccc1cccnc12,"3,5","Cl,Et",C1=CC2=C(C3=C(C=CC=N3)C=C2)N=C1,2,,
"3,5-Br/CN-phen",Br.C#N.c1cnc2c(c1)ccc1cccnc12,"3,5","Br,CN",C1=CC2=C(C3=C(C=CC=N3)C=C2)N=C1,2,,
"3,5-Br/CHO-phen",Br.C=O.c1cnc2c(c1)ccc1cccnc12,"3,5","Br,CHO",C1=CC2=C(C3=C(C=CC=N3)C=C2)N=C1,2,,
"3,5-Br/OCF3-phen",Br.OC(F)(F)F.c1cnc2c(c1)ccc1cccnc12,"3,5","Br,OCF3",C1=CC2=C(C3=C(C=CC=N3)C=C2)N=C1,2,,
"3,5-Br/Cl-phen",Br.Cl.c1cnc2c(c1)ccc1cccnc12,"3,5","Br,Cl",C1=CC2=C(C3=C(C=CC=N3)C=C2)N=C1,2,,
"3,5-(Br)2-phen",Br.Br.c1cnc2c(c1)ccc1cccnc12,"3,5","Br,Br",C1=CC2=C(C3=C(C=CC=N3)C=C2)N=C1,2,,
"3,5-Br/NH2-phen",Br.N.c1cnc2c(c1)ccc1cccnc12,"3,5","Br,NH2",C1=CC2=C(C3=C(C=CC=N3)C=C2)N=C1,2,,
"3,5-Br/OMe-phen",Br.CO.c1cnc2c(c1)ccc1cccnc12,"3,5","Br,OMe",C1=CC2=C(C3=C(C=CC=N3)C=C2)N=C1,2,,
"3,5-Br/Me-phen",Br.C.c1cnc2c(c1)ccc1cccnc12,"3,5","Br,Me",C1=CC2=C(C3=C(C=CC=N3)C=C2)N=C1,2,,
"3,5-Br/Et-phen",Br.CC.c1cnc2c(c1)ccc1cccnc12,"3,5","Br,Et",C1=CC2=C(C3=C(C=CC=N3)C=C2)N=C1,2,,
"3,5-NH2/CN-phen",C#N.N.c1cnc2c(c1)ccc1cccnc12,"3,5","NH2,CN",C1=CC2=C(C3=C(C=CC=N3)C=C2)N=C1,2,27.00,
"3,5-NH2/CHO-phen",C=O.N.c1cnc2c(c1)ccc1cccnc12,"3,5","NH2,CHO",C1=CC2=C(C3=C(C=CC=N3)C=C2)N=C1,2,22.80,
"3,5-NH2/OCF3-phen",N.OC(F)(F)F.c1cnc2c(c1)ccc1cccnc12,"3,5","NH2,OCF3",C1=CC2=C(C3=C(C=CC=N3)C=C2)N=C1,2,,
"3,5-NH2/Cl-phen",Cl.N.c1cnc2c(c1)ccc1cccnc12,"3,5","NH2,Cl",C1=CC2=C(C3=C(C=CC=N3)C=C2)N=C1,2,,
"3,5-NH2/Br-phen",Br.N.c1cnc2c(c1)ccc1cccnc12,"3,5","NH2,Br",C1=CC2=C(C3=C(C=CC=N3)C=C2)N=C1,2,,
"3,5-(NH2)2-phen",N.N.c1cnc2c(c1)ccc1cccnc12,"3,5","NH2,NH2",C1=CC2=C(C3=C(C=CC=N3)C=C2)N=C1,2,18.00,
"3,5-NH2/OMe-phen",CO.N.c1cnc2c(c1)ccc1cccnc12,"3,5","NH2,OMe",C1=CC2=C(C3=C(C=CC=N3)C=C2)N=C1,2,14.00,
"3,5-NH2/Me-phen",C.N.c1cnc2c(c1)ccc1cccnc12,"3,5","NH2,Me",C1=CC2=C(C3=C(C=CC=N3)C=C2)N=C1,2,,
"3,5-NH2/Et-phen",CC.N.c1cnc2c(c1)ccc1cccnc12,"3,5","NH2,Et",C1=CC2=C(C3=C(C=CC=N3)C=C2)N=C1,2,13.00,
"3,5-OMe/CN-phen",C#N.CO.c1cnc2c(c1)ccc1cccnc12,"3,5","OMe,CN",C1=CC2=C(C3=C(C=CC=N3)C=C2)N=C1,2,23.00,
"3,5-OMe/CHO-phen",C=O.CO.c1cnc2c(c1)ccc1cccnc12,"3,5","OMe,CHO",C1=CC2=C(C3=C(C=CC=N3)C=C2)N=C1,2,18.80,
"3,5-OMe/OCF3-phen",CO.OC(F)(F)F.c1cnc2c(c1)ccc1cccnc12,"3,5","OMe,OCF3",C1=CC2=C(C3=C(C=CC=N3)C=C2)N=C1,2,,
"3,5-OMe/Cl-phen",CO.Cl.c1cnc2c(c1)ccc1cccnc12,"3,5","OMe,Cl",C1=CC2=C(C3=C(C=CC=N3)C=C2)N=C1,2,,
"3,5-OMe/Br-phen",Br.CO.c1cnc2c(c1)ccc1cccnc12,"3,5","OMe,Br",C1=CC2=C(C3=C(C=CC=N3)C=C2)N=C1,2,,
"3,5-OMe/NH2-phen",CO.N.c1cnc2c(c1)ccc1cccnc12,"3,5","OMe,NH2",C1=CC2=C(C3=C(C=CC=N3)C=C2)N=C1,2,14.00,
"3,5-(OMe)2-phen",CO.CO.c1cnc2c(c1)ccc1cccnc12,"3,5","OMe,OMe",C1=CC2=C(C3=C(C=CC=N3)C=C2)N=C1,2,10.00,
"3,5-OMe/Me-phen",C.CO.c1cnc2c(c1)ccc1cccnc12,"3,5","OMe,Me",C1=CC2=C(C3=C(C=CC=N3)C=C2)N=C1,2,,
"3,5-OMe/Et-phen",CC.CO.c1cnc2c(c1)ccc1cccnc12,"3,5","OMe,Et",C1=CC2=C(C3=C(C=CC=N3)C=C2)N=C1,2,9.00,
"3,5-Me/CN-phen",C.C#N.c1cnc2c(c1)ccc1cccnc12,"3,5","Me,CN",C1=CC2=C(C3=C(C=CC=N3)C=C2)N=C1,2,,
"3,5-Me/CHO-phen",C.C=O.c1cnc2c(c1)ccc1cccnc12,"3,5","Me,CHO",C1=CC2=C(C3=C(C=CC=N3)C=C2)N=C1,2,,
"3,5-Me/OCF3-phen",C.OC(F)(F)F.c1cnc2c(c1)ccc1cccnc12,"3,5","Me,OCF3",C1=CC2=C(C3=C(C=CC=N3)C=C2)N=C1,2,,
"3,5-Me/Cl-phen",C.Cl.c1cnc2c(c1)ccc1cccnc12,"3,5","Me,Cl",C1=CC2=C(C3=C(C=CC=N3)C=C2)N=C1,2,,
"3,5-Me/Br-phen",Br.C.c1cnc2c(c1)ccc1cccnc12,"3,5","Me,Br",C1=CC2=C(C3=C(C=CC=N3)C=C2)N=C1,2,,
"3,5-Me/NH2-phen",C.N.c1cnc2c(c1)ccc1cccnc12,"3,5","Me,NH2",C1=CC2=C(C3=C(C=CC=N3)C=C2)N=C1,2,,
"3,5-Me/OMe-phen",C.CO.c1cnc2c(c1)ccc1cccnc12,"3,5","Me,OMe",C1=CC2=C(C3=C(C=CC=N3)C=C2)N=C1,2,,
"3,5-(Me)2-phen",C.C.c1cnc2c(c1)ccc1cccnc12,"3,5","Me,Me",C1=CC2=C(C3=C(C=CC=N3)C=C2)N=C1,2,,
"3,5-Me/Et-phen",C.CC.c1cnc2c(c1)ccc1cccnc12,"3,5","Me,Et",C1=CC2=C(C3=C(C=CC=N3)C=C2)N=C1,2,,
"3,5-Et/CN-phen",C#N.CC.c1cnc2c(c1)ccc1cccnc12,"3,5","Et,CN",C1=CC2=C(C3=C(C=CC=N3)C=C2)N=C1,2,22.00,
"3,5-Et/CHO-phen",C=O.CC.c1cnc2c(c1)ccc1cccnc12,"3,5","Et,CHO",C1=CC2=C(C3=C(C=CC=N3)C=C2)N=C1,2,17.80,
"3,5-Et/OCF3-phen",CC.OC(F)(F)F.c1cnc2c(c1)ccc1cccnc12,"3,5","Et,OCF3",C1=CC2=C(C3=C(C=CC=N3)C=C2)N=C1,2,,
"3,5-Et/Cl-phen",CC.Cl.c1cnc2c(c1)ccc1cccnc12,"3,5","Et,Cl",C1=CC2=C(C3=C(C=CC=N3)C=C2)N=C1,2,,
"3,5-Et/Br-phen",Br.CC.c1cnc2c(c1)ccc1cccnc12,"3,5","Et,Br",C1=CC2=C(C3=C(C=CC=N3)C=C2)N=C1,2,,
"3,5-Et/NH2-phen",CC.N.c1cnc2c(c1)ccc1cccnc12,"3,5","Et,NH2",C1=CC2=C(C3=C(C=CC=N3)C=C2)N=C1,2,13.00,
"3,5-Et/OMe-phen",CC.CO.c1cnc2c(c1)ccc1cccnc12,"3,5","Et,OMe",C1=CC2=C(C3=C(C=CC=N3)C=C2)N=C1,2,9.00,
"3,5-Et/Me-phen",C.CC.c1cnc2c(c1)ccc1cccnc12,"3,5","Et,Me",C1=CC2=C(C3=C(C=CC=N3)C=C2)N=C1,2,,
"3,5-(Et)2-phen",CC.CC.c1cnc2c(c1)ccc1cccnc12,"3,5","Et,Et",C1=CC2=C(C3=C(C=CC=N3)C=C2)N=C1,2,8.00,
"3,6-(CN)2-phen",C#N.C#N.c1cnc2c(c1)ccc1cccnc12,"3,6","CN,CN",C1=CC2=C(C3=C(C=CC=N3)C=C2)N=C1,2,36.00,
"3,6-CN/CHO-phen",C#N.C=O.c1cnc2c(c1)ccc1cccnc12,"3,6","CN,CHO",C1=CC2=C(C3=C(C=CC=N3)C=C2)N=C1,2,31.80,
"3,6-CN/OCF3-phen",C#N.OC(F)(F)F.c1cnc2c(c1)ccc1cccnc12,"3,6","CN,OCF3",C1=CC2=C(C3=C(C=CC=N3)C=C2)N=C1,2,,
"3,6-CN/Cl-phen",C#N.Cl.c1cnc2c(c1)ccc1cccnc12,"3,6","CN,Cl",C1=CC2=C(C3=C(C=CC=N3)C=C2)N=C1,2,,
"3,6-CN/Br-phen",Br.C#N.c1cnc2c(c1)ccc1cccnc12,"3,6","CN,Br",C1=CC2=C(C3=C(C=CC=N3)C=C2)N=C1,2,,
"3,6-CN/NH2-phen",C#N.N.c1cnc2c(c1)ccc1cccnc12,"3,6","CN,NH2",C1=CC2=C(C3=C(C=CC=N3)C=C2)N=C1,2,27.00,
"3,6-CN/OMe-phen",C#N.CO.c1cnc2c(c1)ccc1cccnc12,"3,6","CN,OMe",C1=CC2=C(C3=C(C=CC=N3)C=C2)N=C1,2,23.00,
"3,6-CN/Me-phen",C.C#N.c1cnc2c(c1)ccc1cccnc12,"3,6","CN,Me",C1=CC2=C(C3=C(C=CC=N3)C=C2)N=C1,2,,
"3,6-CN/Et-phen",C#N.CC.c1cnc2c(c1)ccc1cccnc12,"3,6","CN,Et",C1=CC2=C(C3=C(C=CC=N3)C=C2)N=C1,2,22.00,
"3,6-CHO/CN-phen",C#N.C=O.c1cnc2c(c1)ccc1cccnc12,"3,6","CHO,CN",C1=CC2=C(C3=C(C=CC=N3)C=C2)N=C1,2,31.80,
"3,6-(CHO)2-phen",C=O.C=O.c1cnc2c(c1)ccc1cccnc12,"3,6","CHO,CHO",C1=CC2=C(C3=C(C=CC=N3)C=C2)N=C1,2,27.60,
"3,6-CHO/OCF3-phen",C=O.OC(F)(F)F.c1cnc2c(c1)ccc1cccnc12,"3,6","CHO,OCF3",C1=CC2=C(C3=C(C=CC=N3)C=C2)N=C1,2,,
"3,6-CHO/Cl-phen",C=O.Cl.c1cnc2c(c1)ccc1cccnc12,"3,6","CHO,Cl",C1=CC2=C(C3=C(C=CC=N3)C=C2)N=C1,2,,
"3,6-CHO/Br-phen",Br.C=O.c1cnc2c(c1)ccc1cccnc12,"3,6","CHO,Br",C1=CC2=C(C3=C(C=CC=N3)C=C2)N=C1,2,,
"3,6-CHO/NH2-phen",C=O.N.c1cnc2c(c1)ccc1cccnc12,"3,6","CHO,NH2",C1=CC2=C(C3=C(C=CC=N3)C=C2)N=C1,2,22.80,
"3,6-CHO/OMe-phen",C=O.CO.c1cnc2c(c1)ccc1cccnc12,"3,6","CHO,OMe",C1=CC2=C(C3=C(C=CC=N3)C=C2)N=C1,2,18.80,
"3,6-CHO/Me-phen",C.C=O.c1cnc2c(c1)ccc1cccnc12,"3,6","CHO,Me",C1=CC2=C(C3=C(C=CC=N3)C=C2)N=C1,2,,
"3,6-CHO/Et-phen",C=O.CC.c1cnc2c(c1)ccc1cccnc12,"3,6","CHO,Et",C1=CC2=C(C3=C(C=CC=N3)C=C2)N=C1,2,17.80,
"3,6-OCF3/CN-phen",C#N.OC(F)(F)F.c1cnc2c(c1)ccc1cccnc12,"3,6","OCF3,CN",C1=CC2=C(C3=C(C=CC=N3)C=C2)N=C1,2,,
"3,6-OCF3/CHO-phen",C=O.OC(F)(F)F.c1cnc2c(c1)ccc1cccnc12,"3,6","OCF3,CHO",C1=CC2=C(C3=C(C=CC=N3)C=C2)N=C1,2,,
"3,6-(OCF3)2-phen",OC(F)(F)F.OC(F)(F)F.c1cnc2c(c1)ccc1cccnc12,"3,6","OCF3,OCF3",C1=CC2=C(C3=C(C=CC=N3)C=C2)N=C1,2,,
"3,6-OCF3/Cl-phen",Cl.OC(F)(F)F.c1cnc2c(c1)ccc1cccnc12,"3,6","OCF3,Cl",C1=CC2=C(C3=C(C=CC=N3)C=C2)N=C1,2,,
"3,6-OCF3/Br-phen",Br.OC(F)(F)F.c1cnc2c(c1)ccc1cccnc12,"3,6","OCF3,Br",C1=CC2=C(C3=C(C=CC=N3)C=C2)N=C1,2,,
"3,6-OCF3/NH2-phen",N.OC(F)(F)F.c1cnc2c(c1)ccc1cccnc12,"3,6","OCF3,NH2",C1=CC2=C(C3=C(C=CC=N3)C=C2)N=C1,2,,
"3,6-OCF3/OMe-phen",CO.OC(F)(F)F.c1cnc2c(c1)ccc1cccnc12,"3,6","OCF3,OMe",C1=CC2=C(C3=C(C=CC=N3)C=C2)N=C1,2,,
"3,6-OCF3/Me-phen",C.OC(F)(F)F.c1cnc2c(c1)ccc1cccnc12,"3,6","OCF3,Me",C1=CC2=C(C3=C(C=CC=N3)C=C2)N=C1,2,,
"3,6-OCF3/Et-phen",CC.OC(F)(F)F.c1cnc2c(c1)ccc1cccnc12,"3,6","OCF3,Et",C1=CC2=C(C3=C(C=CC=N3)C=C2)N=C1,2,,
"3,6-Cl/CN-phen",C#N.Cl.c1cnc2c(c1)ccc1cccnc12,"3,6","Cl,CN",C1=CC2=C(C3=C(C=CC=N3)C=C2)N=C1,2,,
"3,6-Cl/CHO-phen",C=O.Cl.c1cnc2c(c1)ccc1cccnc12,"3,6","Cl,CHO",C1=CC2=C(C3=C(C=CC=N3)C=C2)N=C1,2,,
"3,6-Cl/OCF3-phen",Cl.OC(F)(F)F.c1cnc2c(c1)ccc1cccnc12,"3,6","Cl,OCF3",C1=CC2=C(C3=C(C=CC=N3)C=C2)N=C1,2,,
"3,6-(Cl)2-phen",Cl.Cl.c1cnc2c(c1)ccc1cccnc12,"3,6","Cl,Cl",C1=CC2=C(C3=C(C=CC=N3)C=C2)N=C1,2,,
"3,6-Cl/Br-phen",Br.Cl.c1cnc2c(c1)ccc1cccnc12,"3,6","Cl,Br",C1=CC2=C(C3=C(C=CC=N3)C=C2)N=C1,2,,
"3,6-Cl/NH2-phen",Cl.N.c1cnc2c(c1)ccc1cccnc12,"3,6","Cl,NH2",C1=CC2=C(C3=C(C=CC=N3)C=C2)N=C1,2,,
"3,6-Cl/OMe-phen",CO.Cl.c1cnc2c(c1)ccc1cccnc12,"3,6","Cl,OMe",C1=CC2=C(C3=C(C=CC=N3)C=C2)N=C1,2,,
"3,6-Cl/Me-phen",C.Cl.c1cnc2c(c1)ccc1cccnc12,"3,6","Cl,Me",C1=CC2=C(C3=C(C=CC=N3)C=C2)N=C1,2,,
"3,6-Cl/Et-phen",CC.Cl.c1cnc2c(c1)ccc1cccnc12,"3,6","Cl,Et",C1=CC2=C(C3=C(C=CC=N3)C=C2)N=C1,2,,
"3,6-Br/CN-phen",Br.C#N.c1cnc2c(c1)ccc1cccnc12,"3,6","Br,CN",C1=CC2=C(C3=C(C=CC=N3)C=C2)N=C1,2,,
"3,6-Br/CHO-phen",Br.C=O.c1cnc2c(c1)ccc1cccnc12,"3,6","Br,CHO",C1=CC2=C(C3=C(C=CC=N3)C=C2)N=C1,2,,
"3,6-Br/OCF3-phen",Br.OC(F)(F)F.c1cnc2c(c1)ccc1cccnc12,"3,6","Br,OCF3",C1=CC2=C(C3=C(C=CC=N3)C=C2)N=C1,2,,
"3,6-Br/Cl-phen",Br.Cl.c1cnc2c(c1)ccc1cccnc12,"3,6","Br,Cl",C1=CC2=C(C3=C(C=CC=N3)C=C2)N=C1,2,,
"3,6-(Br)2-phen",Br.Br.c1cnc2c(c1)ccc1cccnc12,"3,6","Br,Br",C1=CC2=C(C3=C(C=CC=N3)C=C2)N=C1,2,,
"3,6-Br/NH2-phen",Br.N.c1cnc2c(c1)ccc1cccnc12,"3,6","Br,NH2",C1=CC2=C(C3=C(C=CC=N3)C=C2)N=C1,2,,
"3,6-Br/OMe-phen",Br.CO.c1cnc2c(c1)ccc1cccnc12,"3,6","Br,OMe",C1=CC2=C(C3=C(C=CC=N3)C=C2)N=C1,2,,
"3,6-Br/Me-phen",Br.C.c1cnc2c(c1)ccc1cccnc12,"3,6","Br,Me",C1=CC2=C(C3=C(C=CC=N3)C=C2)N=C1,2,,
"3,6-Br/Et-phen",Br.CC.c1cnc2c(c1)ccc1cccnc12,"3,6","Br,Et",C1=CC2=C(C3=C(C=CC=N3)C=C2)N=C1,2,,
"3,6-NH2/CN-phen",C#N.N.c1cnc2c(c1)ccc1cccnc12,"3,6","NH2,CN",C1=CC2=C(C3=C(C=CC=N3)C=C2)N=C1,2,27.00,
"3,6-NH2/CHO-phen",C=O.N.c1cnc2c(c1)ccc1cccnc12,"3,6","NH2,CHO",C1=CC2=C(C3=C(C=CC=N3)C=C2)N=C1,2,22.80,
"3,6-NH2/OCF3-phen",N.OC(F)(F)F.c1cnc2c(c1)ccc1cccnc12,"3,6","NH2,OCF3",C1=CC2=C(C3=C(C=CC=N3)C=C2)N=C1,2,,
"3,6-NH2/Cl-phen",Cl.N.c1cnc2c(c1)ccc1cccnc12,"3,6","NH2,Cl",C1=CC2=C(C3=C(C=CC=N3)C=C2)N=C1,2,,
"3,6-NH2/Br-phen",Br.N.c1cnc2c(c1)ccc1cccnc12,"3,6","NH2,Br",C1=CC2=C(C3=C(C=CC=N3)C=C2)N=C1,2,,
"3,6-(NH2)2-phen",N.N.c1cnc2c(c1)ccc1cccnc12,"3,6","NH2,NH2",C1=CC2=C(C3=C(C=CC=N3)C=C2)N=C1,2,18.00,
"3,6-NH2/OMe-phen",CO.N.c1cnc2c(c1)ccc1cccnc12,"3,6","NH2,OMe",C1=CC2=C(C3=C(C=CC=N3)C=C2)N=C1,2,14.00,
"3,6-NH2/Me-phen",C.N.c1cnc2c(c1)ccc1cccnc12,"3,6","NH2,Me",C1=CC2=C(C3=C(C=CC=N3)C=C2)N=C1,2,,
"3,6-NH2/Et-phen",CC.N.c1cnc2c(c1)ccc1cccnc12,"3,6","NH2,Et",C1=CC2=C(C3=C(C=CC=N3)C=C2)N=C1,2,13.00,
"3,6-OMe/CN-phen",C#N.CO.c1cnc2c(c1)ccc1cccnc12,"3,6","OMe,CN",C1=CC2=C(C3=C(C=CC=N3)C=C2)N=C1,2,23.00,
"3,6-OMe/CHO-phen",C=O.CO.c1cnc2c(c1)ccc1cccnc12,"3,6","OMe,CHO",C1=CC2=C(C3=C(C=CC=N3)C=C2)N=C1,2,18.80,
"3,6-OMe/OCF3-phen",CO.OC(F)(F)F.c1cnc2c(c1)ccc1cccnc12,"3,6","OMe,OCF3",C1=CC2=C(C3=C(C=CC=N3)C=C2)N=C1,2,,
"3,6-OMe/Cl-phen",CO.Cl.c1cnc2c(c1)ccc1cccnc12,"3,6","OMe,Cl",C1=CC2=C(C3=C(C=CC=N3)C=C2)N=C1,2,,
"3,6-OMe/Br-phen",Br.CO.c1cnc2c(c1)ccc1cccnc12,"3,6","OMe,Br",C1=CC2=C(C3=C(C=CC=N3)C=C2)N=C1,2,,
"3,6-OMe/NH2-phen",CO.N.c1cnc2c(c1)ccc1cccnc12,"3,6","OMe,NH2",C1=CC2=C(C3=C(C=CC=N3)C=C2)N=C1,2,14.00,
"3,6-(OMe)2-phen",CO.CO.c1cnc2c(c1)ccc1cccnc12,"3,6","OMe,OMe",C1=CC2=C(C3=C(C=CC=N3)C=C2)N=C1,2,10.00,
"3,6-OMe/Me-phen",C.CO.c1cnc2c(c1)ccc1cccnc12,"3,6","OMe,Me",C1=CC2=C(C3=C(C=CC=N3)C=C2)N=C1,2,,
"3,6-OMe/Et-phen",CC.CO.c1cnc2c(c1)ccc1cccnc12,"3,6","OMe,Et",C1=CC2=C(C3=C(C=CC=N3)C=C2)N=C1,2,9.00,
"3,6-Me/CN-phen",C.C#N.c1cnc2c(c1)ccc1cccnc12,"3,6","Me,CN",C1=CC2=C(C3=C(C=CC=N3)C=C2)N=C1,2,,
"3,6-Me/CHO-phen",C.C=O.c1cnc2c(c1)ccc1cccnc12,"3,6","Me,CHO",C1=CC2=C(C3=C(C=CC=N3)C=C2)N=C1,2,,
"3,6-Me/OCF3-phen",C.OC(F)(F)F.c1cnc2c(c1)ccc1cccnc12,"3,6","Me,OCF3",C1=CC2=C(C3=C(C=CC=N3)C=C2)N=C1,2,,
"3,6-Me/Cl-phen",C.Cl.c1cnc2c(c1)ccc1cccnc12,"3,6","Me,Cl",C1=CC2=C(C3=C(C=CC=N3)C=C2)N=C1,2,,
"3,6-Me/Br-phen",Br.C.c1cnc2c(c1)ccc1cccnc12,"3,6","Me,Br",C1=CC2=C(C3=C(C=CC=N3)C=C2)N=C1,2,,
"3,6-Me/NH2-phen",C.N.c1cnc2c(c1)ccc1cccnc12,"3,6","Me,NH2",C1=CC2=C(C3=C(C=CC=N3)C=C2)N=C1,2,,
"3,6-Me/OMe-phen",C.CO.c1cnc2c(c1)ccc1cccnc12,"3,6","Me,OMe",C1=CC2=C(C3=C(C=CC=N3)C=C2)N=C1,2,,
"3,6-(Me)2-phen",C.C.c1cnc2c(c1)ccc1cccnc12,"3,6","Me,Me",C1=CC2=C(C3=C(C=CC=N3)C=C2)N=C1,2,,
"3,6-Me/Et-phen",C.CC.c1cnc2c(c1)ccc1cccnc12,"3,6","Me,Et",C1=CC2=C(C3=C(C=CC=N3)C=C2)N=C1,2,,
"3,6-Et/CN-phen",C#N.CC.c1cnc2c(c1)ccc1cccnc12,"3,6","Et,CN",C1=CC2=C(C3=C(C=CC=N3)C=C2)N=C1,2,22.00,
"3,6-Et/CHO-phen",C=O.CC.c1cnc2c(c1)ccc1cccnc12,"3,6","Et,CHO",C1=CC2=C(C3=C(C=CC=N3)C=C2)N=C1,2,17.80,
"3,6-Et/OCF3-phen",CC.OC(F)(F)F.c1cnc2c(c1)ccc1cccnc12,"3,6","Et,OCF3",C1=CC2=C(C3=C(C=CC=N3)C=C2)N=C1,2,,
"3,6-Et/Cl-phen",CC.Cl.c1cnc2c(c1)ccc1cccnc12,"3,6","Et,Cl",C1=CC2=C(C3=C(C=CC=N3)C=C2)N=C1,2,,
"3,6-Et/Br-phen",Br.CC.c1cnc2c(c1)ccc1cccnc12,"3,6","Et,Br",C1=CC2=C(C3=C(C=CC=N3)C=C2)N=C1,2,,
"3,6-Et/NH2-phen",CC.N.c1cnc2c(c1)ccc1cccnc12,"3,6","Et,NH2",C1=CC2=C(C3=C(C=CC=N3)C=C2)N=C1,2,13.00,
"3,6-Et/OMe-phen",CC.CO.c1cnc2c(c1)ccc1cccnc12,"3,6","Et,OMe",C1=CC2=C(C3=C(C=CC=N3)C=C2)N=C1,2,9.00,
"3,6-Et/Me-phen",C.CC.c1cnc2c(c1)ccc1cccnc12,"3,6","Et,Me",C1=CC2=C(C3=C(C=CC=N3)C=C2)N=C1,2,,
"3,6-(Et)2-phen",CC.CC.c1cnc2c(c1)ccc1cccnc12,"3,6","Et,Et",C1=CC2=C(C3=C(C=CC=N3)C=C2)N=C1,2,8.00,
"3,7-(CN)2-phen",C#N.C#N.c1cnc2c(c1)ccc1cccnc12,"3,7","CN,CN",C1=CC2=C(C3=C(C=CC=N3)C=C2)N=C1,2,36.00,
"3,7-CN/CHO-phen",C#N.C=O.c1cnc2c(c1)ccc1cccnc12,"3,7","CN,CHO",C1=CC2=C(C3=C(C=CC=N3)C=C2)N=C1,2,31.80,
"3,7-CN/OCF3-phen",C#N.OC(F)(F)F.c1cnc2c(c1)ccc1cccnc12,"3,7","CN,OCF3",C1=CC2=C(C3=C(C=CC=N3)C=C2)N=C1,2,,
"3,7-CN/Cl-phen",C#N.Cl.c1cnc2c(c1)ccc1cccnc12,"3,7","CN,Cl",C1=CC2=C(C3=C(C=CC=N3)C=C2)N=C1,2,,
"3,7-CN/Br-phen",Br.C#N.c1cnc2c(c1)ccc1cccnc12,"3,7","CN,Br",C1=CC2=C(C3=C(C=CC=N3)C=C2)N=C1,2,,
"3,7-CN/NH2-phen",C#N.N.c1cnc2c(c1)ccc1cccnc12,"3,7","CN,NH2",C1=CC2=C(C3=C(C=CC=N3)C=C2)N=C1,2,27.00,
"3,7-CN/OMe-phen",C#N.CO.c1cnc2c(c1)ccc1cccnc12,"3,7","CN,OMe",C1=CC2=C(C3=C(C=CC=N3)C=C2)N=C1,2,23.00,
"3,7-CN/Me-phen",C.C#N.c1cnc2c(c1)ccc1cccnc12,"3,7","CN,Me",C1=CC2=C(C3=C(C=CC=N3)C=C2)N=C1,2,,
"3,7-CN/Et-phen",C#N.CC.c1cnc2c(c1)ccc1cccnc12,"3,7","CN,Et",C1=CC2=C(C3=C(C=CC=N3)C=C2)N=C1,2,22.00,
"3,7-CHO/CN-phen",C#N.C=O.c1cnc2c(c1)ccc1cccnc12,"3,7","CHO,CN",C1=CC2=C(C3=C(C=CC=N3)C=C2)N=C1,2,31.80,
"3,7-(CHO)2-phen",C=O.C=O.c1cnc2c(c1)ccc1cccnc12,"3,7","CHO,CHO",C1=CC2=C(C3=C(C=CC=N3)C=C2)N=C1,2,27.60,
"3,7-CHO/OCF3-phen",C=O.OC(F)(F)F.c1cnc2c(c1)ccc1cccnc12,"3,7","CHO,OCF3",C1=CC2=C(C3=C(C=CC=N3)C=C2)N=C1,2,,
"3,7-CHO/Cl-phen",C=O.Cl.c1cnc2c(c1)ccc1cccnc12,"3,7","CHO,Cl",C1=CC2=C(C3=C(C=CC=N3)C=C2)N=C1,2,,
"3,7-CHO/Br-phen",Br.C=O.c1cnc2c(c1)ccc1cccnc12,"3,7","CHO,Br",C1=CC2=C(C3=C(C=CC=N3)C=C2)N=C1,2,,
"3,7-CHO/NH2-phen",C=O.N.c1cnc2c(c1)ccc1cccnc12,"3,7","CHO,NH2",C1=CC2=C(C3=C(C=CC=N3)C=C2)N=C1,2,22.80,
"3,7-CHO/OMe-phen",C=O.CO.c1cnc2c(c1)ccc1cccnc12,"3,7","CHO,OMe",C1=CC2=C(C3=C(C=CC=N3)C=C2)N=C1,2,18.80,
"3,7-CHO/Me-phen",C.C=O.c1cnc2c(c1)ccc1cccnc12,"3,7","CHO,Me",C1=CC2=C(C3=C(C=CC=N3)C=C2)N=C1,2,,
"3,7-CHO/Et-phen",C=O.CC.c1cnc2c(c1)ccc1cccnc12,"3,7","CHO,Et",C1=CC2=C(C3=C(C=CC=N3)C=C2)N=C1,2,17.80,
"3,7-OCF3/CN-phen",C#N.OC(F)(F)F.c1cnc2c(c1)ccc1cccnc12,"3,7","OCF3,CN",C1=CC2=C(C3=C(C=CC=N3)C=C2)N=C1,2,,
"3,7-OCF3/CHO-phen",C=O.OC(F)(F)F.c1cnc2c(c1)ccc1cccnc12,"3,7","OCF3,CHO",C1=CC2=C(C3=C(C=CC=N3)C=C2)N=C1,2,,
"3,7-(OCF3)2-phen",OC(F)(F)F.OC(F)(F)F.c1cnc2c(c1)ccc1cccnc12,"3,7","OCF3,OCF3",C1=CC2=C(C3=C(C=CC=N3)C=C2)N=C1,2,,
"3,7-OCF3/Cl-phen",Cl.OC(F)(F)F.c1cnc2c(c1)ccc1cccnc12,"3,7","OCF3,Cl",C1=CC2=C(C3=C(C=CC=N3)C=C2)N=C1,2,,
"3,7-OCF3/Br-phen",Br.OC(F)(F)F.c1cnc2c(c1)ccc1cccnc12,"3,7","OCF3,Br",C1=CC2=C(C3=C(C=CC=N3)C=C2)N=C1,2,,
"3,7-OCF3/NH2-phen",N.OC(F)(F)F.c1cnc2c(c1)ccc1cccnc12,"3,7","OCF3,NH2",C1=CC2=C(C3=C(C=CC=N3)C=C2)N=C1,2,,
"3,7-OCF3/OMe-phen",CO.OC(F)(F)F.c1cnc2c(c1)ccc1cccnc12,"3,7","OCF3,OMe",C1=CC2=C(C3=C(C=CC=N3)C=C2)N=C1,2,,
"3,7-OCF3/Me-phen",C.OC(F)(F)F.c1cnc2c(c1)ccc1cccnc12,"3,7","OCF3,Me",C1=CC2=C(C3=C(C=CC=N3)C=C2)N=C1,2,,
"3,7-OCF3/Et-phen",CC.OC(F)(F)F.c1cnc2c(c1)ccc1cccnc12,"3,7","OCF3,Et",C1=CC2=C(C3=C(C=CC=N3)C=C2)N=C1,2,,
"3,7-Cl/CN-phen",C#N.Cl.c1cnc2c(c1)ccc1cccnc12,"3,7","Cl,CN",C1=CC2=C(C3=C(C=CC=N3)C=C2)N=C1,2,,
"3,7-Cl/CHO-phen",C=O.Cl.c1cnc2c(c1)ccc1cccnc12,"3,7","Cl,CHO",C1=CC2=C(C3=C(C=CC=N3)C=C2)N=C1,2,,
"3,7-Cl/OCF3-phen",Cl.OC(F)(F)F.c1cnc2c(c1)ccc1cccnc12,"3,7","Cl,OCF3",C1=CC2=C(C3=C(C=CC=N3)C=C2)N=C1,2,,
"3,7-(Cl)2-phen",Cl.Cl.c1cnc2c(c1)ccc1cccnc12,"3,7","Cl,Cl",C1=CC2=C(C3=C(C=CC=N3)C=C2)N=C1,2,,
"3,7-Cl/Br-phen",Br.Cl.c1cnc2c(c1)ccc1cccnc12,"3,7","Cl,Br",C1=CC2=C(C3=C(C=CC=N3)C=C2)N=C1,2,,
"3,7-Cl/NH2-phen",Cl.N.c1cnc2c(c1)ccc1cccnc12,"3,7","Cl,NH2",C1=CC2=C(C3=C(C=CC=N3)C=C2)N=C1,2,,
"3,7-Cl/OMe-phen",CO.Cl.c1cnc2c(c1)ccc1cccnc12,"3,7","Cl,OMe",C1=CC2=C(C3=C(C=CC=N3)C=C2)N=C1,2,,
"3,7-Cl/Me-phen",C.Cl.c1cnc2c(c1)ccc1cccnc12,"3,7","Cl,Me",C1=CC2=C(C3=C(C=CC=N3)C=C2)N=C1,2,,
"3,7-Cl/Et-phen",CC.Cl.c1cnc2c(c1)ccc1cccnc12,"3,7","Cl,Et",C1=CC2=C(C3=C(C=CC=N3)C=C2)N=C1,2,,
"3,7-Br/CN-phen",Br.C#N.c1cnc2c(c1)ccc1cccnc12,"3,7","Br,CN",C1=CC2=C(C3=C(C=CC=N3)C=C2)N=C1,2,,
"3,7-Br/CHO-phen",Br.C=O.c1cnc2c(c1)ccc1cccnc12,"3,7","Br,CHO",C1=CC2=C(C3=C(C=CC=N3)C=C2)N=C1,2,,
"3,7-Br/OCF3-phen",Br.OC(F)(F)F.c1cnc2c(c1)ccc1cccnc12,"3,7","Br,OCF3",C1=CC2=C(C3=C(C=CC=N3)C=C2)N=C1,2,,
"3,7-Br/Cl-phen",Br.Cl.c1cnc2c(c1)ccc1cccnc12,"3,7","Br,Cl",C1=CC2=C(C3=C(C=CC=N3)C=C2)N=C1,2,,
"3,7-(Br)2-phen",Br.Br.c1cnc2c(c1)ccc1cccnc12,"3,7","Br,Br",C1=CC2=C(C3=C(C=CC=N3)C=C2)N=C1,2,,
"3,7-Br/NH2-phen",Br.N.c1cnc2c(c1)ccc1cccnc12,"3,7","Br,NH2",C1=CC2=C(C3=C(C=CC=N3)C=C2)N=C1,2,,
"3,7-Br/OMe-phen",Br.CO.c1cnc2c(c1)ccc1cccnc12,"3,7","Br,OMe",C1=CC2=C(C3=C(C=CC=N3)C=C2)N=C1,2,,
"3,7-Br/Me-phen",Br.C.c1cnc2c(c1)ccc1cccnc12,"3,7","Br,Me",C1=CC2=C(C3=C(C=CC=N3)C=C2)N=C1,2,,
"3,7-Br/Et-phen",Br.CC.c1cnc2c(c1)ccc1cccnc12,"3,7","Br,Et",C1=CC2=C(C3=C(C=CC=N3)C=C2)N=C1,2,,
"3,7-NH2/CN-phen",C#N.N.c1cnc2c(c1)ccc1cccnc12,"3,7","NH2,CN",C1=CC2=C(C3=C(C=CC=N3)C=C2)N=C1,2,27.00,
"3,7-NH2/CHO-phen",C=O.N.c1cnc2c(c1)ccc1cccnc12,"3,7","NH2,CHO",C1=CC2=C(C3=C(C=CC=N3)C=C2)N=C1,2,22.80,
"3,7-NH2/OCF3-phen",N.OC(F)(F)F.c1cnc2c(c1)ccc1cccnc12,"3,7","NH2,OCF3",C1=CC2=C(C3=C(C=CC=N3)C=C2)N=C1,2,,
"3,7-NH2/Cl-phen",Cl.N.c1cnc2c(c1)ccc1cccnc12,"3,7","NH2,Cl",C1=CC2=C(C3=C(C=CC=N3)C=C2)N=C1,2,,
"3,7-NH2/Br-phen",Br.N.c1cnc2c(c1)ccc1cccnc12,"3,7","NH2,Br",C1=CC2=C(C3=C(C=CC=N3)C=C2)N=C1,2,,
"3,7-(NH2)2-phen",N.N.c1cnc2c(c1)ccc1cccnc12,"3,7","NH2,NH2",C1=CC2=C(C3=C(C=CC=N3)C=C2)N=C1,2,18.00,
"3,7-NH2/OMe-phen",CO.N.c1cnc2c(c1)ccc1cccnc12,"3,7","NH2,OMe",C1=CC2=C(C3=C(C=CC=N3)C=C2)N=C1,2,14.00,
"3,7-NH2/Me-phen",C.N.c1cnc2c(c1)ccc1cccnc12,"3,7","NH2,Me",C1=CC2=C(C3=C(C=CC=N3)C=C2)N=C1,2,,
"3,7-NH2/Et-phen",CC.N.c1cnc2c(c1)ccc1cccnc12,"3,7","NH2,Et",C1=CC2=C(C3=C(C=CC=N3)C=C2)N=C1,2,13.00,
"3,7-OMe/CN-phen",C#N.CO.c1cnc2c(c1)ccc1cccnc12,"3,7","OMe,CN",C1=CC2=C(C3=C(C=CC=N3)C=C2)N=C1,2,23.00,
"3,7-OMe/CHO-phen",C=O.CO.c1cnc2c(c1)ccc1cccnc12,"3,7","OMe,CHO",C1=CC2=C(C3=C(C=CC=N3)C=C2)N=C1,2,18.80,
"3,7-OMe/OCF3-phen",CO.OC(F)(F)F.c1cnc2c(c1)ccc1cccnc12,"3,7","OMe,OCF3",C1=CC2=C(C3=C(C=CC=N3)C=C2)N=C1,2,,
"3,7-OMe/Cl-phen",CO.Cl.c1cnc2c(c1)ccc1cccnc12,"3,7","OMe,Cl",C1=CC2=C(C3=C(C=CC=N3)C=C2)N=C1,2,,
"3,7-OMe/Br-phen",Br.CO.c1cnc2c(c1)ccc1cccnc12,"3,7","OMe,Br",C1=CC2=C(C3=C(C=CC=N3)C=C2)N=C1,2,,
"3,7-OMe/NH2-phen",CO.N.c1cnc2c(c1)ccc1cccnc12,"3,7","OMe,NH2",C1=CC2=C(C3=C(C=CC=N3)C=C2)N=C1,2,14.00,
"3,7-(OMe)2-phen",CO.CO.c1cnc2c(c1)ccc1cccnc12,"3,7","OMe,OMe",C1=CC2=C(C3=C(C=CC=N3)C=C2)N=C1,2,10.00,
"3,7-OMe/Me-phen",C.CO.c1cnc2c(c1)ccc1cccnc12,"3,7","OMe,Me",C1=CC2=C(C3=C(C=CC=N3)C=C2)N=C1,2,,
"3,7-OMe/Et-phen",CC.CO.c1cnc2c(c1)ccc1cccnc12,"3,7","OMe,Et",C1=CC2=C(C3=C(C=CC=N3)C=C2)N=C1,2,9.00,
"3,7-Me/CN-phen",C.C#N.c1cnc2c(c1)ccc1cccnc12,"3,7","Me,CN",C1=CC2=C(C3=C(C=CC=N3)C=C2)N=C1,2,,
"3,7-Me/CHO-phen",C.C=O.c1cnc2c(c1)ccc1cccnc12,"3,7","Me,CHO",C1=CC2=C(C3=C(C=CC=N3)C=C2)N=C1,2,,
"3,7-Me/OCF3-phen",C.OC(F)(F)F.c1cnc2c(c1)ccc1cccnc12,"3,7","Me,OCF3",C1=CC2=C(C3=C(C=CC=N3)C=C2)N=C1,2,,
"3,7-Me/Cl-phen",C.Cl.c1cnc2c(c1)ccc1cccnc12,"3,7","Me,Cl",C1=CC2=C(C3=C(C=CC=N3)C=C2)N=C1,2,,
"3,7-Me/Br-phen",Br.C.c1cnc2c(c1)ccc1cccnc12,"3,7","Me,Br",C1=CC2=C(C3=C(C=CC=N3)C=C2)N=C1,2,,
"3,7-Me/NH2-phen",C.N.c1cnc2c(c1)ccc1cccnc12,"3,7","Me,NH2",C1=CC2=C(C3=C(C=CC=N3)C=C2)N=C1,2,,
"3,7-Me/OMe-phen",C.CO.c1cnc2c(c1)ccc1cccnc12,"3,7","Me,OMe",C1=CC2=C(C3=C(C=CC=N3)C=C2)N=C1,2,,
"3,7-(Me)2-phen",C.C.c1cnc2c(c1)ccc1cccnc12,"3,7","Me,Me",C1=CC2=C(C3=C(C=CC=N3)C=C2)N=C1,2,,
"3,7-Me/Et-phen",C.CC.c1cnc2c(c1)ccc1cccnc12,"3,7","Me,Et",C1=CC2=C(C3=C(C=CC=N3)C=C2)N=C1,2,,
"3,7-Et/CN-phen",C#N.CC.c1cnc2c(c1)ccc1cccnc12,"3,7","Et,CN",C1=CC2=C(C3=C(C=CC=N3)C=C2)N=C1,2,22.00,
"3,7-Et/CHO-phen",C=O.CC.c1cnc2c(c1)ccc1cccnc12,"3,7","Et,CHO",C1=CC2=C(C3=C(C=CC=N3)C=C2)N=C1,2,17.80,
"3,7-Et/OCF3-phen",CC.OC(F)(F)F.c1cnc2c(c1)ccc1cccnc12,"3,7","Et,OCF3",C1=CC2=C(C3=C(C=CC=N3)C=C2)N=C1,2,,
"3,7-Et/Cl-phen",CC.Cl.c1cnc2c(c1)ccc1cccnc12,"3,7","Et,Cl",C1=CC2=C(C3=C(C=CC=N3)C=C2)N=C1,2,,
"3,7-Et/Br-phen",Br.CC.c1cnc2c(c1)ccc1cccnc12,"3,7","Et,Br",C1=CC2=C(C3=C(C=CC=N3)C=C2)N=C1,2,,
"3,7-Et/NH2-phen",CC.N.c1cnc2c(c1)ccc1cccnc12,"3,7","Et,NH2",C1=CC2=C(C3=C(C=CC=N3)C=C2)N=C1,2,13.00,
"3,7-Et/OMe-phen",CC.CO.c1cnc2c(c1)ccc1cccnc12,"3,7","Et,OMe",C1=CC2=C(C3=C(C=CC=N3)C=C2)N=C1,2,9.00,
"3,7-Et/Me-phen",C.CC.c1cnc2c(c1)ccc1cccnc12,"3,7","Et,Me",C1=CC2=C(C3=C(C=CC=N3)C=C2)N=C1,2,,
"3,7-(Et)2-phen",CC.CC.c1cnc2c(c1)ccc1cccnc12,"3,7","Et,Et",C1=CC2=C(C3=C(C=CC=N3)C=C2)N=C1,2,8.00,
"3,8-(CN)2-phen",C#N.C#N.c1cnc2c(c1)ccc1cccnc12,"3,8","CN,CN",C1=CC2=C(C3=C(C=CC=N3)C=C2)N=C1,2,36.00,
"3,8-CN/CHO-phen",C#N.C=O.c1cnc2c(c1)ccc1cccnc12,"3,8","CN,CHO",C1=CC2=C(C3=C(C=CC=N3)C=C2)N=C1,2,31.80,
"3,8-CN/OCF3-phen",C#N.OC(F)(F)F.c1cnc2c(c1)ccc1cccnc12,"3,8","CN,OCF3",C1=CC2=C(C3=C(C=CC=N3)C=C2)N=C1,2,,
"3,8-CN/Cl-phen",C#N.Cl.c1cnc2c(c1)ccc1cccnc12,"3,8","CN,Cl",C1=CC2=C(C3=C(C=CC=N3)C=C2)N=C1,2,,
"3,8-CN/Br-phen",Br.C#N.c1cnc2c(c1)ccc1cccnc12,"3,8","CN,Br",C1=CC2=C(C3=C(C=CC=N3)C=C2)N=C1,2,,
"3,8-CN/NH2-phen",C#N.N.c1cnc2c(c1)ccc1cccnc12,"3,8","CN,NH2",C1=CC2=C(C3=C(C=CC=N3)C=C2)N=C1,2,27.00,
"3,8-CN/OMe-phen",C#N.CO.c1cnc2c(c1)ccc1cccnc12,"3,8","CN,OMe",C1=CC2=C(C3=C(C=CC=N3)C=C2)N=C1,2,23.00,
"3,8-CN/Me-phen",C.C#N.c1cnc2c(c1)ccc1cccnc12,"3,8","CN,Me",C1=CC2=C(C3=C(C=CC=N3)C=C2)N=C1,2,,
"3,8-CN/Et-phen",C#N.CC.c1cnc2c(c1)ccc1cccnc12,"3,8","CN,Et",C1=CC2=C(C3=C(C=CC=N3)C=C2)N=C1,2,22.00,
"3,8-CHO/CN-phen",C#N.C=O.c1cnc2c(c1)ccc1cccnc12,"3,8","CHO,CN",C1=CC2=C(C3=C(C=CC=N3)C=C2)N=C1,2,31.80,
"3,8-(CHO)2-phen",C=O.C=O.c1cnc2c(c1)ccc1cccnc12,"3,8","CHO,CHO",C1=CC2=C(C3=C(C=CC=N3)C=C2)N=C1,2,27.60,
"3,8-CHO/OCF3-phen",C=O.OC(F)(F)F.c1cnc2c(c1)ccc1cccnc12,"3,8","CHO,OCF3",C1=CC2=C(C3=C(C=CC=N3)C=C2)N=C1,2,,
"3,8-CHO/Cl-phen",C=O.Cl.c1cnc2c(c1)ccc1cccnc12,"3,8","CHO,Cl",C1=CC2=C(C3=C(C=CC=N3)C=C2)N=C1,2,,
"3,8-CHO/Br-phen",Br.C=O.c1cnc2c(c1)ccc1cccnc12,"3,8","CHO,Br",C1=CC2=C(C3=C(C=CC=N3)C=C2)N=C1,2,,
"3,8-CHO/NH2-phen",C=O.N.c1cnc2c(c1)ccc1cccnc12,"3,8","CHO,NH2",C1=CC2=C(C3=C(C=CC=N3)C=C2)N=C1,2,22.80,
"3,8-CHO/OMe-phen",C=O.CO.c1cnc2c(c1)ccc1cccnc12,"3,8","CHO,OMe",C1=CC2=C(C3=C(C=CC=N3)C=C2)N=C1,2,18.80,
"3,8-CHO/Me-phen",C.C=O.c1cnc2c(c1)ccc1cccnc12,"3,8","CHO,Me",C1=CC2=C(C3=C(C=CC=N3)C=C2)N=C1,2,,
"3,8-CHO/Et-phen",C=O.CC.c1cnc2c(c1)ccc1cccnc12,"3,8","CHO,Et",C1=CC2=C(C3=C(C=CC=N3)C=C2)N=C1,2,17.80,
"3,8-OCF3/CN-phen",C#N.OC(F)(F)F.c1cnc2c(c1)ccc1cccnc12,"3,8","OCF3,CN",C1=CC2=C(C3=C(C=CC=N3)C=C2)N=C1,2,,
"3,8-OCF3/CHO-phen",C=O.OC(F)(F)F.c1cnc2c(c1)ccc1cccnc12,"3,8","OCF3,CHO",C1=CC2=C(C3=C(C=CC=N3)C=C2)N=C1,2,,
"3,8-(OCF3)2-phen",OC(F)(F)F.OC(F)(F)F.c1cnc2c(c1)ccc1cccnc12,"3,8","OCF3,OCF3",C1=CC2=C(C3=C(C=CC=N3)C=C2)N=C1,2,,
"3,8-OCF3/Cl-phen",Cl.OC(F)(F)F.c1cnc2c(c1)ccc1cccnc12,"3,8","OCF3,Cl",C1=CC2=C(C3=C(C=CC=N3)C=C2)N=C1,2,,
"3,8-OCF3/Br-phen",Br.OC(F)(F)F.c1cnc2c(c1)ccc1cccnc12,"3,8","OCF3,Br",C1=CC2=C(C3=C(C=CC=N3)C=C2)N=C1,2,,
"3,8-OCF3/NH2-phen",N.OC(F)(F)F.c1cnc2c(c1)ccc1cccnc12,"3,8","OCF3,NH2",C1=CC2=C(C3=C(C=CC=N3)C=C2)N=C1,2,,
"3,8-OCF3/OMe-phen",CO.OC(F)(F)F.c1cnc2c(c1)ccc1cccnc12,"3,8","OCF3,OMe",C1=CC2=C(C3=C(C=CC=N3)C=C2)N=C1,2,,
"3,8-OCF3/Me-phen",C.OC(F)(F)F.c1cnc2c(c1)ccc1cccnc12,"3,8","OCF3,Me",C1=CC2=C(C3=C(C=CC=N3)C=C2)N=C1,2,,
"3,8-OCF3/Et-phen",CC.OC(F)(F)F.c1cnc2c(c1)ccc1cccnc12,"3,8","OCF3,Et",C1=CC2=C(C3=C(C=CC=N3)C=C2)N=C1,2,,
"3,8-Cl/CN-phen",C#N.Cl.c1cnc2c(c1)ccc1cccnc12,"3,8","Cl,CN",C1=CC2=C(C3=C(C=CC=N3)C=C2)N=C1,2,,
"3,8-Cl/CHO-phen",C=O.Cl.c1cnc2c(c1)ccc1cccnc12,"3,8","Cl,CHO",C1=CC2=C(C3=C(C=CC=N3)C=C2)N=C1,2,,
"3,8-Cl/OCF3-phen",Cl.OC(F)(F)F.c1cnc2c(c1)ccc1cccnc12,"3,8","Cl,OCF3",C1=CC2=C(C3=C(C=CC=N3)C=C2)N=C1,2,,
"3,8-(Cl)2-phen",Cl.Cl.c1cnc2c(c1)ccc1cccnc12,"3,8","Cl,Cl",C1=CC2=C(C3=C(C=CC=N3)C=C2)N=C1,2,,
"3,8-Cl/Br-phen",Br.Cl.c1cnc2c(c1)ccc1cccnc12,"3,8","Cl,Br",C1=CC2=C(C3=C(C=CC=N3)C=C2)N=C1,2,,
"3,8-Cl/NH2-phen",Cl.N.c1cnc2c(c1)ccc1cccnc12,"3,8","Cl,NH2",C1=CC2=C(C3=C(C=CC=N3)C=C2)N=C1,2,,
"3,8-Cl/OMe-phen",CO.Cl.c1cnc2c(c1)ccc1cccnc12,"3,8","Cl,OMe",C1=CC2=C(C3=C(C=CC=N3)C=C2)N=C1,2,,
"3,8-Cl/Me-phen",C.Cl.c1cnc2c(c1)ccc1cccnc12,"3,8","Cl,Me",C1=CC2=C(C3=C(C=CC=N3)C=C2)N=C1,2,,
"3,8-Cl/Et-phen",CC.Cl.c1cnc2c(c1)ccc1cccnc12,"3,8","Cl,Et",C1=CC2=C(C3=C(C=CC=N3)C=C2)N=C1,2,,
"3,8-Br/CN-phen",Br.C#N.c1cnc2c(c1)ccc1cccnc12,"3,8","Br,CN",C1=CC2=C(C3=C(C=CC=N3)C=C2)N=C1,2,,
"3,8-Br/CHO-phen",Br.C=O.c1cnc2c(c1)ccc1cccnc12,"3,8","Br,CHO",C1=CC2=C(C3=C(C=CC=N3)C=C2)N=C1,2,,
"3,8-Br/OCF3-phen",Br.OC(F)(F)F.c1cnc2c(c1)ccc1cccnc12,"3,8","Br,OCF3",C1=CC2=C(C3=C(C=CC=N3)C=C2)N=C1,2,,
"3,8-Br/Cl-phen",Br.Cl.c1cnc2c(c1)ccc1cccnc12,"3,8","Br,Cl",C1=CC2=C(C3=C(C=CC=N3)C=C2)N=C1,2,,
"3,8-(Br)2-phen",Br.Br.c1cnc2c(c1)ccc1cccnc12,"3,8","Br,Br",C1=CC2=C(C3=C(C=CC=N3)C=C2)N=C1,2,,
"3,8-Br/NH2-phen",Br.N.c1cnc2c(c1)ccc1cccnc12,"3,8","Br,NH2",C1=CC2=C(C3=C(C=CC=N3)C=C2)N=C1,2,,
"3,8-Br/OMe-phen",Br.CO.c1cnc2c(c1)ccc1cccnc12,"3,8","Br,OMe",C1=CC2=C(C3=C(C=CC=N3)C=C2)N=C1,2,,
"3,8-Br/Me-phen",Br.C.c1cnc2c(c1)ccc1cccnc12,"3,8","Br,Me",C1=CC2=C(C3=C(C=CC=N3)C=C2)N=C1,2,,
"3,8-Br/Et-phen",Br.CC.c1cnc2c(c1)ccc1cccnc12,"3,8","Br,Et",C1=CC2=C(C3=C(C=CC=N3)C=C2)N=C1,2,,
"3,8-NH2/CN-phen",C#N.N.c1cnc2c(c1)ccc1cccnc12,"3,8","NH2,CN",C1=CC2=C(C3=C(C=CC=N3)C=C2)N=C1,2,27.00,
"3,8-NH2/CHO-phen",C=O.N.c1cnc2c(c1)ccc1cccnc12,"3,8","NH2,CHO",C1=CC2=C(C3=C(C=CC=N3)C=C2)N=C1,2,22.80,
"3,8-NH2/OCF3-phen",N.OC(F)(F)F.c1cnc2c(c1)ccc1cccnc12,"3,8","NH2,OCF3",C1=CC2=C(C3=C(C=CC=N3)C=C2)N=C1,2,,
"3,8-NH2/Cl-phen",Cl.N.c1cnc2c(c1)ccc1cccnc12,"3,8","NH2,Cl",C1=CC2=C(C3=C(C=CC=N3)C=C2)N=C1,2,,
"3,8-NH2/Br-phen",Br.N.c1cnc2c(c1)ccc1cccnc12,"3,8","NH2,Br",C1=CC2=C(C3=C(C=CC=N3)C=C2)N=C1,2,,
"3,8-(NH2)2-phen",N.N.c1cnc2c(c1)ccc1cccnc12,"3,8","NH2,NH2",C1=CC2=C(C3=C(C=CC=N3)C=C2)N=C1,2,18.00,
"3,8-NH2/OMe-phen",CO.N.c1cnc2c(c1)ccc1cccnc12,"3,8","NH2,OMe",C1=CC2=C(C3=C(C=CC=N3)C=C2)N=C1,2,14.00,
"3,8-NH2/Me-phen",C.N.c1cnc2c(c1)ccc1cccnc12,"3,8","NH2,Me",C1=CC2=C(C3=C(C=CC=N3)C=C2)N=C1,2,,
"3,8-NH2/Et-phen",CC.N.c1cnc2c(c1)ccc1cccnc12,"3,8","NH2,Et",C1=CC2=C(C3=C(C=CC=N3)C=C2)N=C1,2,13.00,
"3,8-OMe/CN-phen",C#N.CO.c1cnc2c(c1)ccc1cccnc12,"3,8","OMe,CN",C1=CC2=C(C3=C(C=CC=N3)C=C2)N=C1,2,23.00,
"3,8-OMe/CHO-phen",C=O.CO.c1cnc2c(c1)ccc1cccnc12,"3,8","OMe,CHO",C1=CC2=C(C3=C(C=CC=N3)C=C2)N=C1,2,18.80,
"3,8-OMe/OCF3-phen",CO.OC(F)(F)F.c1cnc2c(c1)ccc1cccnc12,"3,8","OMe,OCF3",C1=CC2=C(C3=C(C=CC=N3)C=C2)N=C1,2,,
"3,8-OMe/Cl-phen",CO.Cl.c1cnc2c(c1)ccc1cccnc12,"3,8","OMe,Cl",C1=CC2=C(C3=C(C=CC=N3)C=C2)N=C1,2,,
"3,8-OMe/Br-phen",Br.CO.c1cnc2c(c1)ccc1cccnc12,"3,8","OMe,Br",C1=CC2=C(C3=C(C=CC=N3)C=C2)N=C1,2,,
"3,8-OMe/NH2-phen",CO.N.c1cnc2c(c1)ccc1cccnc12,"3,8","OMe,NH2",C1=CC2=C(C3=C(C=CC=N3)C=C2)N=C1,2,14.00,
"3,8-(OMe)2-phen",CO.CO.c1cnc2c(c1)ccc1cccnc12,"3,8","OMe,OMe",C1=CC2=C(C3=C(C=CC=N3)C=C2)N=C1,2,10.00,
"3,8-OMe/Me-phen",C.CO.c1cnc2c(c1)ccc1cccnc12,"3,8","OMe,Me",C1=CC2=C(C3=C(C=CC=N3)C=C2)N=C1,2,,
"3,8-OMe/Et-phen",CC.CO.c1cnc2c(c1)ccc1cccnc12,"3,8","OMe,Et",C1=CC2=C(C3=C(C=CC=N3)C=C2)N=C1,2,9.00,
"3,8-Me/CN-phen",C.C#N.c1cnc2c(c1)ccc1cccnc12,"3,8","Me,CN",C1=CC2=C(C3=C(C=CC=N3)C=C2)N=C1,2,,
"3,8-Me/CHO-phen",C.C=O.c1cnc2c(c1)ccc1cccnc12,"3,8","Me,CHO",C1=CC2=C(C3=C(C=CC=N3)C=C2)N=C1,2,,
"3,8-Me/OCF3-phen",C.OC(F)(F)F.c1cnc2c(c1)ccc1cccnc12,"3,8","Me,OCF3",C1=CC2=C(C3=C(C=CC=N3)C=C2)N=C1,2,,
"3,8-Me/Cl-phen",C.Cl.c1cnc2c(c1)ccc1cccnc12,"3,8","Me,Cl",C1=CC2=C(C3=C(C=CC=N3)C=C2)N=C1,2,,
"3,8-Me/Br-phen",Br.C.c1cnc2c(c1)ccc1cccnc12,"3,8","Me,Br",C1=CC2=C(C3=C(C=CC=N3)C=C2)N=C1,2,,
"3,8-Me/NH2-phen",C.N.c1cnc2c(c1)ccc1cccnc12,"3,8","Me,NH2",C1=CC2=C(C3=C(C=CC=N3)C=C2)N=C1,2,,
"3,8-Me/OMe-phen",C.CO.c1cnc2c(c1)ccc1cccnc12,"3,8","Me,OMe",C1=CC2=C(C3=C(C=CC=N3)C=C2)N=C1,2,,
"3,8-(Me)2-phen",C.C.c1cnc2c(c1)ccc1cccnc12,"3,8","Me,Me",C1=CC2=C(C3=C(C=CC=N3)C=C2)N=C1,2,,
"3,8-Me/Et-phen",C.CC.c1cnc2c(c1)ccc1cccnc12,"3,8","Me,Et",C1=CC2=C(C3=C(C=CC=N3)C=C2)N=C1,2,,
"3,8-Et/CN-phen",C#N.CC.c1cnc2c(c1)ccc1cccnc12,"3,8","Et,CN",C1=CC2=C(C3=C(C=CC=N3)C=C2)N=C1,2,22.00,
"3,8-Et/CHO-phen",C=O.CC.c1cnc2c(c1)ccc1cccnc12,"3,8","Et,CHO",C1=CC2=C(C3=C(C=CC=N3)C=C2)N=C1,2,17.80,
"3,8-Et/OCF3-phen",CC.OC(F)(F)F.c1cnc2c(c1)ccc1cccnc12,"3,8","Et,OCF3",C1=CC2=C(C3=C(C=CC=N3)C=C2)N=C1,2,,
"3,8-Et/Cl-phen",CC.Cl.c1cnc2c(c1)ccc1cccnc12,"3,8","Et,Cl",C1=CC2=C(C3=C(C=CC=N3)C=C2)N=C1,2,,
"3,8-Et/Br-phen",Br.CC.c1cnc2c(c1)ccc1cccnc12,"3,8","Et,Br",C1=CC2=C(C3=C(C=CC=N3)C=C2)N=C1,2,,
"3,8-Et/NH2-phen",CC.N.c1cnc2c(c1)ccc1cccnc12,"3,8","Et,NH2",C1=CC2=C(C3=C(C=CC=N3)C=C2)N=C1,2,13.00,
"3,8-Et/OMe-phen",CC.CO.c1cnc2c(c1)ccc1cccnc12,"3,8","Et,OMe",C1=CC2=C(C3=C(C=CC=N3)C=C2)N=C1,2,9.00,
"3,8-Et/Me-phen",C.CC.c1cnc2c(c1)ccc1cccnc12,"3,8","Et,Me",C1=CC2=C(C3=C(C=CC=N3)C=C2)N=C1,2,,
"3,8-(Et)2-phen",CC.CC.c1cnc2c(c1)ccc1cccnc12,"3,8","Et,Et",C1=CC2=C(C3=C(C=CC=N3)C=C2)N=C1,2,8.00,
"3,9-(CN)2-phen",C#N.C#N.c1cnc2c(c1)ccc1cccnc12,"3,9","CN,CN",C1=CC2=C(C3=C(C=CC=N3)C=C2)N=C1,2,36.00,
"3,9-CN/CHO-phen",C#N.C=O.c1cnc2c(c1)ccc1cccnc12,"3,9","CN,CHO",C1=CC2=C(C3=C(C=CC=N3)C=C2)N=C1,2,31.80,
"3,9-CN/OCF3-phen",C#N.OC(F)(F)F.c1cnc2c(c1)ccc1cccnc12,"3,9","CN,OCF3",C1=CC2=C(C3=C(C=CC=N3)C=C2)N=C1,2,,
"3,9-CN/Cl-phen",C#N.Cl.c1cnc2c(c1)ccc1cccnc12,"3,9","CN,Cl",C1=CC2=C(C3=C(C=CC=N3)C=C2)N=C1,2,,
"3,9-CN/Br-phen",Br.C#N.c1cnc2c(c1)ccc1cccnc12,"3,9","CN,Br",C1=CC2=C(C3=C(C=CC=N3)C=C2)N=C1,2,,
"3,9-CN/NH2-phen",C#N.N.c1cnc2c(c1)ccc1cccnc12,"3,9","CN,NH2",C1=CC2=C(C3=C(C=CC=N3)C=C2)N=C1,2,27.00,
"3,9-CN/OMe-phen",C#N.CO.c1cnc2c(c1)ccc1cccnc12,"3,9","CN,OMe",C1=CC2=C(C3=C(C=CC=N3)C=C2)N=C1,2,23.00,
"3,9-CN/Me-phen",C.C#N.c1cnc2c(c1)ccc1cccnc12,"3,9","CN,Me",C1=CC2=C(C3=C(C=CC=N3)C=C2)N=C1,2,,
"3,9-CN/Et-phen",C#N.CC.c1cnc2c(c1)ccc1cccnc12,"3,9","CN,Et",C1=CC2=C(C3=C(C=CC=N3)C=C2)N=C1,2,22.00,
"3,9-CHO/CN-phen",C#N.C=O.c1cnc2c(c1)ccc1cccnc12,"3,9","CHO,CN",C1=CC2=C(C3=C(C=CC=N3)C=C2)N=C1,2,31.80,
"3,9-(CHO)2-phen",C=O.C=O.c1cnc2c(c1)ccc1cccnc12,"3,9","CHO,CHO",C1=CC2=C(C3=C(C=CC=N3)C=C2)N=C1,2,27.60,
"3,9-CHO/OCF3-phen",C=O.OC(F)(F)F.c1cnc2c(c1)ccc1cccnc12,"3,9","CHO,OCF3",C1=CC2=C(C3=C(C=CC=N3)C=C2)N=C1,2,,
"3,9-CHO/Cl-phen",C=O.Cl.c1cnc2c(c1)ccc1cccnc12,"3,9","CHO,Cl",C1=CC2=C(C3=C(C=CC=N3)C=C2)N=C1,2,,
"3,9-CHO/Br-phen",Br.C=O.c1cnc2c(c1)ccc1cccnc12,"3,9","CHO,Br",C1=CC2=C(C3=C(C=CC=N3)C=C2)N=C1,2,,
"3,9-CHO/NH2-phen",C=O.N.c1cnc2c(c1)ccc1cccnc12,"3,9","CHO,NH2",C1=CC2=C(C3=C(C=CC=N3)C=C2)N=C1,2,22.80,
"3,9-CHO/OMe-phen",C=O.CO.c1cnc2c(c1)ccc1cccnc12,"3,9","CHO,OMe",C1=CC2=C(C3=C(C=CC=N3)C=C2)N=C1,2,18.80,
"3,9-CHO/Me-phen",C.C=O.c1cnc2c(c1)ccc1cccnc12,"3,9","CHO,Me",C1=CC2=C(C3=C(C=CC=N3)C=C2)N=C1,2,,
"3,9-CHO/Et-phen",C=O.CC.c1cnc2c(c1)ccc1cccnc12,"3,9","CHO,Et",C1=CC2=C(C3=C(C=CC=N3)C=C2)N=C1,2,17.80,
"3,9-OCF3/CN-phen",C#N.OC(F)(F)F.c1cnc2c(c1)ccc1cccnc12,"3,9","OCF3,CN",C1=CC2=C(C3=C(C=CC=N3)C=C2)N=C1,2,,
"3,9-OCF3/CHO-phen",C=O.OC(F)(F)F.c1cnc2c(c1)ccc1cccnc12,"3,9","OCF3,CHO",C1=CC2=C(C3=C(C=CC=N3)C=C2)N=C1,2,,
"3,9-(OCF3)2-phen",OC(F)(F)F.OC(F)(F)F.c1cnc2c(c1)ccc1cccnc12,"3,9","OCF3,OCF3",C1=CC2=C(C3=C(C=CC=N3)C=C2)N=C1,2,,
"3,9-OCF3/Cl-phen",Cl.OC(F)(F)F.c1cnc2c(c1)ccc1cccnc12,"3,9","OCF3,Cl",C1=CC2=C(C3=C(C=CC=N3)C=C2)N=C1,2,,
"3,9-OCF3/Br-phen",Br.OC(F)(F)F.c1cnc2c(c1)ccc1cccnc12,"3,9","OCF3,Br",C1=CC2=C(C3=C(C=CC=N3)C=C2)N=C1,2,,
"3,9-OCF3/NH2-phen",N.OC(F)(F)F.c1cnc2c(c1)ccc1cccnc12,"3,9","OCF3,NH2",C1=CC2=C(C3=C(C=CC=N3)C=C2)N=C1,2,,
"3,9-OCF3/OMe-phen",CO.OC(F)(F)F.c1cnc2c(c1)ccc1cccnc12,"3,9","OCF3,OMe",C1=CC2=C(C3=C(C=CC=N3)C=C2)N=C1,2,,
"3,9-OCF3/Me-phen",C.OC(F)(F)F.c1cnc2c(c1)ccc1cccnc12,"3,9","OCF3,Me",C1=CC2=C(C3=C(C=CC=N3)C=C2)N=C1,2,,
"3,9-OCF3/Et-phen",CC.OC(F)(F)F.c1cnc2c(c1)ccc1cccnc12,"3,9","OCF3,Et",C1=CC2=C(C3=C(C=CC=N3)C=C2)N=C1,2,,
"3,9-Cl/CN-phen",C#N.Cl.c1cnc2c(c1)ccc1cccnc12,"3,9","Cl,CN",C1=CC2=C(C3=C(C=CC=N3)C=C2)N=C1,2,,
"3,9-Cl/CHO-phen",C=O.Cl.c1cnc2c(c1)ccc1cccnc12,"3,9","Cl,CHO",C1=CC2=C(C3=C(C=CC=N3)C=C2)N=C1,2,,
"3,9-Cl/OCF3-phen",Cl.OC(F)(F)F.c1cnc2c(c1)ccc1cccnc12,"3,9","Cl,OCF3",C1=CC2=C(C3=C(C=CC=N3)C=C2)N=C1,2,,
"3,9-(Cl)2-phen",Cl.Cl.c1cnc2c(c1)ccc1cccnc12,"3,9","Cl,Cl",C1=CC2=C(C3=C(C=CC=N3)C=C2)N=C1,2,,
"3,9-Cl/Br-phen",Br.Cl.c1cnc2c(c1)ccc1cccnc12,"3,9","Cl,Br",C1=CC2=C(C3=C(C=CC=N3)C=C2)N=C1,2,,
"3,9-Cl/NH2-phen",Cl.N.c1cnc2c(c1)ccc1cccnc12,"3,9","Cl,NH2",C1=CC2=C(C3=C(C=CC=N3)C=C2)N=C1,2,,
"3,9-Cl/OMe-phen",CO.Cl.c1cnc2c(c1)ccc1cccnc12,"3,9","Cl,OMe",C1=CC2=C(C3=C(C=CC=N3)C=C2)N=C1,2,,
"3,9-Cl/Me-phen",C.Cl.c1cnc2c(c1)ccc1cccnc12,"3,9","Cl,Me",C1=CC2=C(C3=C(C=CC=N3)C=C2)N=C1,2,,
"3,9-Cl/Et-phen",CC.Cl.c1cnc2c(c1)ccc1cccnc12,"3,9","Cl,Et",C1=CC2=C(C3=C(C=CC=N3)C=C2)N=C1,2,,
"3,9-Br/CN-phen",Br.C#N.c1cnc2c(c1)ccc1cccnc12,"3,9","Br,CN",C1=CC2=C(C3=C(C=CC=N3)C=C2)N=C1,2,,
"3,9-Br/CHO-phen",Br.C=O.c1cnc2c(c1)ccc1cccnc12,"3,9","Br,CHO",C1=CC2=C(C3=C(C=CC=N3)C=C2)N=C1,2,,
"3,9-Br/OCF3-phen",Br.OC(F)(F)F.c1cnc2c(c1)ccc1cccnc12,"3,9","Br,OCF3",C1=CC2=C(C3=C(C=CC=N3)C=C2)N=C1,2,,
"3,9-Br/Cl-phen",Br.Cl.c1cnc2c(c1)ccc1cccnc12,"3,9","Br,Cl",C1=CC2=C(C3=C(C=CC=N3)C=C2)N=C1,2,,
"3,9-(Br)2-phen",Br.Br.c1cnc2c(c1)ccc1cccnc12,"3,9","Br,Br",C1=CC2=C(C3=C(C=CC=N3)C=C2)N=C1,2,,
"3,9-Br/NH2-phen",Br.N.c1cnc2c(c1)ccc1cccnc12,"3,9","Br,NH2",C1=CC2=C(C3=C(C=CC=N3)C=C2)N=C1,2,,
"3,9-Br/OMe-phen",Br.CO.c1cnc2c(c1)ccc1cccnc12,"3,9","Br,OMe",C1=CC2=C(C3=C(C=CC=N3)C=C2)N=C1,2,,
"3,9-Br/Me-phen",Br.C.c1cnc2c(c1)ccc1cccnc12,"3,9","Br,Me",C1=CC2=C(C3=C(C=CC=N3)C=C2)N=C1,2,,
"3,9-Br/Et-phen",Br.CC.c1cnc2c(c1)ccc1cccnc12,"3,9","Br,Et",C1=CC2=C(C3=C(C=CC=N3)C=C2)N=C1,2,,
"3,9-NH2/CN-phen",C#N.N.c1cnc2c(c1)ccc1cccnc12,"3,9","NH2,CN",C1=CC2=C(C3=C(C=CC=N3)C=C2)N=C1,2,27.00,
"3,9-NH2/CHO-phen",C=O.N.c1cnc2c(c1)ccc1cccnc12,"3,9","NH2,CHO",C1=CC2=C(C3=C(C=CC=N3)C=C2)N=C1,2,22.80,
"3,9-NH2/OCF3-phen",N.OC(F)(F)F.c1cnc2c(c1)ccc1cccnc12,"3,9","NH2,OCF3",C1=CC2=C(C3=C(C=CC=N3)C=C2)N=C1,2,,
"3,9-NH2/Cl-phen",Cl.N.c1cnc2c(c1)ccc1cccnc12,"3,9","NH2,Cl",C1=CC2=C(C3=C(C=CC=N3)C=C2)N=C1,2,,
"3,9-NH2/Br-phen",Br.N.c1cnc2c(c1)ccc1cccnc12,"3,9","NH2,Br",C1=CC2=C(C3=C(C=CC=N3)C=C2)N=C1,2,,
"3,9-(NH2)2-phen",N.N.c1cnc2c(c1)ccc1cccnc12,"3,9","NH2,NH2",C1=CC2=C(C3=C(C=CC=N3)C=C2)N=C1,2,18.00,
"3,9-NH2/OMe-phen",CO.N.c1cnc2c(c1)ccc1cccnc12,"3,9","NH2,OMe",C1=CC2=C(C3=C(C=CC=N3)C=C2)N=C1,2,14.00,
"3,9-NH2/Me-phen",C.N.c1cnc2c(c1)ccc1cccnc12,"3,9","NH2,Me",C1=CC2=C(C3=C(C=CC=N3)C=C2)N=C1,2,,
"3,9-NH2/Et-phen",CC.N.c1cnc2c(c1)ccc1cccnc12,"3,9","NH2,Et",C1=CC2=C(C3=C(C=CC=N3)C=C2)N=C1,2,13.00,
"3,9-OMe/CN-phen",C#N.CO.c1cnc2c(c1)ccc1cccnc12,"3,9","OMe,CN",C1=CC2=C(C3=C(C=CC=N3)C=C2)N=C1,2,23.00,
"3,9-OMe/CHO-phen",C=O.CO.c1cnc2c(c1)ccc1cccnc12,"3,9","OMe,CHO",C1=CC2=C(C3=C(C=CC=N3)C=C2)N=C1,2,18.80,
"3,9-OMe/OCF3-phen",CO.OC(F)(F)F.c1cnc2c(c1)ccc1cccnc12,"3,9","OMe,OCF3",C1=CC2=C(C3=C(C=CC=N3)C=C2)N=C1,2,,
"3,9-OMe/Cl-phen",CO.Cl.c1cnc2c(c1)ccc1cccnc12,"3,9","OMe,Cl",C1=CC2=C(C3=C(C=CC=N3)C=C2)N=C1,2,,
"3,9-OMe/Br-phen",Br.CO.c1cnc2c(c1)ccc1cccnc12,"3,9","OMe,Br",C1=CC2=C(C3=C(C=CC=N3)C=C2)N=C1,2,,
"3,9-OMe/NH2-phen",CO.N.c1cnc2c(c1)ccc1cccnc12,"3,9","OMe,NH2",C1=CC2=C(C3=C(C=CC=N3)C=C2)N=C1,2,14.00,
"3,9-(OMe)2-phen",CO.CO.c1cnc2c(c1)ccc1cccnc12,"3,9","OMe,OMe",C1=CC2=C(C3=C(C=CC=N3)C=C2)N=C1,2,10.00,
"3,9-OMe/Me-phen",C.CO.c1cnc2c(c1)ccc1cccnc12,"3,9","OMe,Me",C1=CC2=C(C3=C(C=CC=N3)C=C2)N=C1,2,,
"3,9-OMe/Et-phen",CC.CO.c1cnc2c(c1)ccc1cccnc12,"3,9","OMe,Et",C1=CC2=C(C3=C(C=CC=N3)C=C2)N=C1,2,9.00,
"3,9-Me/CN-phen",C.C#N.c1cnc2c(c1)ccc1cccnc12,"3,9","Me,CN",C1=CC2=C(C3=C(C=CC=N3)C=C2)N=C1,2,,
"3,9-Me/CHO-phen",C.C=O.c1cnc2c(c1)ccc1cccnc12,"3,9","Me,CHO",C1=CC2=C(C3=C(C=CC=N3)C=C2)N=C1,2,,
"3,9-Me/OCF3-phen",C.OC(F)(F)F.c1cnc2c(c1)ccc1cccnc12,"3,9","Me,OCF3",C1=CC2=C(C3=C(C=CC=N3)C=C2)N=C1,2,,
"3,9-Me/Cl-phen",C.Cl.c1cnc2c(c1)ccc1cccnc12,"3,9","Me,Cl",C1=CC2=C(C3=C(C=CC=N3)C=C2)N=C1,2,,
"3,9-Me/Br-phen",Br.C.c1cnc2c(c1)ccc1cccnc12,"3,9","Me,Br",C1=CC2=C(C3=C(C=CC=N3)C=C2)N=C1,2,,
"3,9-Me/NH2-phen",C.N.c1cnc2c(c1)ccc1cccnc12,"3,9","Me,NH2",C1=CC2=C(C3=C(C=CC=N3)C=C2)N=C1,2,,
"3,9-Me/OMe-phen",C.CO.c1cnc2c(c1)ccc1cccnc12,"3,9","Me,OMe",C1=CC2=C(C3=C(C=CC=N3)C=C2)N=C1,2,,
"3,9-(Me)2-phen",C.C.c1cnc2c(c1)ccc1cccnc12,"3,9","Me,Me",C1=CC2=C(C3=C(C=CC=N3)C=C2)N=C1,2,,
"3,9-Me/Et-phen",C.CC.c1cnc2c(c1)ccc1cccnc12,"3,9","Me,Et",C1=CC2=C(C3=C(C=CC=N3)C=C2)N=C1,2,,
"3,9-Et/CN-phen",C#N.CC.c1cnc2c(c1)ccc1cccnc12,"3,9","Et,CN",C1=CC2=C(C3=C(C=CC=N3)C=C2)N=C1,2,22.00,
"3,9-Et/CHO-phen",C=O.CC.c1cnc2c(c1)ccc1cccnc12,"3,9","Et,CHO",C1=CC2=C(C3=C(C=CC=N3)C=C2)N=C1,2,17.80,
"3,9-Et/OCF3-phen",CC.OC(F)(F)F.c1cnc2c(c1)ccc1cccnc12,"3,9","Et,OCF3",C1=CC2=C(C3=C(C=CC=N3)C=C2)N=C1,2,,
"3,9-Et/Cl-phen",CC.Cl.c1cnc2c(c1)ccc1cccnc12,"3,9","Et,Cl",C1=CC2=C(C3=C(C=CC=N3)C=C2)N=C1,2,,
"3,9-Et/Br-phen",Br.CC.c1cnc2c(c1)ccc1cccnc12,"3,9","Et,Br",C1=CC2=C(C3=C(C=CC=N3)C=C2)N=C1,2,,
"3,9-Et/NH2-phen",CC.N.c1cnc2c(c1)ccc1cccnc12,"3,9","Et,NH2",C1=CC2=C(C3=C(C=CC=N3)C=C2)N=C1,2,13.00,
"3,9-Et/OMe-phen",CC.CO.c1cnc2c(c1)ccc1cccnc12,"3,9","Et,OMe",C1=CC2=C(C3=C(C=CC=N3)C=C2)N=C1,2,9.00,
"3,9-Et/Me-phen",C.CC.c1cnc2c(c1)ccc1cccnc12,"3,9","Et,Me",C1=CC2=C(C3=C(C=CC=N3)C=C2)N=C1,2,,
"3,9-(Et)2-phen",CC.CC.c1cnc2c(c1)ccc1cccnc12,"3,9","Et,Et",C1=CC2=C(C3=C(C=CC=N3)C=C2)N=C1,2,8.00,
"4,5-(CN)2-phen",C#N.C#N.c1cnc2c(c1)ccc1cccnc12,"4,5","CN,CN",C1=CC2=C(C3=C(C=CC=N3)C=C2)N=C1,2,36.00,
"4,5-CN/CHO-phen",C#N.C=O.c1cnc2c(c1)ccc1cccnc12,"4,5","CN,CHO",C1=CC2=C(C3=C(C=CC=N3)C=C2)N=C1,2,31.80,
"4,5-CN/OCF3-phen",C#N.OC(F)(F)F.c1cnc2c(c1)ccc1cccnc12,"4,5","CN,OCF3",C1=CC2=C(C3=C(C=CC=N3)C=C2)N=C1,2,,
"4,5-CN/Cl-phen",C#N.Cl.c1cnc2c(c1)ccc1cccnc12,"4,5","CN,Cl",C1=CC2=C(C3=C(C=CC=N3)C=C2)N=C1,2,,
"4,5-CN/Br-phen",Br.C#N.c1cnc2c(c1)ccc1cccnc12,"4,5","CN,Br",C1=CC2=C(C3=C(C=CC=N3)C=C2)N=C1,2,,
"4,5-CN/NH2-phen",C#N.N.c1cnc2c(c1)ccc1cccnc12,"4,5","CN,NH2",C1=CC2=C(C3=C(C=CC=N3)C=C2)N=C1,2,27.00,
"4,5-CN/OMe-phen",C#N.CO.c1cnc2c(c1)ccc1cccnc12,"4,5","CN,OMe",C1=CC2=C(C3=C(C=CC=N3)C=C2)N=C1,2,23.00,
"4,5-CN/Me-phen",C.C#N.c1cnc2c(c1)ccc1cccnc12,"4,5","CN,Me",C1=CC2=C(C3=C(C=CC=N3)C=C2)N=C1,2,,
"4,5-CN/Et-phen",C#N.CC.c1cnc2c(c1)ccc1cccnc12,"4,5","CN,Et",C1=CC2=C(C3=C(C=CC=N3)C=C2)N=C1,2,22.00,
"4,5-CHO/CN-phen",C#N.C=O.c1cnc2c(c1)ccc1cccnc12,"4,5","CHO,CN",C1=CC2=C(C3=C(C=CC=N3)C=C2)N=C1,2,31.80,
"4,5-(CHO)2-phen",C=O.C=O.c1cnc2c(c1)ccc1cccnc12,"4,5","CHO,CHO",C1=CC2=C(C3=C(C=CC=N3)C=C2)N=C1,2,27.60,
"4,5-CHO/OCF3-phen",C=O.OC(F)(F)F.c1cnc2c(c1)ccc1cccnc12,"4,5","CHO,OCF3",C1=CC2=C(C3=C(C=CC=N3)C=C2)N=C1,2,,
"4,5-CHO/Cl-phen",C=O.Cl.c1cnc2c(c1)ccc1cccnc12,"4,5","CHO,Cl",C1=CC2=C(C3=C(C=CC=N3)C=C2)N=C1,2,,
"4,5-CHO/Br-phen",Br.C=O.c1cnc2c(c1)ccc1cccnc12,"4,5","CHO,Br",C1=CC2=C(C3=C(C=CC=N3)C=C2)N=C1,2,,
"4,5-CHO/NH2-phen",C=O.N.c1cnc2c(c1)ccc1cccnc12,"4,5","CHO,NH2",C1=CC2=C(C3=C(C=CC=N3)C=C2)N=C1,2,22.80,
"4,5-CHO/OMe-phen",C=O.CO.c1cnc2c(c1)ccc1cccnc12,"4,5","CHO,OMe",C1=CC2=C(C3=C(C=CC=N3)C=C2)N=C1,2,18.80,
"4,5-CHO/Me-phen",C.C=O.c1cnc2c(c1)ccc1cccnc12,"4,5","CHO,Me",C1=CC2=C(C3=C(C=CC=N3)C=C2)N=C1,2,,
"4,5-CHO/Et-phen",C=O.CC.c1cnc2c(c1)ccc1cccnc12,"4,5","CHO,Et",C1=CC2=C(C3=C(C=CC=N3)C=C2)N=C1,2,17.80,
"4,5-OCF3/CN-phen",C#N.OC(F)(F)F.c1cnc2c(c1)ccc1cccnc12,"4,5","OCF3,CN",C1=CC2=C(C3=C(C=CC=N3)C=C2)N=C1,2,,
"4,5-OCF3/CHO-phen",C=O.OC(F)(F)F.c1cnc2c(c1)ccc1cccnc12,"4,5","OCF3,CHO",C1=CC2=C(C3=C(C=CC=N3)C=C2)N=C1,2,,
"4,5-(OCF3)2-phen",OC(F)(F)F.OC(F)(F)F.c1cnc2c(c1)ccc1cccnc12,"4,5","OCF3,OCF3",C1=CC2=C(C3=C(C=CC=N3)C=C2)N=C1,2,,
"4,5-OCF3/Cl-phen",Cl.OC(F)(F)F.c1cnc2c(c1)ccc1cccnc12,"4,5","OCF3,Cl",C1=CC2=C(C3=C(C=CC=N3)C=C2)N=C1,2,,
"4,5-OCF3/Br-phen",Br.OC(F)(F)F.c1cnc2c(c1)ccc1cccnc12,"4,5","OCF3,Br",C1=CC2=C(C3=C(C=CC=N3)C=C2)N=C1,2,,
"4,5-OCF3/NH2-phen",N.OC(F)(F)F.c1cnc2c(c1)ccc1cccnc12,"4,5","OCF3,NH2",C1=CC2=C(C3=C(C=CC=N3)C=C2)N=C1,2,,
"4,5-OCF3/OMe-phen",CO.OC(F)(F)F.c1cnc2c(c1)ccc1cccnc12,"4,5","OCF3,OMe",C1=CC2=C(C3=C(C=CC=N3)C=C2)N=C1,2,,
"4,5-OCF3/Me-phen",C.OC(F)(F)F.c1cnc2c(c1)ccc1cccnc12,"4,5","OCF3,Me",C1=CC2=C(C3=C(C=CC=N3)C=C2)N=C1,2,,
"4,5-OCF3/Et-phen",CC.OC(F)(F)F.c1cnc2c(c1)ccc1cccnc12,"4,5","OCF3,Et",C1=CC2=C(C3=C(C=CC=N3)C=C2)N=C1,2,,
"4,5-Cl/CN-phen",C#N.Cl.c1cnc2c(c1)ccc1cccnc12,"4,5","Cl,CN",C1=CC2=C(C3=C(C=CC=N3)C=C2)N=C1,2,,
"4,5-Cl/CHO-phen",C=O.Cl.c1cnc2c(c1)ccc1cccnc12,"4,5","Cl,CHO",C1=CC2=C(C3=C(C=CC=N3)C=C2)N=C1,2,,
"4,5-Cl/OCF3-phen",Cl.OC(F)(F)F.c1cnc2c(c1)ccc1cccnc12,"4,5","Cl,OCF3",C1=CC2=C(C3=C(C=CC=N3)C=C2)N=C1,2,,
"4,5-(Cl)2-phen",Cl.Cl.c1cnc2c(c1)ccc1cccnc12,"4,5","Cl,Cl",C1=CC2=C(C3=C(C=CC=N3)C=C2)N=C1,2,,
"4,5-Cl/Br-phen",Br.Cl.c1cnc2c(c1)ccc1cccnc12,"4,5","Cl,Br",C1=CC2=C(C3=C(C=CC=N3)C=C2)N=C1,2,,
"4,5-Cl/NH2-phen",Cl.N.c1cnc2c(c1)ccc1cccnc12,"4,5","Cl,NH2",C1=CC2=C(C3=C(C=CC=N3)C=C2)N=C1,2,,
"4,5-Cl/OMe-phen",CO.Cl.c1cnc2c(c1)ccc1cccnc12,"4,5","Cl,OMe",C1=CC2=C(C3=C(C=CC=N3)C=C2)N=C1,2,,
"4,5-Cl/Me-phen",C.Cl.c1cnc2c(c1)ccc1cccnc12,"4,5","Cl,Me",C1=CC2=C(C3=C(C=CC=N3)C=C2)N=C1,2,,
"4,5-Cl/Et-phen",CC.Cl.c1cnc2c(c1)ccc1cccnc12,"4,5","Cl,Et",C1=CC2=C(C3=C(C=CC=N3)C=C2)N=C1,2,,
"4,5-Br/CN-phen",Br.C#N.c1cnc2c(c1)ccc1cccnc12,"4,5","Br,CN",C1=CC2=C(C3=C(C=CC=N3)C=C2)N=C1,2,,
"4,5-Br/CHO-phen",Br.C=O.c1cnc2c(c1)ccc1cccnc12,"4,5","Br,CHO",C1=CC2=C(C3=C(C=CC=N3)C=C2)N=C1,2,,
"4,5-Br/OCF3-phen",Br.OC(F)(F)F.c1cnc2c(c1)ccc1cccnc12,"4,5","Br,OCF3",C1=CC2=C(C3=C(C=CC=N3)C=C2)N=C1,2,,
"4,5-Br/Cl-phen",Br.Cl.c1cnc2c(c1)ccc1cccnc12,"4,5","Br,Cl",C1=CC2=C(C3=C(C=CC=N3)C=C2)N=C1,2,,
"4,5-(Br)2-phen",Br.Br.c1cnc2c(c1)ccc1cccnc12,"4,5","Br,Br",C1=CC2=C(C3=C(C=CC=N3)C=C2)N=C1,2,,
"4,5-Br/NH2-phen",Br.N.c1cnc2c(c1)ccc1cccnc12,"4,5","Br,NH2",C1=CC2=C(C3=C(C=CC=N3)C=C2)N=C1,2,,
"4,5-Br/OMe-phen",Br.CO.c1cnc2c(c1)ccc1cccnc12,"4,5","Br,OMe",C1=CC2=C(C3=C(C=CC=N3)C=C2)N=C1,2,,
"4,5-Br/Me-phen",Br.C.c1cnc2c(c1)ccc1cccnc12,"4,5","Br,Me",C1=CC2=C(C3=C(C=CC=N3)C=C2)N=C1,2,,
"4,5-Br/Et-phen",Br.CC.c1cnc2c(c1)ccc1cccnc12,"4,5","Br,Et",C1=CC2=C(C3=C(C=CC=N3)C=C2)N=C1,2,,
"4,5-NH2/CN-phen",C#N.N.c1cnc2c(c1)ccc1cccnc12,"4,5","NH2,CN",C1=CC2=C(C3=C(C=CC=N3)C=C2)N=C1,2,27.00,
"4,5-NH2/CHO-phen",C=O.N.c1cnc2c(c1)ccc1cccnc12,"4,5","NH2,CHO",C1=CC2=C(C3=C(C=CC=N3)C=C2)N=C1,2,22.80,
"4,5-NH2/OCF3-phen",N.OC(F)(F)F.c1cnc2c(c1)ccc1cccnc12,"4,5","NH2,OCF3",C1=CC2=C(C3=C(C=CC=N3)C=C2)N=C1,2,,
"4,5-NH2/Cl-phen",Cl.N.c1cnc2c(c1)ccc1cccnc12,"4,5","NH2,Cl",C1=CC2=C(C3=C(C=CC=N3)C=C2)N=C1,2,,
"4,5-NH2/Br-phen",Br.N.c1cnc2c(c1)ccc1cccnc12,"4,5","NH2,Br",C1=CC2=C(C3=C(C=CC=N3)C=C2)N=C1,2,,
"4,5-(NH2)2-phen",N.N.c1cnc2c(c1)ccc1cccnc12,"4,5","NH2,NH2",C1=CC2=C(C3=C(C=CC=N3)C=C2)N=C1,2,18.00,
"4,5-NH2/OMe-phen",CO.N.c1cnc2c(c1)ccc1cccnc12,"4,5","NH2,OMe",C1=CC2=C(C3=C(C=CC=N3)C=C2)N=C1,2,14.00,
"4,5-NH2/Me-phen",C.N.c1cnc2c(c1)ccc1cccnc12,"4,5","NH2,Me",C1=CC2=C(C3=C(C=CC=N3)C=C2)N=C1,2,,
"4,5-NH2/Et-phen",CC.N.c1cnc2c(c1)ccc1cccnc12,"4,5","NH2,Et",C1=CC2=C(C3=C(C=CC=N3)C=C2)N=C1,2,13.00,
"4,5-OMe/CN-phen",C#N.CO.c1cnc2c(c1)ccc1cccnc12,"4,5","OMe,CN",C1=CC2=C(C3=C(C=CC=N3)C=C2)N=C1,2,23.00,
"4,5-OMe/CHO-phen",C=O.CO.c1cnc2c(c1)ccc1cccnc12,"4,5","OMe,CHO",C1=CC2=C(C3=C(C=CC=N3)C=C2)N=C1,2,18.80,
"4,5-OMe/OCF3-phen",CO.OC(F)(F)F.c1cnc2c(c1)ccc1cccnc12,"4,5","OMe,OCF3",C1=CC2=C(C3=C(C=CC=N3)C=C2)N=C1,2,,
"4,5-OMe/Cl-phen",CO.Cl.c1cnc2c(c1)ccc1cccnc12,"4,5","OMe,Cl",C1=CC2=C(C3=C(C=CC=N3)C=C2)N=C1,2,,
"4,5-OMe/Br-phen",Br.CO.c1cnc2c(c1)ccc1cccnc12,"4,5","OMe,Br",C1=CC2=C(C3=C(C=CC=N3)C=C2)N=C1,2,,
"4,5-OMe/NH2-phen",CO.N.c1cnc2c(c1)ccc1cccnc12,"4,5","OMe,NH2",C1=CC2=C(C3=C(C=CC=N3)C=C2)N=C1,2,14.00,
"4,5-(OMe)2-phen",CO.CO.c1cnc2c(c1)ccc1cccnc12,"4,5","OMe,OMe",C1=CC2=C(C3=C(C=CC=N3)C=C2)N=C1,2,10.00,
"4,5-OMe/Me-phen",C.CO.c1cnc2c(c1)ccc1cccnc12,"4,5","OMe,Me",C1=CC2=C(C3=C(C=CC=N3)C=C2)N=C1,2,,
"4,5-OMe/Et-phen",CC.CO.c1cnc2c(c1)ccc1cccnc12,"4,5","OMe,Et",C1=CC2=C(C3=C(C=CC=N3)C=C2)N=C1,2,9.00,
"4,5-Me/CN-phen",C.C#N.c1cnc2c(c1)ccc1cccnc12,"4,5","Me,CN",C1=CC2=C(C3=C(C=CC=N3)C=C2)N=C1,2,,
"4,5-Me/CHO-phen",C.C=O.c1cnc2c(c1)ccc1cccnc12,"4,5","Me,CHO",C1=CC2=C(C3=C(C=CC=N3)C=C2)N=C1,2,,
"4,5-Me/OCF3-phen",C.OC(F)(F)F.c1cnc2c(c1)ccc1cccnc12,"4,5","Me,OCF3",C1=CC2=C(C3=C(C=CC=N3)C=C2)N=C1,2,,
"4,5-Me/Cl-phen",C.Cl.c1cnc2c(c1)ccc1cccnc12,"4,5","Me,Cl",C1=CC2=C(C3=C(C=CC=N3)C=C2)N=C1,2,,
"4,5-Me/Br-phen",Br.C.c1cnc2c(c1)ccc1cccnc12,"4,5","Me,Br",C1=CC2=C(C3=C(C=CC=N3)C=C2)N=C1,2,,
"4,5-Me/NH2-phen",C.N.c1cnc2c(c1)ccc1cccnc12,"4,5","Me,NH2",C1=CC2=C(C3=C(C=CC=N3)C=C2)N=C1,2,,
"4,5-Me/OMe-phen",C.CO.c1cnc2c(c1)ccc1cccnc12,"4,5","Me,OMe",C1=CC2=C(C3=C(C=CC=N3)C=C2)N=C1,2,,
"4,5-(Me)2-phen",C.C.c1cnc2c(c1)ccc1cccnc12,"4,5","Me,Me",C1=CC2=C(C3=C(C=CC=N3)C=C2)N=C1,2,,
"4,5-Me/Et-phen",C.CC.c1cnc2c(c1)ccc1cccnc12,"4,5","Me,Et",C1=CC2=C(C3=C(C=CC=N3)C=C2)N=C1,2,,
"4,5-Et/CN-phen",C#N.CC.c1cnc2c(c1)ccc1cccnc12,"4,5","Et,CN",C1=CC2=C(C3=C(C=CC=N3)C=C2)N=C1,2,22.00,
"4,5-Et/CHO-phen",C=O.CC.c1cnc2c(c1)ccc1cccnc12,"4,5","Et,CHO",C1=CC2=C(C3=C(C=CC=N3)C=C2)N=C1,2,17.80,
"4,5-Et/OCF3-phen",CC.OC(F)(F)F.c1cnc2c(c1)ccc1cccnc12,"4,5","Et,OCF3",C1=CC2=C(C3=C(C=CC=N3)C=C2)N=C1,2,,
"4,5-Et/Cl-phen",CC.Cl.c1cnc2c(c1)ccc1cccnc12,"4,5","Et,Cl",C1=CC2=C(C3=C(C=CC=N3)C=C2)N=C1,2,,
"4,5-Et/Br-phen",Br.CC.c1cnc2c(c1)ccc1cccnc12,"4,5","Et,Br",C1=CC2=C(C3=C(C=CC=N3)C=C2)N=C1,2,,
"4,5-Et/NH2-phen",CC.N.c1cnc2c(c1)ccc1cccnc12,"4,5","Et,NH2",C1=CC2=C(C3=C(C=CC=N3)C=C2)N=C1,2,13.00,
"4,5-Et/OMe-phen",CC.CO.c1cnc2c(c1)ccc1cccnc12,"4,5","Et,OMe",C1=CC2=C(C3=C(C=CC=N3)C=C2)N=C1,2,9.00,
"4,5-Et/Me-phen",C.CC.c1cnc2c(c1)ccc1cccnc12,"4,5","Et,Me",C1=CC2=C(C3=C(C=CC=N3)C=C2)N=C1,2,,
"4,5-(Et)2-phen",CC.CC.c1cnc2c(c1)ccc1cccnc12,"4,5","Et,Et",C1=CC2=C(C3=C(C=CC=N3)C=C2)N=C1,2,8.00,
"4,6-(CN)2-phen",C#N.C#N.c1cnc2c(c1)ccc1cccnc12,"4,6","CN,CN",C1=CC2=C(C3=C(C=CC=N3)C=C2)N=C1,2,36.00,
"4,6-CN/CHO-phen",C#N.C=O.c1cnc2c(c1)ccc1cccnc12,"4,6","CN,CHO",C1=CC2=C(C3=C(C=CC=N3)C=C2)N=C1,2,31.80,
"4,6-CN/OCF3-phen",C#N.OC(F)(F)F.c1cnc2c(c1)ccc1cccnc12,"4,6","CN,OCF3",C1=CC2=C(C3=C(C=CC=N3)C=C2)N=C1,2,,
"4,6-CN/Cl-phen",C#N.Cl.c1cnc2c(c1)ccc1cccnc12,"4,6","CN,Cl",C1=CC2=C(C3=C(C=CC=N3)C=C2)N=C1,2,,
"4,6-CN/Br-phen",Br.C#N.c1cnc2c(c1)ccc1cccnc12,"4,6","CN,Br",C1=CC2=C(C3=C(C=CC=N3)C=C2)N=C1,2,,
"4,6-CN/NH2-phen",C#N.N.c1cnc2c(c1)ccc1cccnc12,"4,6","CN,NH2",C1=CC2=C(C3=C(C=CC=N3)C=C2)N=C1,2,27.00,
"4,6-CN/OMe-phen",C#N.CO.c1cnc2c(c1)ccc1cccnc12,"4,6","CN,OMe",C1=CC2=C(C3=C(C=CC=N3)C=C2)N=C1,2,23.00,
"4,6-CN/Me-phen",C.C#N.c1cnc2c(c1)ccc1cccnc12,"4,6","CN,Me",C1=CC2=C(C3=C(C=CC=N3)C=C2)N=C1,2,,
"4,6-CN/Et-phen",C#N.CC.c1cnc2c(c1)ccc1cccnc12,"4,6","CN,Et",C1=CC2=C(C3=C(C=CC=N3)C=C2)N=C1,2,22.00,
"4,6-CHO/CN-phen",C#N.C=O.c1cnc2c(c1)ccc1cccnc12,"4,6","CHO,CN",C1=CC2=C(C3=C(C=CC=N3)C=C2)N=C1,2,31.80,
"4,6-(CHO)2-phen",C=O.C=O.c1cnc2c(c1)ccc1cccnc12,"4,6","CHO,CHO",C1=CC2=C(C3=C(C=CC=N3)C=C2)N=C1,2,27.60,
"4,6-CHO/OCF3-phen",C=O.OC(F)(F)F.c1cnc2c(c1)ccc1cccnc12,"4,6","CHO,OCF3",C1=CC2=C(C3=C(C=CC=N3)C=C2)N=C1,2,,
"4,6-CHO/Cl-phen",C=O.Cl.c1cnc2c(c1)ccc1cccnc12,"4,6","CHO,Cl",C1=CC2=C(C3=C(C=CC=N3)C=C2)N=C1,2,,
"4,6-CHO/Br-phen",Br.C=O.c1cnc2c(c1)ccc1cccnc12,"4,6","CHO,Br",C1=CC2=C(C3=C(C=CC=N3)C=C2)N=C1,2,,
"4,6-CHO/NH2-phen",C=O.N.c1cnc2c(c1)ccc1cccnc12,"4,6","CHO,NH2",C1=CC2=C(C3=C(C=CC=N3)C=C2)N=C1,2,22.80,
"4,6-CHO/OMe-phen",C=O.CO.c1cnc2c(c1)ccc1cccnc12,"4,6","CHO,OMe",C1=CC2=C(C3=C(C=CC=N3)C=C2)N=C1,2,18.80,
"4,6-CHO/Me-phen",C.C=O.c1cnc2c(c1)ccc1cccnc12,"4,6","CHO,Me",C1=CC2=C(C3=C(C=CC=N3)C=C2)N=C1,2,,
"4,6-CHO/Et-phen",C=O.CC.c1cnc2c(c1)ccc1cccnc12,"4,6","CHO,Et",C1=CC2=C(C3=C(C=CC=N3)C=C2)N=C1,2,17.80,
"4,6-OCF3/CN-phen",C#N.OC(F)(F)F.c1cnc2c(c1)ccc1cccnc12,"4,6","OCF3,CN",C1=CC2=C(C3=C(C=CC=N3)C=C2)N=C1,2,,
"4,6-OCF3/CHO-phen",C=O.OC(F)(F)F.c1cnc2c(c1)ccc1cccnc12,"4,6","OCF3,CHO",C1=CC2=C(C3=C(C=CC=N3)C=C2)N=C1,2,,
"4,6-(OCF3)2-phen",OC(F)(F)F.OC(F)(F)F.c1cnc2c(c1)ccc1cccnc12,"4,6","OCF3,OCF3",C1=CC2=C(C3=C(C=CC=N3)C=C2)N=C1,2,,
"4,6-OCF3/Cl-phen",Cl.OC(F)(F)F.c1cnc2c(c1)ccc1cccnc12,"4,6","OCF3,Cl",C1=CC2=C(C3=C(C=CC=N3)C=C2)N=C1,2,,
"4,6-OCF3/Br-phen",Br.OC(F)(F)F.c1cnc2c(c1)ccc1cccnc12,"4,6","OCF3,Br",C1=CC2=C(C3=C(C=CC=N3)C=C2)N=C1,2,,
"4,6-OCF3/NH2-phen",N.OC(F)(F)F.c1cnc2c(c1)ccc1cccnc12,"4,6","OCF3,NH2",C1=CC2=C(C3=C(C=CC=N3)C=C2)N=C1,2,,
"4,6-OCF3/OMe-phen",CO.OC(F)(F)F.c1cnc2c(c1)ccc1cccnc12,"4,6","OCF3,OMe",C1=CC2=C(C3=C(C=CC=N3)C=C2)N=C1,2,,
"4,6-OCF3/Me-phen",C.OC(F)(F)F.c1cnc2c(c1)ccc1cccnc12,"4,6","OCF3,Me",C1=CC2=C(C3=C(C=CC=N3)C=C2)N=C1,2,,
"4,6-OCF3/Et-phen",CC.OC(F)(F)F.c1cnc2c(c1)ccc1cccnc12,"4,6","OCF3,Et",C1=CC2=C(C3=C(C=CC=N3)C=C2)N=C1,2,,
"4,6-Cl/CN-phen",C#N.Cl.c1cnc2c(c1)ccc1cccnc12,"4,6","Cl,CN",C1=CC2=C(C3=C(C=CC=N3)C=C2)N=C1,2,,
"4,6-Cl/CHO-phen",C=O.Cl.c1cnc2c(c1)ccc1cccnc12,"4,6","Cl,CHO",C1=CC2=C(C3=C(C=CC=N3)C=C2)N=C1,2,,
"4,6-Cl/OCF3-phen",Cl.OC(F)(F)F.c1cnc2c(c1)ccc1cccnc12,"4,6","Cl,OCF3",C1=CC2=C(C3=C(C=CC=N3)C=C2)N=C1,2,,
"4,6-(Cl)2-phen",Cl.Cl.c1cnc2c(c1)ccc1cccnc12,"4,6","Cl,Cl",C1=CC2=C(C3=C(C=CC=N3)C=C2)N=C1,2,,
"4,6-Cl/Br-phen",Br.Cl.c1cnc2c(c1)ccc1cccnc12,"4,6","Cl,Br",C1=CC2=C(C3=C(C=CC=N3)C=C2)N=C1,2,,
"4,6-Cl/NH2-phen",Cl.N.c1cnc2c(c1)ccc1cccnc12,"4,6","Cl,NH2",C1=CC2=C(C3=C(C=CC=N3)C=C2)N=C1,2,,
"4,6-Cl/OMe-phen",CO.Cl.c1cnc2c(c1)ccc1cccnc12,"4,6","Cl,OMe",C1=CC2=C(C3=C(C=CC=N3)C=C2)N=C1,2,,
"4,6-Cl/Me-phen",C.Cl.c1cnc2c(c1)ccc1cccnc12,"4,6","Cl,Me",C1=CC2=C(C3=C(C=CC=N3)C=C2)N=C1,2,,
"4,6-Cl/Et-phen",CC.Cl.c1cnc2c(c1)ccc1cccnc12,"4,6","Cl,Et",C1=CC2=C(C3=C(C=CC=N3)C=C2)N=C1,2,,
"4,6-Br/CN-phen",Br.C#N.c1cnc2c(c1)ccc1cccnc12,"4,6","Br,CN",C1=CC2=C(C3=C(C=CC=N3)C=C2)N=C1,2,,
"4,6-Br/CHO-phen",Br.C=O.c1cnc2c(c1)ccc1cccnc12,"4,6","Br,CHO",C1=CC2=C(C3=C(C=CC=N3)C=C2)N=C1,2,,
"4,6-Br/OCF3-phen",Br.OC(F)(F)F.c1cnc2c(c1)ccc1cccnc12,"4,6","Br,OCF3",C1=CC2=C(C3=C(C=CC=N3)C=C2)N=C1,2,,
"4,6-Br/Cl-phen",Br.Cl.c1cnc2c(c1)ccc1cccnc12,"4,6","Br,Cl",C1=CC2=C(C3=C(C=CC=N3)C=C2)N=C1,2,,
"4,6-(Br)2-phen",Br.Br.c1cnc2c(c1)ccc1cccnc12,"4,6","Br,Br",C1=CC2=C(C3=C(C=CC=N3)C=C2)N=C1,2,,
"4,6-Br/NH2-phen",Br.N.c1cnc2c(c1)ccc1cccnc12,"4,6","Br,NH2",C1=CC2=C(C3=C(C=CC=N3)C=C2)N=C1,2,,
"4,6-Br/OMe-phen",Br.CO.c1cnc2c(c1)ccc1cccnc12,"4,6","Br,OMe",C1=CC2=C(C3=C(C=CC=N3)C=C2)N=C1,2,,
"4,6-Br/Me-phen",Br.C.c1cnc2c(c1)ccc1cccnc12,"4,6","Br,Me",C1=CC2=C(C3=C(C=CC=N3)C=C2)N=C1,2,,
"4,6-Br/Et-phen",Br.CC.c1cnc2c(c1)ccc1cccnc12,"4,6","Br,Et",C1=CC2=C(C3=C(C=CC=N3)C=C2)N=C1,2,,
"4,6-NH2/CN-phen",C#N.N.c1cnc2c(c1)ccc1cccnc12,"4,6","NH2,CN",C1=CC2=C(C3=C(C=CC=N3)C=C2)N=C1,2,27.00,
"4,6-NH2/CHO-phen",C=O.N.c1cnc2c(c1)ccc1cccnc12,"4,6","NH2,CHO",C1=CC2=C(C3=C(C=CC=N3)C=C2)N=C1,2,22.80,
"4,6-NH2/OCF3-phen",N.OC(F)(F)F.c1cnc2c(c1)ccc1cccnc12,"4,6","NH2,OCF3",C1=CC2=C(C3=C(C=CC=N3)C=C2)N=C1,2,,
"4,6-NH2/Cl-phen",Cl.N.c1cnc2c(c1)ccc1cccnc12,"4,6","NH2,Cl",C1=CC2=C(C3=C(C=CC=N3)C=C2)N=C1,2,,
"4,6-NH2/Br-phen",Br.N.c1cnc2c(c1)ccc1cccnc12,"4,6","NH2,Br",C1=CC2=C(C3=C(C=CC=N3)C=C2)N=C1,2,,
"4,6-(NH2)2-phen",N.N.c1cnc2c(c1)ccc1cccnc12,"4,6","NH2,NH2",C1=CC2=C(C3=C(C=CC=N3)C=C2)N=C1,2,18.00,
"4,6-NH2/OMe-phen",CO.N.c1cnc2c(c1)ccc1cccnc12,"4,6","NH2,OMe",C1=CC2=C(C3=C(C=CC=N3)C=C2)N=C1,2,14.00,
"4,6-NH2/Me-phen",C.N.c1cnc2c(c1)ccc1cccnc12,"4,6","NH2,Me",C1=CC2=C(C3=C(C=CC=N3)C=C2)N=C1,2,,
"4,6-NH2/Et-phen",CC.N.c1cnc2c(c1)ccc1cccnc12,"4,6","NH2,Et",C1=CC2=C(C3=C(C=CC=N3)C=C2)N=C1,2,13.00,
"4,6-OMe/CN-phen",C#N.CO.c1cnc2c(c1)ccc1cccnc12,"4,6","OMe,CN",C1=CC2=C(C3=C(C=CC=N3)C=C2)N=C1,2,23.00,
"4,6-OMe/CHO-phen",C=O.CO.c1cnc2c(c1)ccc1cccnc12,"4,6","OMe,CHO",C1=CC2=C(C3=C(C=CC=N3)C=C2)N=C1,2,18.80,
"4,6-OMe/OCF3-phen",CO.OC(F)(F)F.c1cnc2c(c1)ccc1cccnc12,"4,6","OMe,OCF3",C1=CC2=C(C3=C(C=CC=N3)C=C2)N=C1,2,,
"4,6-OMe/Cl-phen",CO.Cl.c1cnc2c(c1)ccc1cccnc12,"4,6","OMe,Cl",C1=CC2=C(C3=C(C=CC=N3)C=C2)N=C1,2,,
"4,6-OMe/Br-phen",Br.CO.c1cnc2c(c1)ccc1cccnc12,"4,6","OMe,Br",C1=CC2=C(C3=C(C=CC=N3)C=C2)N=C1,2,,
"4,6-OMe/NH2-phen",CO.N.c1cnc2c(c1)ccc1cccnc12,"4,6","OMe,NH2",C1=CC2=C(C3=C(C=CC=N3)C=C2)N=C1,2,14.00,
"4,6-(OMe)2-phen",CO.CO.c1cnc2c(c1)ccc1cccnc12,"4,6","OMe,OMe",C1=CC2=C(C3=C(C=CC=N3)C=C2)N=C1,2,10.00,
"4,6-OMe/Me-phen",C.CO.c1cnc2c(c1)ccc1cccnc12,"4,6","OMe,Me",C1=CC2=C(C3=C(C=CC=N3)C=C2)N=C1,2,,
"4,6-OMe/Et-phen",CC.CO.c1cnc2c(c1)ccc1cccnc12,"4,6","OMe,Et",C1=CC2=C(C3=C(C=CC=N3)C=C2)N=C1,2,9.00,
"4,6-Me/CN-phen",C.C#N.c1cnc2c(c1)ccc1cccnc12,"4,6","Me,CN",C1=CC2=C(C3=C(C=CC=N3)C=C2)N=C1,2,,
"4,6-Me/CHO-phen",C.C=O.c1cnc2c(c1)ccc1cccnc12,"4,6","Me,CHO",C1=CC2=C(C3=C(C=CC=N3)C=C2)N=C1,2,,
"4,6-Me/OCF3-phen",C.OC(F)(F)F.c1cnc2c(c1)ccc1cccnc12,"4,6","Me,OCF3",C1=CC2=C(C3=C(C=CC=N3)C=C2)N=C1,2,,
"4,6-Me/Cl-phen",C.Cl.c1cnc2c(c1)ccc1cccnc12,"4,6","Me,Cl",C1=CC2=C(C3=C(C=CC=N3)C=C2)N=C1,2,,
"4,6-Me/Br-phen",Br.C.c1cnc2c(c1)ccc1cccnc12,"4,6","Me,Br",C1=CC2=C(C3=C(C=CC=N3)C=C2)N=C1,2,,
"4,6-Me/NH2-phen",C.N.c1cnc2c(c1)ccc1cccnc12,"4,6","Me,NH2",C1=CC2=C(C3=C(C=CC=N3)C=C2)N=C1,2,,
"4,6-Me/OMe-phen",C.CO.c1cnc2c(c1)ccc1cccnc12,"4,6","Me,OMe",C1=CC2=C(C3=C(C=CC=N3)C=C2)N=C1,2,,
"4,6-(Me)2-phen",C.C.c1cnc2c(c1)ccc1cccnc12,"4,6","Me,Me",C1=CC2=C(C3=C(C=CC=N3)C=C2)N=C1,2,,
"4,6-Me/Et-phen",C.CC.c1cnc2c(c1)ccc1cccnc12,"4,6","Me,Et",C1=CC2=C(C3=C(C=CC=N3)C=C2)N=C1,2,,
"4,6-Et/CN-phen",C#N.CC.c1cnc2c(c1)ccc1cccnc12,"4,6","Et,CN",C1=CC2=C(C3=C(C=CC=N3)C=C2)N=C1,2,22.00,
"4,6-Et/CHO-phen",C=O.CC.c1cnc2c(c1)ccc1cccnc12,"4,6","Et,CHO",C1=CC2=C(C3=C(C=CC=N3)C=C2)N=C1,2,17.80,
"4,6-Et/OCF3-phen",CC.OC(F)(F)F.c1cnc2c(c1)ccc1cccnc12,"4,6","Et,OCF3",C1=CC2=C(C3=C(C=CC=N3)C=C2)N=C1,2,,
"4,6-Et/Cl-phen",CC.Cl.c1cnc2c(c1)ccc1cccnc12,"4,6","Et,Cl",C1=CC2=C(C3=C(C=CC=N3)C=C2)N=C1,2,,
"4,6-Et/Br-phen",Br.CC.c1cnc2c(c1)ccc1cccnc12,"4,6","Et,Br",C1=CC2=C(C3=C(C=CC=N3)C=C2)N=C1,2,,
"4,6-Et/NH2-phen",CC.N.c1cnc2c(c1)ccc1cccnc12,"4,6","Et,NH2",C1=CC2=C(C3=C(C=CC=N3)C=C2)N=C1,2,13.00,
"4,6-Et/OMe-phen",CC.CO.c1cnc2c(c1)ccc1cccnc12,"4,6","Et,OMe",C1=CC2=C(C3=C(C=CC=N3)C=C2)N=C1,2,9.00,
"4,6-Et/Me-phen",C.CC.c1cnc2c(c1)ccc1cccnc12,"4,6","Et,Me",C1=CC2=C(C3=C(C=CC=N3)C=C2)N=C1,2,,
"4,6-(Et)2-phen",CC.CC.c1cnc2c(c1)ccc1cccnc12,"4,6","Et,Et",C1=CC2=C(C3=C(C=CC=N3)C=C2)N=C1,2,8.00,
"4,7-(CN)2-phen",C#N.C#N.c1cnc2c(c1)ccc1cccnc12,"4,7","CN,CN",C1=CC2=C(C3=C(C=CC=N3)C=C2)N=C1,2,36.00,
"4,7-CN/CHO-phen",C#N.C=O.c1cnc2c(c1)ccc1cccnc12,"4,7","CN,CHO",C1=CC2=C(C3=C(C=CC=N3)C=C2)N=C1,2,31.80,
"4,7-CN/OCF3-phen",C#N.OC(F)(F)F.c1cnc2c(c1)ccc1cccnc12,"4,7","CN,OCF3",C1=CC2=C(C3=C(C=CC=N3)C=C2)N=C1,2,,
"4,7-CN/Cl-phen",C#N.Cl.c1cnc2c(c1)ccc1cccnc12,"4,7","CN,Cl",C1=CC2=C(C3=C(C=CC=N3)C=C2)N=C1,2,,
"4,7-CN/Br-phen",Br.C#N.c1cnc2c(c1)ccc1cccnc12,"4,7","CN,Br",C1=CC2=C(C3=C(C=CC=N3)C=C2)N=C1,2,,
"4,7-CN/NH2-phen",C#N.N.c1cnc2c(c1)ccc1cccnc12,"4,7","CN,NH2",C1=CC2=C(C3=C(C=CC=N3)C=C2)N=C1,2,27.00,
"4,7-CN/OMe-phen",C#N.CO.c1cnc2c(c1)ccc1cccnc12,"4,7","CN,OMe",C1=CC2=C(C3=C(C=CC=N3)C=C2)N=C1,2,23.00,
"4,7-CN/Me-phen",C.C#N.c1cnc2c(c1)ccc1cccnc12,"4,7","CN,Me",C1=CC2=C(C3=C(C=CC=N3)C=C2)N=C1,2,,
"4,7-CN/Et-phen",C#N.CC.c1cnc2c(c1)ccc1cccnc12,"4,7","CN,Et",C1=CC2=C(C3=C(C=CC=N3)C=C2)N=C1,2,22.00,
"4,7-CHO/CN-phen",C#N.C=O.c1cnc2c(c1)ccc1cccnc12,"4,7","CHO,CN",C1=CC2=C(C3=C(C=CC=N3)C=C2)N=C1,2,31.80,
"4,7-(CHO)2-phen",C=O.C=O.c1cnc2c(c1)ccc1cccnc12,"4,7","CHO,CHO",C1=CC2=C(C3=C(C=CC=N3)C=C2)N=C1,2,27.60,
"4,7-CHO/OCF3-phen",C=O.OC(F)(F)F.c1cnc2c(c1)ccc1cccnc12,"4,7","CHO,OCF3",C1=CC2=C(C3=C(C=CC=N3)C=C2)N=C1,2,,
"4,7-CHO/Cl-phen",C=O.Cl.c1cnc2c(c1)ccc1cccnc12,"4,7","CHO,Cl",C1=CC2=C(C3=C(C=CC=N3)C=C2)N=C1,2,,
"4,7-CHO/Br-phen",Br.C=O.c1cnc2c(c1)ccc1cccnc12,"4,7","CHO,Br",C1=CC2=C(C3=C(C=CC=N3)C=C2)N=C1,2,,
"4,7-CHO/NH2-phen",C=O.N.c1cnc2c(c1)ccc1cccnc12,"4,7","CHO,NH2",C1=CC2=C(C3=C(C=CC=N3)C=C2)N=C1,2,22.80,
"4,7-CHO/OMe-phen",C=O.CO.c1cnc2c(c1)ccc1cccnc12,"4,7","CHO,OMe",C1=CC2=C(C3=C(C=CC=N3)C=C2)N=C1,2,18.80,
"4,7-CHO/Me-phen",C.C=O.c1cnc2c(c1)ccc1cccnc12,"4,7","CHO,Me",C1=CC2=C(C3=C(C=CC=N3)C=C2)N=C1,2,,
"4,7-CHO/Et-phen",C=O.CC.c1cnc2c(c1)ccc1cccnc12,"4,7","CHO,Et",C1=CC2=C(C3=C(C=CC=N3)C=C2)N=C1,2,17.80,
"4,7-OCF3/CN-phen",C#N.OC(F)(F)F.c1cnc2c(c1)ccc1cccnc12,"4,7","OCF3,CN",C1=CC2=C(C3=C(C=CC=N3)C=C2)N=C1,2,,
"4,7-OCF3/CHO-phen",C=O.OC(F)(F)F.c1cnc2c(c1)ccc1cccnc12,"4,7","OCF3,CHO",C1=CC2=C(C3=C(C=CC=N3)C=C2)N=C1,2,,
"4,7-(OCF3)2-phen",OC(F)(F)F.OC(F)(F)F.c1cnc2c(c1)ccc1cccnc12,"4,7","OCF3,OCF3",C1=CC2=C(C3=C(C=CC=N3)C=C2)N=C1,2,,
"4,7-OCF3/Cl-phen",Cl.OC(F)(F)F.c1cnc2c(c1)ccc1cccnc12,"4,7","OCF3,Cl",C1=CC2=C(C3=C(C=CC=N3)C=C2)N=C1,2,,
"4,7-OCF3/Br-phen",Br.OC(F)(F)F.c1cnc2c(c1)ccc1cccnc12,"4,7","OCF3,Br",C1=CC2=C(C3=C(C=CC=N3)C=C2)N=C1,2,,
"4,7-OCF3/NH2-phen",N.OC(F)(F)F.c1cnc2c(c1)ccc1cccnc12,"4,7","OCF3,NH2",C1=CC2=C(C3=C(C=CC=N3)C=C2)N=C1,2,,
"4,7-OCF3/OMe-phen",CO.OC(F)(F)F.c1cnc2c(c1)ccc1cccnc12,"4,7","OCF3,OMe",C1=CC2=C(C3=C(C=CC=N3)C=C2)N=C1,2,,
"4,7-OCF3/Me-phen",C.OC(F)(F)F.c1cnc2c(c1)ccc1cccnc12,"4,7","OCF3,Me",C1=CC2=C(C3=C(C=CC=N3)C=C2)N=C1,2,,
"4,7-OCF3/Et-phen",CC.OC(F)(F)F.c1cnc2c(c1)ccc1cccnc12,"4,7","OCF3,Et",C1=CC2=C(C3=C(C=CC=N3)C=C2)N=C1,2,,
"4,7-Cl/CN-phen",C#N.Cl.c1cnc2c(c1)ccc1cccnc12,"4,7","Cl,CN",C1=CC2=C(C3=C(C=CC=N3)C=C2)N=C1,2,,
"4,7-Cl/CHO-phen",C=O.Cl.c1cnc2c(c1)ccc1cccnc12,"4,7","Cl,CHO",C1=CC2=C(C3=C(C=CC=N3)C=C2)N=C1,2,,
"4,7-Cl/OCF3-phen",Cl.OC(F)(F)F.c1cnc2c(c1)ccc1cccnc12,"4,7","Cl,OCF3",C1=CC2=C(C3=C(C=CC=N3)C=C2)N=C1,2,,
"4,7-(Cl)2-phen",Cl.Cl.c1cnc2c(c1)ccc1cccnc12,"4,7","Cl,Cl",C1=CC2=C(C3=C(C=CC=N3)C=C2)N=C1,2,,
"4,7-Cl/Br-phen",Br.Cl.c1cnc2c(c1)ccc1cccnc12,"4,7","Cl,Br",C1=CC2=C(C3=C(C=CC=N3)C=C2)N=C1,2,,
"4,7-Cl/NH2-phen",Cl.N.c1cnc2c(c1)ccc1cccnc12,"4,7","Cl,NH2",C1=CC2=C(C3=C(C=CC=N3)C=C2)N=C1,2,,
"4,7-Cl/OMe-phen",CO.Cl.c1cnc2c(c1)ccc1cccnc12,"4,7","Cl,OMe",C1=CC2=C(C3=C(C=CC=N3)C=C2)N=C1,2,,
"4,7-Cl/Me-phen",C.Cl.c1cnc2c(c1)ccc1cccnc12,"4,7","Cl,Me",C1=CC2=C(C3=C(C=CC=N3)C=C2)N=C1,2,,
"4,7-Cl/Et-phen",CC.Cl.c1cnc2c(c1)ccc1cccnc12,"4,7","Cl,Et",C1=CC2=C(C3=C(C=CC=N3)C=C2)N=C1,2,,
"4,7-Br/CN-phen",Br.C#N.c1cnc2c(c1)ccc1cccnc12,"4,7","Br,CN",C1=CC2=C(C3=C(C=CC=N3)C=C2)N=C1,2,,
"4,7-Br/CHO-phen",Br.C=O.c1cnc2c(c1)ccc1cccnc12,"4,7","Br,CHO",C1=CC2=C(C3=C(C=CC=N3)C=C2)N=C1,2,,
"4,7-Br/OCF3-phen",Br.OC(F)(F)F.c1cnc2c(c1)ccc1cccnc12,"4,7","Br,OCF3",C1=CC2=C(C3=C(C=CC=N3)C=C2)N=C1,2,,
"4,7-Br/Cl-phen",Br.Cl.c1cnc2c(c1)ccc1cccnc12,"4,7","Br,Cl",C1=CC2=C(C3=C(C=CC=N3)C=C2)N=C1,2,,
"4,7-(Br)2-phen",Br.Br.c1cnc2c(c1)ccc1cccnc12,"4,7","Br,Br",C1=CC2=C(C3=C(C=CC=N3)C=C2)N=C1,2,,
"4,7-Br/NH2-phen",Br.N.c1cnc2c(c1)ccc1cccnc12,"4,7","Br,NH2",C1=CC2=C(C3=C(C=CC=N3)C=C2)N=C1,2,,
"4,7-Br/OMe-phen",Br.CO.c1cnc2c(c1)ccc1cccnc12,"4,7","Br,OMe",C1=CC2=C(C3=C(C=CC=N3)C=C2)N=C1,2,,
"4,7-Br/Me-phen",Br.C.c1cnc2c(c1)ccc1cccnc12,"4,7","Br,Me",C1=CC2=C(C3=C(C=CC=N3)C=C2)N=C1,2,,
"4,7-Br/Et-phen",Br.CC.c1cnc2c(c1)ccc1cccnc12,"4,7","Br,Et",C1=CC2=C(C3=C(C=CC=N3)C=C2)N=C1,2,,
"4,7-NH2/CN-phen",C#N.N.c1cnc2c(c1)ccc1cccnc12,"4,7","NH2,CN",C1=CC2=C(C3=C(C=CC=N3)C=C2)N=C1,2,27.00,
"4,7-NH2/CHO-phen",C=O.N.c1cnc2c(c1)ccc1cccnc12,"4,7","NH2,CHO",C1=CC2=C(C3=C(C=CC=N3)C=C2)N=C1,2,22.80,
"4,7-NH2/OCF3-phen",N.OC(F)(F)F.c1cnc2c(c1)ccc1cccnc12,"4,7","NH2,OCF3",C1=CC2=C(C3=C(C=CC=N3)C=C2)N=C1,2,,
"4,7-NH2/Cl-phen",Cl.N.c1cnc2c(c1)ccc1cccnc12,"4,7","NH2,Cl",C1=CC2=C(C3=C(C=CC=N3)C=C2)N=C1,2,,
"4,7-NH2/Br-phen",Br.N.c1cnc2c(c1)ccc1cccnc12,"4,7","NH2,Br",C1=CC2=C(C3=C(C=CC=N3)C=C2)N=C1,2,,
"4,7-(NH2)2-phen",N.N.c1cnc2c(c1)ccc1cccnc12,"4,7","NH2,NH2",C1=CC2=C(C3=C(C=CC=N3)C=C2)N=C1,2,18.00,
"4,7-NH2/OMe-phen",CO.N.c1cnc2c(c1)ccc1cccnc12,"4,7","NH2,OMe",C1=CC2=C(C3=C(C=CC=N3)C=C2)N=C1,2,14.00,
"4,7-NH2/Me-phen",C.N.c1cnc2c(c1)ccc1cccnc12,"4,7","NH2,Me",C1=CC2=C(C3=C(C=CC=N3)C=C2)N=C1,2,,
"4,7-NH2/Et-phen",CC.N.c1cnc2c(c1)ccc1cccnc12,"4,7","NH2,Et",C1=CC2=C(C3=C(C=CC=N3)C=C2)N=C1,2,13.00,
"4,7-OMe/CN-phen",C#N.CO.c1cnc2c(c1)ccc1cccnc12,"4,7","OMe,CN",C1=CC2=C(C3=C(C=CC=N3)C=C2)N=C1,2,23.00,
"4,7-OMe/CHO-phen",C=O.CO.c1cnc2c(c1)ccc1cccnc12,"4,7","OMe,CHO",C1=CC2=C(C3=C(C=CC=N3)C=C2)N=C1,2,18.80,
"4,7-OMe/OCF3-phen",CO.OC(F)(F)F.c1cnc2c(c1)ccc1cccnc12,"4,7","OMe,OCF3",C1=CC2=C(C3=C(C=CC=N3)C=C2)N=C1,2,,
"4,7-OMe/Cl-phen",CO.Cl.c1cnc2c(c1)ccc1cccnc12,"4,7","OMe,Cl",C1=CC2=C(C3=C(C=CC=N3)C=C2)N=C1,2,,
"4,7-OMe/Br-phen",Br.CO.c1cnc2c(c1)ccc1cccnc12,"4,7","OMe,Br",C1=CC2=C(C3=C(C=CC=N3)C=C2)N=C1,2,,
"4,7-OMe/NH2-phen",CO.N.c1cnc2c(c1)ccc1cccnc12,"4,7","OMe,NH2",C1=CC2=C(C3=C(C=CC=N3)C=C2)N=C1,2,14.00,
"4,7-(OMe)2-phen",CO.CO.c1cnc2c(c1)ccc1cccnc12,"4,7","OMe,OMe",C1=CC2=C(C3=C(C=CC=N3)C=C2)N=C1,2,10.00,
"4,7-OMe/Me-phen",C.CO.c1cnc2c(c1)ccc1cccnc12,"4,7","OMe,Me",C1=CC2=C(C3=C(C=CC=N3)C=C2)N=C1,2,,
"4,7-OMe/Et-phen",CC.CO.c1cnc2c(c1)ccc1cccnc12,"4,7","OMe,Et",C1=CC2=C(C3=C(C=CC=N3)C=C2)N=C1,2,9.00,
"4,7-Me/CN-phen",C.C#N.c1cnc2c(c1)ccc1cccnc12,"4,7","Me,CN",C1=CC2=C(C3=C(C=CC=N3)C=C2)N=C1,2,,
"4,7-Me/CHO-phen",C.C=O.c1cnc2c(c1)ccc1cccnc12,"4,7","Me,CHO",C1=CC2=C(C3=C(C=CC=N3)C=C2)N=C1,2,,
"4,7-Me/OCF3-phen",C.OC(F)(F)F.c1cnc2c(c1)ccc1cccnc12,"4,7","Me,OCF3",C1=CC2=C(C3=C(C=CC=N3)C=C2)N=C1,2,,
"4,7-Me/Cl-phen",C.Cl.c1cnc2c(c1)ccc1cccnc12,"4,7","Me,Cl",C1=CC2=C(C3=C(C=CC=N3)C=C2)N=C1,2,,
"4,7-Me/Br-phen",Br.C.c1cnc2c(c1)ccc1cccnc12,"4,7","Me,Br",C1=CC2=C(C3=C(C=CC=N3)C=C2)N=C1,2,,
"4,7-Me/NH2-phen",C.N.c1cnc2c(c1)ccc1cccnc12,"4,7","Me,NH2",C1=CC2=C(C3=C(C=CC=N3)C=C2)N=C1,2,,
"4,7-Me/OMe-phen",C.CO.c1cnc2c(c1)ccc1cccnc12,"4,7","Me,OMe",C1=CC2=C(C3=C(C=CC=N3)C=C2)N=C1,2,,
"4,7-(Me)2-phen",C.C.c1cnc2c(c1)ccc1cccnc12,"4,7","Me,Me",C1=CC2=C(C3=C(C=CC=N3)C=C2)N=C1,2,,
"4,7-Me/Et-phen",C.CC.c1cnc2c(c1)ccc1cccnc12,"4,7","Me,Et",C1=CC2=C(C3=C(C=CC=N3)C=C2)N=C1,2,,
"4,7-Et/CN-phen",C#N.CC.c1cnc2c(c1)ccc1cccnc12,"4,7","Et,CN",C1=CC2=C(C3=C(C=CC=N3)C=C2)N=C1,2,22.00,
"4,7-Et/CHO-phen",C=O.CC.c1cnc2c(c1)ccc1cccnc12,"4,7","Et,CHO",C1=CC2=C(C3=C(C=CC=N3)C=C2)N=C1,2,17.80,
"4,7-Et/OCF3-phen",CC.OC(F)(F)F.c1cnc2c(c1)ccc1cccnc12,"4,7","Et,OCF3",C1=CC2=C(C3=C(C=CC=N3)C=C2)N=C1,2,,
"4,7-Et/Cl-phen",CC.Cl.c1cnc2c(c1)ccc1cccnc12,"4,7","Et,Cl",C1=CC2=C(C3=C(C=CC=N3)C=C2)N=C1,2,,
"4,7-Et/Br-phen",Br.CC.c1cnc2c(c1)ccc1cccnc12,"4,7","Et,Br",C1=CC2=C(C3=C(C=CC=N3)C=C2)N=C1,2,,
"4,7-Et/NH2-phen",CC.N.c1cnc2c(c1)ccc1cccnc12,"4,7","Et,NH2",C1=CC2=C(C3=C(C=CC=N3)C=C2)N=C1,2,13.00,
"4,7-Et/OMe-phen",CC.CO.c1cnc2c(c1)ccc1cccnc12,"4,7","Et,OMe",C1=CC2=C(C3=C(C=CC=N3)C=C2)N=C1,2,9.00,
"4,7-Et/Me-phen",C.CC.c1cnc2c(c1)ccc1cccnc12,"4,7","Et,Me",C1=CC2=C(C3=C(C=CC=N3)C=C2)N=C1,2,,
"4,7-(Et)2-phen",CC.CC.c1cnc2c(c1)ccc1cccnc12,"4,7","Et,Et",C1=CC2=C(C3=C(C=CC=N3)C=C2)N=C1,2,8.00,
"4,8-(CN)2-phen",C#N.C#N.c1cnc2c(c1)ccc1cccnc12,"4,8","CN,CN",C1=CC2=C(C3=C(C=CC=N3)C=C2)N=C1,2,36.00,
"4,8-CN/CHO-phen",C#N.C=O.c1cnc2c(c1)ccc1cccnc12,"4,8","CN,CHO",C1=CC2=C(C3=C(C=CC=N3)C=C2)N=C1,2,31.80,
"4,8-CN/OCF3-phen",C#N.OC(F)(F)F.c1cnc2c(c1)ccc1cccnc12,"4,8","CN,OCF3",C1=CC2=C(C3=C(C=CC=N3)C=C2)N=C1,2,,
"4,8-CN/Cl-phen",C#N.Cl.c1cnc2c(c1)ccc1cccnc12,"4,8","CN,Cl",C1=CC2=C(C3=C(C=CC=N3)C=C2)N=C1,2,,
"4,8-CN/Br-phen",Br.C#N.c1cnc2c(c1)ccc1cccnc12,"4,8","CN,Br",C1=CC2=C(C3=C(C=CC=N3)C=C2)N=C1,2,,
"4,8-CN/NH2-phen",C#N.N.c1cnc2c(c1)ccc1cccnc12,"4,8","CN,NH2",C1=CC2=C(C3=C(C=CC=N3)C=C2)N=C1,2,27.00,
"4,8-CN/OMe-phen",C#N.CO.c1cnc2c(c1)ccc1cccnc12,"4,8","CN,OMe",C1=CC2=C(C3=C(C=CC=N3)C=C2)N=C1,2,23.00,
"4,8-CN/Me-phen",C.C#N.c1cnc2c(c1)ccc1cccnc12,"4,8","CN,Me",C1=CC2=C(C3=C(C=CC=N3)C=C2)N=C1,2,,
"4,8-CN/Et-phen",C#N.CC.c1cnc2c(c1)ccc1cccnc12,"4,8","CN,Et",C1=CC2=C(C3=C(C=CC=N3)C=C2)N=C1,2,22.00,
"4,8-CHO/CN-phen",C#N.C=O.c1cnc2c(c1)ccc1cccnc12,"4,8","CHO,CN",C1=CC2=C(C3=C(C=CC=N3)C=C2)N=C1,2,31.80,
"4,8-(CHO)2-phen",C=O.C=O.c1cnc2c(c1)ccc1cccnc12,"4,8","CHO,CHO",C1=CC2=C(C3=C(C=CC=N3)C=C2)N=C1,2,27.60,
"4,8-CHO/OCF3-phen",C=O.OC(F)(F)F.c1cnc2c(c1)ccc1cccnc12,"4,8","CHO,OCF3",C1=CC2=C(C3=C(C=CC=N3)C=C2)N=C1,2,,
"4,8-CHO/Cl-phen",C=O.Cl.c1cnc2c(c1)ccc1cccnc12,"4,8","CHO,Cl",C1=CC2=C(C3=C(C=CC=N3)C=C2)N=C1,2,,
"4,8-CHO/Br-phen",Br.C=O.c1cnc2c(c1)ccc1cccnc12,"4,8","CHO,Br",C1=CC2=C(C3=C(C=CC=N3)C=C2)N=C1,2,,
"4,8-CHO/NH2-phen",C=O.N.c1cnc2c(c1)ccc1cccnc12,"4,8","CHO,NH2",C1=CC2=C(C3=C(C=CC=N3)C=C2)N=C1,2,22.80,
"4,8-CHO/OMe-phen",C=O.CO.c1cnc2c(c1)ccc1cccnc12,"4,8","CHO,OMe",C1=CC2=C(C3=C(C=CC=N3)C=C2)N=C1,2,18.80,
"4,8-CHO/Me-phen",C.C=O.c1cnc2c(c1)ccc1cccnc12,"4,8","CHO,Me",C1=CC2=C(C3=C(C=CC=N3)C=C2)N=C1,2,,
"4,8-CHO/Et-phen",C=O.CC.c1cnc2c(c1)ccc1cccnc12,"4,8","CHO,Et",C1=CC2=C(C3=C(C=CC=N3)C=C2)N=C1,2,17.80,
"4,8-OCF3/CN-phen",C#N.OC(F)(F)F.c1cnc2c(c1)ccc1cccnc12,"4,8","OCF3,CN",C1=CC2=C(C3=C(C=CC=N3)C=C2)N=C1,2,,
"4,8-OCF3/CHO-phen",C=O.OC(F)(F)F.c1cnc2c(c1)ccc1cccnc12,"4,8","OCF3,CHO",C1=CC2=C(C3=C(C=CC=N3)C=C2)N=C1,2,,
"4,8-(OCF3)2-phen",OC(F)(F)F.OC(F)(F)F.c1cnc2c(c1)ccc1cccnc12,"4,8","OCF3,OCF3",C1=CC2=C(C3=C(C=CC=N3)C=C2)N=C1,2,,
"4,8-OCF3/Cl-phen",Cl.OC(F)(F)F.c1cnc2c(c1)ccc1cccnc12,"4,8","OCF3,Cl",C1=CC2=C(C3=C(C=CC=N3)C=C2)N=C1,2,,
"4,8-OCF3/Br-phen",Br.OC(F)(F)F.c1cnc2c(c1)ccc1cccnc12,"4,8","OCF3,Br",C1=CC2=C(C3=C(C=CC=N3)C=C2)N=C1,2,,
"4,8-OCF3/NH2-phen",N.OC(F)(F)F.c1cnc2c(c1)ccc1cccnc12,"4,8","OCF3,NH2",C1=CC2=C(C3=C(C=CC=N3)C=C2)N=C1,2,,
"4,8-OCF3/OMe-phen",CO.OC(F)(F)F.c1cnc2c(c1)ccc1cccnc12,"4,8","OCF3,OMe",C1=CC2=C(C3=C(C=CC=N3)C=C2)N=C1,2,,
"4,8-OCF3/Me-phen",C.OC(F)(F)F.c1cnc2c(c1)ccc1cccnc12,"4,8","OCF3,Me",C1=CC2=C(C3=C(C=CC=N3)C=C2)N=C1,2,,
"4,8-OCF3/Et-phen",CC.OC(F)(F)F.c1cnc2c(c1)ccc1cccnc12,"4,8","OCF3,Et",C1=CC2=C(C3=C(C=CC=N3)C=C2)N=C1,2,,
"4,8-Cl/CN-phen",C#N.Cl.c1cnc2c(c1)ccc1cccnc12,"4,8","Cl,CN",C1=CC2=C(C3=C(C=CC=N3)C=C2)N=C1,2,,
"4,8-Cl/CHO-phen",C=O.Cl.c1cnc2c(c1)ccc1cccnc12,"4,8","Cl,CHO",C1=CC2=C(C3=C(C=CC=N3)C=C2)N=C1,2,,
"4,8-Cl/OCF3-phen",Cl.OC(F)(F)F.c1cnc2c(c1)ccc1cccnc12,"4,8","Cl,OCF3",C1=CC2=C(C3=C(C=CC=N3)C=C2)N=C1,2,,
"4,8-(Cl)2-phen",Cl.Cl.c1cnc2c(c1)ccc1cccnc12,"4,8","Cl,Cl",C1=CC2=C(C3=C(C=CC=N3)C=C2)N=C1,2,,
"4,8-Cl/Br-phen",Br.Cl.c1cnc2c(c1)ccc1cccnc12,"4,8","Cl,Br",C1=CC2=C(C3=C(C=CC=N3)C=C2)N=C1,2,,
"4,8-Cl/NH2-phen",Cl.N.c1cnc2c(c1)ccc1cccnc12,"4,8","Cl,NH2",C1=CC2=C(C3=C(C=CC=N3)C=C2)N=C1,2,,
"4,8-Cl/OMe-phen",CO.Cl.c1cnc2c(c1)ccc1cccnc12,"4,8","Cl,OMe",C1=CC2=C(C3=C(C=CC=N3)C=C2)N=C1,2,,
"4,8-Cl/Me-phen",C.Cl.c1cnc2c(c1)ccc1cccnc12,"4,8","Cl,Me",C1=CC2=C(C3=C(C=CC=N3)C=C2)N=C1,2,,
"4,8-Cl/Et-phen",CC.Cl.c1cnc2c(c1)ccc1cccnc12,"4,8","Cl,Et",C1=CC2=C(C3=C(C=CC=N3)C=C2)N=C1,2,,
"4,8-Br/CN-phen",Br.C#N.c1cnc2c(c1)ccc1cccnc12,"4,8","Br,CN",C1=CC2=C(C3=C(C=CC=N3)C=C2)N=C1,2,,
"4,8-Br/CHO-phen",Br.C=O.c1cnc2c(c1)ccc1cccnc12,"4,8","Br,CHO",C1=CC2=C(C3=C(C=CC=N3)C=C2)N=C1,2,,
"4,8-Br/OCF3-phen",Br.OC(F)(F)F.c1cnc2c(c1)ccc1cccnc12,"4,8","Br,OCF3",C1=CC2=C(C3=C(C=CC=N3)C=C2)N=C1,2,,
"4,8-Br/Cl-phen",Br.Cl.c1cnc2c(c1)ccc1cccnc12,"4,8","Br,Cl",C1=CC2=C(C3=C(C=CC=N3)C=C2)N=C1,2,,
"4,8-(Br)2-phen",Br.Br.c1cnc2c(c1)ccc1cccnc12,"4,8","Br,Br",C1=CC2=C(C3=C(C=CC=N3)C=C2)N=C1,2,,
"4,8-Br/NH2-phen",Br.N.c1cnc2c(c1)ccc1cccnc12,"4,8","Br,NH2",C1=CC2=C(C3=C(C=CC=N3)C=C2)N=C1,2,,
"4,8-Br/OMe-phen",Br.CO.c1cnc2c(c1)ccc1cccnc12,"4,8","Br,OMe",C1=CC2=C(C3=C(C=CC=N3)C=C2)N=C1,2,,
"4,8-Br/Me-phen",Br.C.c1cnc2c(c1)ccc1cccnc12,"4,8","Br,Me",C1=CC2=C(C3=C(C=CC=N3)C=C2)N=C1,2,,
"4,8-Br/Et-phen",Br.CC.c1cnc2c(c1)ccc1cccnc12,"4,8","Br,Et",C1=CC2=C(C3=C(C=CC=N3)C=C2)N=C1,2,,
"4,8-NH2/CN-phen",C#N.N.c1cnc2c(c1)ccc1cccnc12,"4,8","NH2,CN",C1=CC2=C(C3=C(C=CC=N3)C=C2)N=C1,2,27.00,
"4,8-NH2/CHO-phen",C=O.N.c1cnc2c(c1)ccc1cccnc12,"4,8","NH2,CHO",C1=CC2=C(C3=C(C=CC=N3)C=C2)N=C1,2,22.80,
"4,8-NH2/OCF3-phen",N.OC(F)(F)F.c1cnc2c(c1)ccc1cccnc12,"4,8","NH2,OCF3",C1=CC2=C(C3=C(C=CC=N3)C=C2)N=C1,2,,
"4,8-NH2/Cl-phen",Cl.N.c1cnc2c(c1)ccc1cccnc12,"4,8","NH2,Cl",C1=CC2=C(C3=C(C=CC=N3)C=C2)N=C1,2,,
"4,8-NH2/Br-phen",Br.N.c1cnc2c(c1)ccc1cccnc12,"4,8","NH2,Br",C1=CC2=C(C3=C(C=CC=N3)C=C2)N=C1,2,,
"4,8-(NH2)2-phen",N.N.c1cnc2c(c1)ccc1cccnc12,"4,8","NH2,NH2",C1=CC2=C(C3=C(C=CC=N3)C=C2)N=C1,2,18.00,
"4,8-NH2/OMe-phen",CO.N.c1cnc2c(c1)ccc1cccnc12,"4,8","NH2,OMe",C1=CC2=C(C3=C(C=CC=N3)C=C2)N=C1,2,14.00,
"4,8-NH2/Me-phen",C.N.c1cnc2c(c1)ccc1cccnc12,"4,8","NH2,Me",C1=CC2=C(C3=C(C=CC=N3)C=C2)N=C1,2,,
"4,8-NH2/Et-phen",CC.N.c1cnc2c(c1)ccc1cccnc12,"4,8","NH2,Et",C1=CC2=C(C3=C(C=CC=N3)C=C2)N=C1,2,13.00,
"4,8-OMe/CN-phen",C#N.CO.c1cnc2c(c1)ccc1cccnc12,"4,8","OMe,CN",C1=CC2=C(C3=C(C=CC=N3)C=C2)N=C1,2,23.00,
"4,8-OMe/CHO-phen",C=O.CO.c1cnc2c(c1)ccc1cccnc12,"4,8","OMe,CHO",C1=CC2=C(C3=C(C=CC=N3)C=C2)N=C1,2,18.80,
"4,8-OMe/OCF3-phen",CO.OC(F)(F)F.c1cnc2c(c1)ccc1cccnc12,"4,8","OMe,OCF3",C1=CC2=C(C3=C(C=CC=N3)C=C2)N=C1,2,,
"4,8-OMe/Cl-phen",CO.Cl.c1cnc2c(c1)ccc1cccnc12,"4,8","OMe,Cl",C1=CC2=C(C3=C(C=CC=N3)C=C2)N=C1,2,,
"4,8-OMe/Br-phen",Br.CO.c1cnc2c(c1)ccc1cccnc12,"4,8","OMe,Br",C1=CC2=C(C3=C(C=CC=N3)C=C2)N=C1,2,,
"4,8-OMe/NH2-phen",CO.N.c1cnc2c(c1)ccc1cccnc12,"4,8","OMe,NH2",C1=CC2=C(C3=C(C=CC=N3)C=C2)N=C1,2,14.00,
"4,8-(OMe)2-phen",CO.CO.c1cnc2c(c1)ccc1cccnc12,"4,8","OMe,OMe",C1=CC2=C(C3=C(C=CC=N3)C=C2)N=C1,2,10.00,
"4,8-OMe/Me-phen",C.CO.c1cnc2c(c1)ccc1cccnc12,"4,8","OMe,Me",C1=CC2=C(C3=C(C=CC=N3)C=C2)N=C1,2,,
"4,8-OMe/Et-phen",CC.CO.c1cnc2c(c1)ccc1cccnc12,"4,8","OMe,Et",C1=CC2=C(C3=C(C=CC=N3)C=C2)N=C1,2,9.00,
"4,8-Me/CN-phen",C.C#N.c1cnc2c(c1)ccc1cccnc12,"4,8","Me,CN",C1=CC2=C(C3=C(C=CC=N3)C=C2)N=C1,2,,
"4,8-Me/CHO-phen",C.C=O.c1cnc2c(c1)ccc1cccnc12,"4,8","Me,CHO",C1=CC2=C(C3=C(C=CC=N3)C=C2)N=C1,2,,
"4,8-Me/OCF3-phen",C.OC(F)(F)F.c1cnc2c(c1)ccc1cccnc12,"4,8","Me,OCF3",C1=CC2=C(C3=C(C=CC=N3)C=C2)N=C1,2,,
"4,8-Me/Cl-phen",C.Cl.c1cnc2c(c1)ccc1cccnc12,"4,8","Me,Cl",C1=CC2=C(C3=C(C=CC=N3)C=C2)N=C1,2,,
"4,8-Me/Br-phen",Br.C.c1cnc2c(c1)ccc1cccnc12,"4,8","Me,Br",C1=CC2=C(C3=C(C=CC=N3)C=C2)N=C1,2,,
"4,8-Me/NH2-phen",C.N.c1cnc2c(c1)ccc1cccnc12,"4,8","Me,NH2",C1=CC2=C(C3=C(C=CC=N3)C=C2)N=C1,2,,
"4,8-Me/OMe-phen",C.CO.c1cnc2c(c1)ccc1cccnc12,"4,8","Me,OMe",C1=CC2=C(C3=C(C=CC=N3)C=C2)N=C1,2,,
"4,8-(Me)2-phen",C.C.c1cnc2c(c1)ccc1cccnc12,"4,8","Me,Me",C1=CC2=C(C3=C(C=CC=N3)C=C2)N=C1,2,,
"4,8-Me/Et-phen",C.CC.c1cnc2c(c1)ccc1cccnc12,"4,8","Me,Et",C1=CC2=C(C3=C(C=CC=N3)C=C2)N=C1,2,,
"4,8-Et/CN-phen",C#N.CC.c1cnc2c(c1)ccc1cccnc12,"4,8","Et,CN",C1=CC2=C(C3=C(C=CC=N3)C=C2)N=C1,2,22.00,
"4,8-Et/CHO-phen",C=O.CC.c1cnc2c(c1)ccc1cccnc12,"4,8","Et,CHO",C1=CC2=C(C3=C(C=CC=N3)C=C2)N=C1,2,17.80,
"4,8-Et/OCF3-phen",CC.OC(F)(F)F.c1cnc2c(c1)ccc1cccnc12,"4,8","Et,OCF3",C1=CC2=C(C3=C(C=CC=N3)C=C2)N=C1,2,,
"4,8-Et/Cl-phen",CC.Cl.c1cnc2c(c1)ccc1cccnc12,"4,8","Et,Cl",C1=CC2=C(C3=C(C=CC=N3)C=C2)N=C1,2,,
"4,8-Et/Br-phen",Br.CC.c1cnc2c(c1)ccc1cccnc12,"4,8","Et,Br",C1=CC2=C(C3=C(C=CC=N3)C=C2)N=C1,2,,
"4,8-Et/NH2-phen",CC.N.c1cnc2c(c1)ccc1cccnc12,"4,8","Et,NH2",C1=CC2=C(C3=C(C=CC=N3)C=C2)N=C1,2,13.00,
"4,8-Et/OMe-phen",CC.CO.c1cnc2c(c1)ccc1cccnc12,"4,8","Et,OMe",C1=CC2=C(C3=C(C=CC=N3)C=C2)N=C1,2,9.00,
"4,8-Et/Me-phen",C.CC.c1cnc2c(c1)ccc1cccnc12,"4,8","Et,Me",C1=CC2=C(C3=C(C=CC=N3)C=C2)N=C1,2,,
"4,8-(Et)2-phen",CC.CC.c1cnc2c(c1)ccc1cccnc12,"4,8","Et,Et",C1=CC2=C(C3=C(C=CC=N3)C=C2)N=C1,2,8.00,
"4,9-(CN)2-phen",C#N.C#N.c1cnc2c(c1)ccc1cccnc12,"4,9","CN,CN",C1=CC2=C(C3=C(C=CC=N3)C=C2)N=C1,2,36.00,
"4,9-CN/CHO-phen",C#N.C=O.c1cnc2c(c1)ccc1cccnc12,"4,9","CN,CHO",C1=CC2=C(C3=C(C=CC=N3)C=C2)N=C1,2,31.80,
"4,9-CN/OCF3-phen",C#N.OC(F)(F)F.c1cnc2c(c1)ccc1cccnc12,"4,9","CN,OCF3",C1=CC2=C(C3=C(C=CC=N3)C=C2)N=C1,2,,
"4,9-CN/Cl-phen",C#N.Cl.c1cnc2c(c1)ccc1cccnc12,"4,9","CN,Cl",C1=CC2=C(C3=C(C=CC=N3)C=C2)N=C1,2,,
"4,9-CN/Br-phen",Br.C#N.c1cnc2c(c1)ccc1cccnc12,"4,9","CN,Br",C1=CC2=C(C3=C(C=CC=N3)C=C2)N=C1,2,,
"4,9-CN/NH2-phen",C#N.N.c1cnc2c(c1)ccc1cccnc12,"4,9","CN,NH2",C1=CC2=C(C3=C(C=CC=N3)C=C2)N=C1,2,27.00,
"4,9-CN/OMe-phen",C#N.CO.c1cnc2c(c1)ccc1cccnc12,"4,9","CN,OMe",C1=CC2=C(C3=C(C=CC=N3)C=C2)N=C1,2,23.00,
"4,9-CN/Me-phen",C.C#N.c1cnc2c(c1)ccc1cccnc12,"4,9","CN,Me",C1=CC2=C(C3=C(C=CC=N3)C=C2)N=C1,2,,
"4,9-CN/Et-phen",C#N.CC.c1cnc2c(c1)ccc1cccnc12,"4,9","CN,Et",C1=CC2=C(C3=C(C=CC=N3)C=C2)N=C1,2,22.00,
"4,9-CHO/CN-phen",C#N.C=O.c1cnc2c(c1)ccc1cccnc12,"4,9","CHO,CN",C1=CC2=C(C3=C(C=CC=N3)C=C2)N=C1,2,31.80,
"4,9-(CHO)2-phen",C=O.C=O.c1cnc2c(c1)ccc1cccnc12,"4,9","CHO,CHO",C1=CC2=C(C3=C(C=CC=N3)C=C2)N=C1,2,27.60,
"4,9-CHO/OCF3-phen",C=O.OC(F)(F)F.c1cnc2c(c1)ccc1cccnc12,"4,9","CHO,OCF3",C1=CC2=C(C3=C(C=CC=N3)C=C2)N=C1,2,,
"4,9-CHO/Cl-phen",C=O.Cl.c1cnc2c(c1)ccc1cccnc12,"4,9","CHO,Cl",C1=CC2=C(C3=C(C=CC=N3)C=C2)N=C1,2,,
"4,9-CHO/Br-phen",Br.C=O.c1cnc2c(c1)ccc1cccnc12,"4,9","CHO,Br",C1=CC2=C(C3=C(C=CC=N3)C=C2)N=C1,2,,
"4,9-CHO/NH2-phen",C=O.N.c1cnc2c(c1)ccc1cccnc12,"4,9","CHO,NH2",C1=CC2=C(C3=C(C=CC=N3)C=C2)N=C1,2,22.80,
"4,9-CHO/OMe-phen",C=O.CO.c1cnc2c(c1)ccc1cccnc12,"4,9","CHO,OMe",C1=CC2=C(C3=C(C=CC=N3)C=C2)N=C1,2,18.80,
"4,9-CHO/Me-phen",C.C=O.c1cnc2c(c1)ccc1cccnc12,"4,9","CHO,Me",C1=CC2=C(C3=C(C=CC=N3)C=C2)N=C1,2,,
"4,9-CHO/Et-phen",C=O.CC.c1cnc2c(c1)ccc1cccnc12,"4,9","CHO,Et",C1=CC2=C(C3=C(C=CC=N3)C=C2)N=C1,2,17.80,
"4,9-OCF3/CN-phen",C#N.OC(F)(F)F.c1cnc2c(c1)ccc1cccnc12,"4,9","OCF3,CN",C1=CC2=C(C3=C(C=CC=N3)C=C2)N=C1,2,,
"4,9-OCF3/CHO-phen",C=O.OC(F)(F)F.c1cnc2c(c1)ccc1cccnc12,"4,9","OCF3,CHO",C1=CC2=C(C3=C(C=CC=N3)C=C2)N=C1,2,,
"4,9-(OCF3)2-phen",OC(F)(F)F.OC(F)(F)F.c1cnc2c(c1)ccc1cccnc12,"4,9","OCF3,OCF3",C1=CC2=C(C3=C(C=CC=N3)C=C2)N=C1,2,,
"4,9-OCF3/Cl-phen",Cl.OC(F)(F)F.c1cnc2c(c1)ccc1cccnc12,"4,9","OCF3,Cl",C1=CC2=C(C3=C(C=CC=N3)C=C2)N=C1,2,,
"4,9-OCF3/Br-phen",Br.OC(F)(F)F.c1cnc2c(c1)ccc1cccnc12,"4,9","OCF3,Br",C1=CC2=C(C3=C(C=CC=N3)C=C2)N=C1,2,,
"4,9-OCF3/NH2-phen",N.OC(F)(F)F.c1cnc2c(c1)ccc1cccnc12,"4,9","OCF3,NH2",C1=CC2=C(C3=C(C=CC=N3)C=C2)N=C1,2,,
"4,9-OCF3/OMe-phen",CO.OC(F)(F)F.c1cnc2c(c1)ccc1cccnc12,"4,9","OCF3,OMe",C1=CC2=C(C3=C(C=CC=N3)C=C2)N=C1,2,,
"4,9-OCF3/Me-phen",C.OC(F)(F)F.c1cnc2c(c1)ccc1cccnc12,"4,9","OCF3,Me",C1=CC2=C(C3=C(C=CC=N3)C=C2)N=C1,2,,
"4,9-OCF3/Et-phen",CC.OC(F)(F)F.c1cnc2c(c1)ccc1cccnc12,"4,9","OCF3,Et",C1=CC2=C(C3=C(C=CC=N3)C=C2)N=C1,2,,
"4,9-Cl/CN-phen",C#N.Cl.c1cnc2c(c1)ccc1cccnc12,"4,9","Cl,CN",C1=CC2=C(C3=C(C=CC=N3)C=C2)N=C1,2,,
"4,9-Cl/CHO-phen",C=O.Cl.c1cnc2c(c1)ccc1cccnc12,"4,9","Cl,CHO",C1=CC2=C(C3=C(C=CC=N3)C=C2)N=C1,2,,
"4,9-Cl/OCF3-phen",Cl.OC(F)(F)F.c1cnc2c(c1)ccc1cccnc12,"4,9","Cl,OCF3",C1=CC2=C(C3=C(C=CC=N3)C=C2)N=C1,2,,
"4,9-(Cl)2-phen",Cl.Cl.c1cnc2c(c1)ccc1cccnc12,"4,9","Cl,Cl",C1=CC2=C(C3=C(C=CC=N3)C=C2)N=C1,2,,
"4,9-Cl/Br-phen",Br.Cl.c1cnc2c(c1)ccc1cccnc12,"4,9","Cl,Br",C1=CC2=C(C3=C(C=CC=N3)C=C2)N=C1,2,,
"4,9-Cl/NH2-phen",Cl.N.c1cnc2c(c1)ccc1cccnc12,"4,9","Cl,NH2",C1=CC2=C(C3=C(C=CC=N3)C=C2)N=C1,2,,
"4,9-Cl/OMe-phen",CO.Cl.c1cnc2c(c1)ccc1cccnc12,"4,9","Cl,OMe",C1=CC2=C(C3=C(C=CC=N3)C=C2)N=C1,2,,
"4,9-Cl/Me-phen",C.Cl.c1cnc2c(c1)ccc1cccnc12,"4,9","Cl,Me",C1=CC2=C(C3=C(C=CC=N3)C=C2)N=C1,2,,
"4,9-Cl/Et-phen",CC.Cl.c1cnc2c(c1)ccc1cccnc12,"4,9","Cl,Et",C1=CC2=C(C3=C(C=CC=N3)C=C2)N=C1,2,,
"4,9-Br/CN-phen",Br.C#N.c1cnc2c(c1)ccc1cccnc12,"4,9","Br,CN",C1=CC2=C(C3=C(C=CC=N3)C=C2)N=C1,2,,
"4,9-Br/CHO-phen",Br.C=O.c1cnc2c(c1)ccc1cccnc12,"4,9","Br,CHO",C1=CC2=C(C3=C(C=CC=N3)C=C2)N=C1,2,,
"4,9-Br/OCF3-phen",Br.OC(F)(F)F.c1cnc2c(c1)ccc1cccnc12,"4,9","Br,OCF3",C1=CC2=C(C3=C(C=CC=N3)C=C2)N=C1,2,,
"4,9-Br/Cl-phen",Br.Cl.c1cnc2c(c1)ccc1cccnc12,"4,9","Br,Cl",C1=CC2=C(C3=C(C=CC=N3)C=C2)N=C1,2,,
"4,9-(Br)2-phen",Br.Br.c1cnc2c(c1)ccc1cccnc12,"4,9","Br,Br",C1=CC2=C(C3=C(C=CC=N3)C=C2)N=C1,2,,
"4,9-Br/NH2-phen",Br.N.c1cnc2c(c1)ccc1cccnc12,"4,9","Br,NH2",C1=CC2=C(C3=C(C=CC=N3)C=C2)N=C1,2,,
"4,9-Br/OMe-phen",Br.CO.c1cnc2c(c1)ccc1cccnc12,"4,9","Br,OMe",C1=CC2=C(C3=C(C=CC=N3)C=C2)N=C1,2,,
"4,9-Br/Me-phen",Br.C.c1cnc2c(c1)ccc1cccnc12,"4,9","Br,Me",C1=CC2=C(C3=C(C=CC=N3)C=C2)N=C1,2,,
"4,9-Br/Et-phen",Br.CC.c1cnc2c(c1)ccc1cccnc12,"4,9","Br,Et",C1=CC2=C(C3=C(C=CC=N3)C=C2)N=C1,2,,
"4,9-NH2/CN-phen",C#N.N.c1cnc2c(c1)ccc1cccnc12,"4,9","NH2,CN",C1=CC2=C(C3=C(C=CC=N3)C=C2)N=C1,2,27.00,
"4,9-NH2/CHO-phen",C=O.N.c1cnc2c(c1)ccc1cccnc12,"4,9","NH2,CHO",C1=CC2=C(C3=C(C=CC=N3)C=C2)N=C1,2,22.80,
"4,9-NH2/OCF3-phen",N.OC(F)(F)F.c1cnc2c(c1)ccc1cccnc12,"4,9","NH2,OCF3",C1=CC2=C(C3=C(C=CC=N3)C=C2)N=C1,2,,
"4,9-NH2/Cl-phen",Cl.N.c1cnc2c(c1)ccc1cccnc12,"4,9","NH2,Cl",C1=CC2=C(C3=C(C=CC=N3)C=C2)N=C1,2,,
"4,9-NH2/Br-phen",Br.N.c1cnc2c(c1)ccc1cccnc12,"4,9","NH2,Br",C1=CC2=C(C3=C(C=CC=N3)C=C2)N=C1,2,,
"4,9-(NH2)2-phen",N.N.c1cnc2c(c1)ccc1cccnc12,"4,9","NH2,NH2",C1=CC2=C(C3=C(C=CC=N3)C=C2)N=C1,2,18.00,
"4,9-NH2/OMe-phen",CO.N.c1cnc2c(c1)ccc1cccnc12,"4,9","NH2,OMe",C1=CC2=C(C3=C(C=CC=N3)C=C2)N=C1,2,14.00,
"4,9-NH2/Me-phen",C.N.c1cnc2c(c1)ccc1cccnc12,"4,9","NH2,Me",C1=CC2=C(C3=C(C=CC=N3)C=C2)N=C1,2,,
"4,9-NH2/Et-phen",CC.N.c1cnc2c(c1)ccc1cccnc12,"4,9","NH2,Et",C1=CC2=C(C3=C(C=CC=N3)C=C2)N=C1,2,13.00,
"4,9-OMe/CN-phen",C#N.CO.c1cnc2c(c1)ccc1cccnc12,"4,9","OMe,CN",C1=CC2=C(C3=C(C=CC=N3)C=C2)N=C1,2,23.00,
"4,9-OMe/CHO-phen",C=O.CO.c1cnc2c(c1)ccc1cccnc12,"4,9","OMe,CHO",C1=CC2=C(C3=C(C=CC=N3)C=C2)N=C1,2,18.80,
"4,9-OMe/OCF3-phen",CO.OC(F)(F)F.c1cnc2c(c1)ccc1cccnc12,"4,9","OMe,OCF3",C1=CC2=C(C3=C(C=CC=N3)C=C2)N=C1,2,,
"4,9-OMe/Cl-phen",CO.Cl.c1cnc2c(c1)ccc1cccnc12,"4,9","OMe,Cl",C1=CC2=C(C3=C(C=CC=N3)C=C2)N=C1,2,,
"4,9-OMe/Br-phen",Br.CO.c1cnc2c(c1)ccc1cccnc12,"4,9","OMe,Br",C1=CC2=C(C3=C(C=CC=N3)C=C2)N=C1,2,,
"4,9-OMe/NH2-phen",CO.N.c1cnc2c(c1)ccc1cccnc12,"4,9","OMe,NH2",C1=CC2=C(C3=C(C=CC=N3)C=C2)N=C1,2,14.00,
"4,9-(OMe)2-phen",CO.CO.c1cnc2c(c1)ccc1cccnc12,"4,9","OMe,OMe",C1=CC2=C(C3=C(C=CC=N3)C=C2)N=C1,2,10.00,
"4,9-OMe/Me-phen",C.CO.c1cnc2c(c1)ccc1cccnc12,"4,9","OMe,Me",C1=CC2=C(C3=C(C=CC=N3)C=C2)N=C1,2,,
"4,9-OMe/Et-phen",CC.CO.c1cnc2c(c1)ccc1cccnc12,"4,9","OMe,Et",C1=CC2=C(C3=C(C=CC=N3)C=C2)N=C1,2,9.00,
"4,9-Me/CN-phen",C.C#N.c1cnc2c(c1)ccc1cccnc12,"4,9","Me,CN",C1=CC2=C(C3=C(C=CC=N3)C=C2)N=C1,2,,
"4,9-Me/CHO-phen",C.C=O.c1cnc2c(c1)ccc1cccnc12,"4,9","Me,CHO",C1=CC2=C(C3=C(C=CC=N3)C=C2)N=C1,2,,
"4,9-Me/OCF3-phen",C.OC(F)(F)F.c1cnc2c(c1)ccc1cccnc12,"4,9","Me,OCF3",C1=CC2=C(C3=C(C=CC=N3)C=C2)N=C1,2,,
"4,9-Me/Cl-phen",C.Cl.c1cnc2c(c1)ccc1cccnc12,"4,9","Me,Cl",C1=CC2=C(C3=C(C=CC=N3)C=C2)N=C1,2,,
"4,9-Me/Br-phen",Br.C.c1cnc2c(c1)ccc1cccnc12,"4,9","Me,Br",C1=CC2=C(C3=C(C=CC=N3)C=C2)N=C1,2,,
"4,9-Me/NH2-phen",C.N.c1cnc2c(c1)ccc1cccnc12,"4,9","Me,NH2",C1=CC2=C(C3=C(C=CC=N3)C=C2)N=C1,2,,
"4,9-Me/OMe-phen",C.CO.c1cnc2c(c1)ccc1cccnc12,"4,9","Me,OMe",C1=CC2=C(C3=C(C=CC=N3)C=C2)N=C1,2,,
"4,9-(Me)2-phen",C.C.c1cnc2c(c1)ccc1cccnc12,"4,9","Me,Me",C1=CC2=C(C3=C(C=CC=N3)C=C2)N=C1,2,,
"4,9-Me/Et-phen",C.CC.c1cnc2c(c1)ccc1cccnc12,"4,9","Me,Et",C1=CC2=C(C3=C(C=CC=N3)C=C2)N=C1,2,,
"4,9-Et/CN-phen",C#N.CC.c1cnc2c(c1)ccc1cccnc12,"4,9","Et,CN",C1=CC2=C(C3=C(C=CC=N3)C=C2)N=C1,2,22.00,
"4,9-Et/CHO-phen",C=O.CC.c1cnc2c(c1)ccc1cccnc12,"4,9","Et,CHO",C1=CC2=C(C3=C(C=CC=N3)C=C2)N=C1,2,17.80,
"4,9-Et/OCF3-phen",CC.OC(F)(F)F.c1cnc2c(c1)ccc1cccnc12,"4,9","Et,OCF3",C1=CC2=C(C3=C(C=CC=N3)C=C2)N=C1,2,,
"4,9-Et/Cl-phen",CC.Cl.c1cnc2c(c1)ccc1cccnc12,"4,9","Et,Cl",C1=CC2=C(C3=C(C=CC=N3)C=C2)N=C1,2,,
"4,9-Et/Br-phen",Br.CC.c1cnc2c(c1)ccc1cccnc12,"4,9","Et,Br",C1=CC2=C(C3=C(C=CC=N3)C=C2)N=C1,2,,
"4,9-Et/NH2-phen",CC.N.c1cnc2c(c1)ccc1cccnc12,"4,9","Et,NH2",C1=CC2=C(C3=C(C=CC=N3)C=C2)N=C1,2,13.00,
"4,9-Et/OMe-phen",CC.CO.c1cnc2c(c1)ccc1cccnc12,"4,9","Et,OMe",C1=CC2=C(C3=C(C=CC=N3)C=C2)N=C1,2,9.00,
"4,9-Et/Me-phen",C.CC.c1cnc2c(c1)ccc1cccnc12,"4,9","Et,Me",C1=CC2=C(C3=C(C=CC=N3)C=C2)N=C1,2,,
"4,9-(Et)2-phen",CC.CC.c1cnc2c(c1)ccc1cccnc12,"4,9","Et,Et",C1=CC2=C(C3=C(C=CC=N3)C=C2)N=C1,2,8.00,
"5,6-(CN)2-phen",C#N.C#N.c1cnc2c(c1)ccc1cccnc12,"5,6","CN,CN",C1=CC2=C(C3=C(C=CC=N3)C=C2)N=C1,2,36.00,
"5,6-CN/CHO-phen",C#N.C=O.c1cnc2c(c1)ccc1cccnc12,"5,6","CN,CHO",C1=CC2=C(C3=C(C=CC=N3)C=C2)N=C1,2,31.80,
"5,6-CN/OCF3-phen",C#N.OC(F)(F)F.c1cnc2c(c1)ccc1cccnc12,"5,6","CN,OCF3",C1=CC2=C(C3=C(C=CC=N3)C=C2)N=C1,2,,
"5,6-CN/Cl-phen",C#N.Cl.c1cnc2c(c1)ccc1cccnc12,"5,6","CN,Cl",C1=CC2=C(C3=C(C=CC=N3)C=C2)N=C1,2,,
"5,6-CN/Br-phen",Br.C#N.c1cnc2c(c1)ccc1cccnc12,"5,6","CN,Br",C1=CC2=C(C3=C(C=CC=N3)C=C2)N=C1,2,,
"5,6-CN/NH2-phen",C#N.N.c1cnc2c(c1)ccc1cccnc12,"5,6","CN,NH2",C1=CC2=C(C3=C(C=CC=N3)C=C2)N=C1,2,27.00,
"5,6-CN/OMe-phen",C#N.CO.c1cnc2c(c1)ccc1cccnc12,"5,6","CN,OMe",C1=CC2=C(C3=C(C=CC=N3)C=C2)N=C1,2,23.00,
"5,6-CN/Me-phen",C.C#N.c1cnc2c(c1)ccc1cccnc12,"5,6","CN,Me",C1=CC2=C(C3=C(C=CC=N3)C=C2)N=C1,2,,
"5,6-CN/Et-phen",C#N.CC.c1cnc2c(c1)ccc1cccnc12,"5,6","CN,Et",C1=CC2=C(C3=C(C=CC=N3)C=C2)N=C1,2,22.00,
"5,6-CHO/CN-phen",C#N.C=O.c1cnc2c(c1)ccc1cccnc12,"5,6","CHO,CN",C1=CC2=C(C3=C(C=CC=N3)C=C2)N=C1,2,31.80,
"5,6-(CHO)2-phen",C=O.C=O.c1cnc2c(c1)ccc1cccnc12,"5,6","CHO,CHO",C1=CC2=C(C3=C(C=CC=N3)C=C2)N=C1,2,27.60,
"5,6-CHO/OCF3-phen",C=O.OC(F)(F)F.c1cnc2c(c1)ccc1cccnc12,"5,6","CHO,OCF3",C1=CC2=C(C3=C(C=CC=N3)C=C2)N=C1,2,,
"5,6-CHO/Cl-phen",C=O.Cl.c1cnc2c(c1)ccc1cccnc12,"5,6","CHO,Cl",C1=CC2=C(C3=C(C=CC=N3)C=C2)N=C1,2,,
"5,6-CHO/Br-phen",Br.C=O.c1cnc2c(c1)ccc1cccnc12,"5,6","CHO,Br",C1=CC2=C(C3=C(C=CC=N3)C=C2)N=C1,2,,
"5,6-CHO/NH2-phen",C=O.N.c1cnc2c(c1)ccc1cccnc12,"5,6","CHO,NH2",C1=CC2=C(C3=C(C=CC=N3)C=C2)N=C1,2,22.80,
"5,6-CHO/OMe-phen",C=O.CO.c1cnc2c(c1)ccc1cccnc12,"5,6","CHO,OMe",C1=CC2=C(C3=C(C=CC=N3)C=C2)N=C1,2,18.80,
"5,6-CHO/Me-phen",C.C=O.c1cnc2c(c1)ccc1cccnc12,"5,6","CHO,Me",C1=CC2=C(C3=C(C=CC=N3)C=C2)N=C1,2,,
"5,6-CHO/Et-phen",C=O.CC.c1cnc2c(c1)ccc1cccnc12,"5,6","CHO,Et",C1=CC2=C(C3=C(C=CC=N3)C=C2)N=C1,2,17.80,
"5,6-OCF3/CN-phen",C#N.OC(F)(F)F.c1cnc2c(c1)ccc1cccnc12,"5,6","OCF3,CN",C1=CC2=C(C3=C(C=CC=N3)C=C2)N=C1,2,,
"5,6-OCF3/CHO-phen",C=O.OC(F)(F)F.c1cnc2c(c1)ccc1cccnc12,"5,6","OCF3,CHO",C1=CC2=C(C3=C(C=CC=N3)C=C2)N=C1,2,,
"5,6-(OCF3)2-phen",OC(F)(F)F.OC(F)(F)F.c1cnc2c(c1)ccc1cccnc12,"5,6","OCF3,OCF3",C1=CC2=C(C3=C(C=CC=N3)C=C2)N=C1,2,,
"5,6-OCF3/Cl-phen",Cl.OC(F)(F)F.c1cnc2c(c1)ccc1cccnc12,"5,6","OCF3,Cl",C1=CC2=C(C3=C(C=CC=N3)C=C2)N=C1,2,,
"5,6-OCF3/Br-phen",Br.OC(F)(F)F.c1cnc2c(c1)ccc1cccnc12,"5,6","OCF3,Br",C1=CC2=C(C3=C(C=CC=N3)C=C2)N=C1,2,,
"5,6-OCF3/NH2-phen",N.OC(F)(F)F.c1cnc2c(c1)ccc1cccnc12,"5,6","OCF3,NH2",C1=CC2=C(C3=C(C=CC=N3)C=C2)N=C1,2,,
"5,6-OCF3/OMe-phen",CO.OC(F)(F)F.c1cnc2c(c1)ccc1cccnc12,"5,6","OCF3,OMe",C1=CC2=C(C3=C(C=CC=N3)C=C2)N=C1,2,,
"5,6-OCF3/Me-phen",C.OC(F)(F)F.c1cnc2c(c1)ccc1cccnc12,"5,6","OCF3,Me",C1=CC2=C(C3=C(C=CC=N3)C=C2)N=C1,2,,
"5,6-OCF3/Et-phen",CC.OC(F)(F)F.c1cnc2c(c1)ccc1cccnc12,"5,6","OCF3,Et",C1=CC2=C(C3=C(C=CC=N3)C=C2)N=C1,2,,
"5,6-Cl/CN-phen",C#N.Cl.c1cnc2c(c1)ccc1cccnc12,"5,6","Cl,CN",C1=CC2=C(C3=C(C=CC=N3)C=C2)N=C1,2,,
"5,6-Cl/CHO-phen",C=O.Cl.c1cnc2c(c1)ccc1cccnc12,"5,6","Cl,CHO",C1=CC2=C(C3=C(C=CC=N3)C=C2)N=C1,2,,
"5,6-Cl/OCF3-phen",Cl.OC(F)(F)F.c1cnc2c(c1)ccc1cccnc12,"5,6","Cl,OCF3",C1=CC2=C(C3=C(C=CC=N3)C=C2)N=C1,2,,
"5,6-(Cl)2-phen",Cl.Cl.c1cnc2c(c1)ccc1cccnc12,"5,6","Cl,Cl",C1=CC2=C(C3=C(C=CC=N3)C=C2)N=C1,2,,
"5,6-Cl/Br-phen",Br.Cl.c1cnc2c(c1)ccc1cccnc12,"5,6","Cl,Br",C1=CC2=C(C3=C(C=CC=N3)C=C2)N=C1,2,,
"5,6-Cl/NH2-phen",Cl.N.c1cnc2c(c1)ccc1cccnc12,"5,6","Cl,NH2",C1=CC2=C(C3=C(C=CC=N3)C=C2)N=C1,2,,
"5,6-Cl/OMe-phen",CO.Cl.c1cnc2c(c1)ccc1cccnc12,"5,6","Cl,OMe",C1=CC2=C(C3=C(C=CC=N3)C=C2)N=C1,2,,
"5,6-Cl/Me-phen",C.Cl.c1cnc2c(c1)ccc1cccnc12,"5,6","Cl,Me",C1=CC2=C(C3=C(C=CC=N3)C=C2)N=C1,2,,
"5,6-Cl/Et-phen",CC.Cl.c1cnc2c(c1)ccc1cccnc12,"5,6","Cl,Et",C1=CC2=C(C3=C(C=CC=N3)C=C2)N=C1,2,,
"5,6-Br/CN-phen",Br.C#N.c1cnc2c(c1)ccc1cccnc12,"5,6","Br,CN",C1=CC2=C(C3=C(C=CC=N3)C=C2)N=C1,2,,
"5,6-Br/CHO-phen",Br.C=O.c1cnc2c(c1)ccc1cccnc12,"5,6","Br,CHO",C1=CC2=C(C3=C(C=CC=N3)C=C2)N=C1,2,,
"5,6-Br/OCF3-phen",Br.OC(F)(F)F.c1cnc2c(c1)ccc1cccnc12,"5,6","Br,OCF3",C1=CC2=C(C3=C(C=CC=N3)C=C2)N=C1,2,,
"5,6-Br/Cl-phen",Br.Cl.c1cnc2c(c1)ccc1cccnc12,"5,6","Br,Cl",C1=CC2=C(C3=C(C=CC=N3)C=C2)N=C1,2,,
"5,6-(Br)2-phen",Br.Br.c1cnc2c(c1)ccc1cccnc12,"5,6","Br,Br",C1=CC2=C(C3=C(C=CC=N3)C=C2)N=C1,2,,
"5,6-Br/NH2-phen",Br.N.c1cnc2c(c1)ccc1cccnc12,"5,6","Br,NH2",C1=CC2=C(C3=C(C=CC=N3)C=C2)N=C1,2,,
"5,6-Br/OMe-phen",Br.CO.c1cnc2c(c1)ccc1cccnc12,"5,6","Br,OMe",C1=CC2=C(C3=C(C=CC=N3)C=C2)N=C1,2,,
"5,6-Br/Me-phen",Br.C.c1cnc2c(c1)ccc1cccnc12,"5,6","Br,Me",C1=CC2=C(C3=C(C=CC=N3)C=C2)N=C1,2,,
"5,6-Br/Et-phen",Br.CC.c1cnc2c(c1)ccc1cccnc12,"5,6","Br,Et",C1=CC2=C(C3=C(C=CC=N3)C=C2)N=C1,2,,
"5,6-NH2/CN-phen",C#N.N.c1cnc2c(c1)ccc1cccnc12,"5,6","NH2,CN",C1=CC2=C(C3=C(C=CC=N3)C=C2)N=C1,2,27.00,
"5,6-NH2/CHO-phen",C=O.N.c1cnc2c(c1)ccc1cccnc12,"5,6","NH2,CHO",C1=CC2=C(C3=C(C=CC=N3)C=C2)N=C1,2,22.80,
"5,6-NH2/OCF3-phen",N.OC(F)(F)F.c1cnc2c(c1)ccc1cccnc12,"5,6","NH2,OCF3",C1=CC2=C(C3=C(C=CC=N3)C=C2)N=C1,2,,
"5,6-NH2/Cl-phen",Cl.N.c1cnc2c(c1)ccc1cccnc12,"5,6","NH2,Cl",C1=CC2=C(C3=C(C=CC=N3)C=C2)N=C1,2,,
"5,6-NH2/Br-phen",Br.N.c1cnc2c(c1)ccc1cccnc12,"5,6","NH2,Br",C1=CC2=C(C3=C(C=CC=N3)C=C2)N=C1,2,,
"5,6-(NH2)2-phen",N.N.c1cnc2c(c1)ccc1cccnc12,"5,6","NH2,NH2",C1=CC2=C(C3=C(C=CC=N3)C=C2)N=C1,2,18.00,
"5,6-NH2/OMe-phen",CO.N.c1cnc2c(c1)ccc1cccnc12,"5,6","NH2,OMe",C1=CC2=C(C3=C(C=CC=N3)C=C2)N=C1,2,14.00,
"5,6-NH2/Me-phen",C.N.c1cnc2c(c1)ccc1cccnc12,"5,6","NH2,Me",C1=CC2=C(C3=C(C=CC=N3)C=C2)N=C1,2,,
"5,6-NH2/Et-phen",CC.N.c1cnc2c(c1)ccc1cccnc12,"5,6","NH2,Et",C1=CC2=C(C3=C(C=CC=N3)C=C2)N=C1,2,13.00,
"5,6-OMe/CN-phen",C#N.CO.c1cnc2c(c1)ccc1cccnc12,"5,6","OMe,CN",C1=CC2=C(C3=C(C=CC=N3)C=C2)N=C1,2,23.00,
"5,6-OMe/CHO-phen",C=O.CO.c1cnc2c(c1)ccc1cccnc12,"5,6","OMe,CHO",C1=CC2=C(C3=C(C=CC=N3)C=C2)N=C1,2,18.80,
"5,6-OMe/OCF3-phen",CO.OC(F)(F)F.c1cnc2c(c1)ccc1cccnc12,"5,6","OMe,OCF3",C1=CC2=C(C3=C(C=CC=N3)C=C2)N=C1,2,,
"5,6-OMe/Cl-phen",CO.Cl.c1cnc2c(c1)ccc1cccnc12,"5,6","OMe,Cl",C1=CC2=C(C3=C(C=CC=N3)C=C2)N=C1,2,,
"5,6-OMe/Br-phen",Br.CO.c1cnc2c(c1)ccc1cccnc12,"5,6","OMe,Br",C1=CC2=C(C3=C(C=CC=N3)C=C2)N=C1,2,,
"5,6-OMe/NH2-phen",CO.N.c1cnc2c(c1)ccc1cccnc12,"5,6","OMe,NH2",C1=CC2=C(C3=C(C=CC=N3)C=C2)N=C1,2,14.00,
"5,6-(OMe)2-phen",CO.CO.c1cnc2c(c1)ccc1cccnc12,"5,6","OMe,OMe",C1=CC2=C(C3=C(C=CC=N3)C=C2)N=C1,2,10.00,
"5,6-OMe/Me-phen",C.CO.c1cnc2c(c1)ccc1cccnc12,"5,6","OMe,Me",C1=CC2=C(C3=C(C=CC=N3)C=C2)N=C1,2,,
"5,6-OMe/Et-phen",CC.CO.c1cnc2c(c1)ccc1cccnc12,"5,6","OMe,Et",C1=CC2=C(C3=C(C=CC=N3)C=C2)N=C1,2,9.00,
"5,6-Me/CN-phen",C.C#N.c1cnc2c(c1)ccc1cccnc12,"5,6","Me,CN",C1=CC2=C(C3=C(C=CC=N3)C=C2)N=C1,2,,
"5,6-Me/CHO-phen",C.C=O.c1cnc2c(c1)ccc1cccnc12,"5,6","Me,CHO",C1=CC2=C(C3=C(C=CC=N3)C=C2)N=C1,2,,
"5,6-Me/OCF3-phen",C.OC(F)(F)F.c1cnc2c(c1)ccc1cccnc12,"5,6","Me,OCF3",C1=CC2=C(C3=C(C=CC=N3)C=C2)N=C1,2,,
"5,6-Me/Cl-phen",C.Cl.c1cnc2c(c1)ccc1cccnc12,"5,6","Me,Cl",C1=CC2=C(C3=C(C=CC=N3)C=C2)N=C1,2,,
"5,6-Me/Br-phen",Br.C.c1cnc2c(c1)ccc1cccnc12,"5,6","Me,Br",C1=CC2=C(C3=C(C=CC=N3)C=C2)N=C1,2,,
"5,6-Me/NH2-phen",C.N.c1cnc2c(c1)ccc1cccnc12,"5,6","Me,NH2",C1=CC2=C(C3=C(C=CC=N3)C=C2)N=C1,2,,
"5,6-Me/OMe-phen",C.CO.c1cnc2c(c1)ccc1cccnc12,"5,6","Me,OMe",C1=CC2=C(C3=C(C=CC=N3)C=C2)N=C1,2,,
"5,6-(Me)2-phen",C.C.c1cnc2c(c1)ccc1cccnc12,"5,6","Me,Me",C1=CC2=C(C3=C(C=CC=N3)C=C2)N=C1,2,,
"5,6-Me/Et-phen",C.CC.c1cnc2c(c1)ccc1cccnc12,"5,6","Me,Et",C1=CC2=C(C3=C(C=CC=N3)C=C2)N=C1,2,,
"5,6-Et/CN-phen",C#N.CC.c1cnc2c(c1)ccc1cccnc12,"5,6","Et,CN",C1=CC2=C(C3=C(C=CC=N3)C=C2)N=C1,2,22.00,
"5,6-Et/CHO-phen",C=O.CC.c1cnc2c(c1)ccc1cccnc12,"5,6","Et,CHO",C1=CC2=C(C3=C(C=CC=N3)C=C2)N=C1,2,17.80,
"5,6-Et/OCF3-phen",CC.OC(F)(F)F.c1cnc2c(c1)ccc1cccnc12,"5,6","Et,OCF3",C1=CC2=C(C3=C(C=CC=N3)C=C2)N=C1,2,,
"5,6-Et/Cl-phen",CC.Cl.c1cnc2c(c1)ccc1cccnc12,"5,6","Et,Cl",C1=CC2=C(C3=C(C=CC=N3)C=C2)N=C1,2,,
"5,6-Et/Br-phen",Br.CC.c1cnc2c(c1)ccc1cccnc12,"5,6","Et,Br",C1=CC2=C(C3=C(C=CC=N3)C=C2)N=C1,2,,
"5,6-Et/NH2-phen",CC.N.c1cnc2c(c1)ccc1cccnc12,"5,6","Et,NH2",C1=CC2=C(C3=C(C=CC=N3)C=C2)N=C1,2,13.00,
"5,6-Et/OMe-phen",CC.CO.c1cnc2c(c1)ccc1cccnc12,"5,6","Et,OMe",C1=CC2=C(C3=C(C=CC=N3)C=C2)N=C1,2,9.00,
"5,6-Et/Me-phen",C.CC.c1cnc2c(c1)ccc1cccnc12,"5,6","Et,Me",C1=CC2=C(C3=C(C=CC=N3)C=C2)N=C1,2,,
"5,6-(Et)2-phen",CC.CC.c1cnc2c(c1)ccc1cccnc12,"5,6","Et,Et",C1=CC2=C(C3=C(C=CC=N3)C=C2)N=C1,2,8.00,
"5,7-(CN)2-phen",C#N.C#N.c1cnc2c(c1)ccc1cccnc12,"5,7","CN,CN",C1=CC2=C(C3=C(C=CC=N3)C=C2)N=C1,2,36.00,
"5,7-CN/CHO-phen",C#N.C=O.c1cnc2c(c1)ccc1cccnc12,"5,7","CN,CHO",C1=CC2=C(C3=C(C=CC=N3)C=C2)N=C1,2,31.80,
"5,7-CN/OCF3-phen",C#N.OC(F)(F)F.c1cnc2c(c1)ccc1cccnc12,"5,7","CN,OCF3",C1=CC2=C(C3=C(C=CC=N3)C=C2)N=C1,2,,
"5,7-CN/Cl-phen",C#N.Cl.c1cnc2c(c1)ccc1cccnc12,"5,7","CN,Cl",C1=CC2=C(C3=C(C=CC=N3)C=C2)N=C1,2,,
"5,7-CN/Br-phen",Br.C#N.c1cnc2c(c1)ccc1cccnc12,"5,7","CN,Br",C1=CC2=C(C3=C(C=CC=N3)C=C2)N=C1,2,,
"5,7-CN/NH2-phen",C#N.N.c1cnc2c(c1)ccc1cccnc12,"5,7","CN,NH2",C1=CC2=C(C3=C(C=CC=N3)C=C2)N=C1,2,27.00,
"5,7-CN/OMe-phen",C#N.CO.c1cnc2c(c1)ccc1cccnc12,"5,7","CN,OMe",C1=CC2=C(C3=C(C=CC=N3)C=C2)N=C1,2,23.00,
"5,7-CN/Me-phen",C.C#N.c1cnc2c(c1)ccc1cccnc12,"5,7","CN,Me",C1=CC2=C(C3=C(C=CC=N3)C=C2)N=C1,2,,
"5,7-CN/Et-phen",C#N.CC.c1cnc2c(c1)ccc1cccnc12,"5,7","CN,Et",C1=CC2=C(C3=C(C=CC=N3)C=C2)N=C1,2,22.00,
"5,7-CHO/CN-phen",C#N.C=O.c1cnc2c(c1)ccc1cccnc12,"5,7","CHO,CN",C1=CC2=C(C3=C(C=CC=N3)C=C2)N=C1,2,31.80,
"5,7-(CHO)2-phen",C=O.C=O.c1cnc2c(c1)ccc1cccnc12,"5,7","CHO,CHO",C1=CC2=C(C3=C(C=CC=N3)C=C2)N=C1,2,27.60,
"5,7-CHO/OCF3-phen",C=O.OC(F)(F)F.c1cnc2c(c1)ccc1cccnc12,"5,7","CHO,OCF3",C1=CC2=C(C3=C(C=CC=N3)C=C2)N=C1,2,,
"5,7-CHO/Cl-phen",C=O.Cl.c1cnc2c(c1)ccc1cccnc12,"5,7","CHO,Cl",C1=CC2=C(C3=C(C=CC=N3)C=C2)N=C1,2,,
"5,7-CHO/Br-phen",Br.C=O.c1cnc2c(c1)ccc1cccnc12,"5,7","CHO,Br",C1=CC2=C(C3=C(C=CC=N3)C=C2)N=C1,2,,
"5,7-CHO/NH2-phen",C=O.N.c1cnc2c(c1)ccc1cccnc12,"5,7","CHO,NH2",C1=CC2=C(C3=C(C=CC=N3)C=C2)N=C1,2,22.80,
"5,7-CHO/OMe-phen",C=O.CO.c1cnc2c(c1)ccc1cccnc12,"5,7","CHO,OMe",C1=CC2=C(C3=C(C=CC=N3)C=C2)N=C1,2,18.80,
"5,7-CHO/Me-phen",C.C=O.c1cnc2c(c1)ccc1cccnc12,"5,7","CHO,Me",C1=CC2=C(C3=C(C=CC=N3)C=C2)N=C1,2,,
"5,7-CHO/Et-phen",C=O.CC.c1cnc2c(c1)ccc1cccnc12,"5,7","CHO,Et",C1=CC2=C(C3=C(C=CC=N3)C=C2)N=C1,2,17.80,
"5,7-OCF3/CN-phen",C#N.OC(F)(F)F.c1cnc2c(c1)ccc1cccnc12,"5,7","OCF3,CN",C1=CC2=C(C3=C(C=CC=N3)C=C2)N=C1,2,,
"5,7-OCF3/CHO-phen",C=O.OC(F)(F)F.c1cnc2c(c1)ccc1cccnc12,"5,7","OCF3,CHO",C1=CC2=C(C3=C(C=CC=N3)C=C2)N=C1,2,,
"5,7-(OCF3)2-phen",OC(F)(F)F.OC(F)(F)F.c1cnc2c(c1)ccc1cccnc12,"5,7","OCF3,OCF3",C1=CC2=C(C3=C(C=CC=N3)C=C2)N=C1,2,,
"5,7-OCF3/Cl-phen",Cl.OC(F)(F)F.c1cnc2c(c1)ccc1cccnc12,"5,7","OCF3,Cl",C1=CC2=C(C3=C(C=CC=N3)C=C2)N=C1,2,,
"5,7-OCF3/Br-phen",Br.OC(F)(F)F.c1cnc2c(c1)ccc1cccnc12,"5,7","OCF3,Br",C1=CC2=C(C3=C(C=CC=N3)C=C2)N=C1,2,,
"5,7-OCF3/NH2-phen",N.OC(F)(F)F.c1cnc2c(c1)ccc1cccnc12,"5,7","OCF3,NH2",C1=CC2=C(C3=C(C=CC=N3)C=C2)N=C1,2,,
"5,7-OCF3/OMe-phen",CO.OC(F)(F)F.c1cnc2c(c1)ccc1cccnc12,"5,7","OCF3,OMe",C1=CC2=C(C3=C(C=CC=N3)C=C2)N=C1,2,,
"5,7-OCF3/Me-phen",C.OC(F)(F)F.c1cnc2c(c1)ccc1cccnc12,"5,7","OCF3,Me",C1=CC2=C(C3=C(C=CC=N3)C=C2)N=C1,2,,
"5,7-OCF3/Et-phen",CC.OC(F)(F)F.c1cnc2c(c1)ccc1cccnc12,"5,7","OCF3,Et",C1=CC2=C(C3=C(C=CC=N3)C=C2)N=C1,2,,
"5,7-Cl/CN-phen",C#N.Cl.c1cnc2c(c1)ccc1cccnc12,"5,7","Cl,CN",C1=CC2=C(C3=C(C=CC=N3)C=C2)N=C1,2,,
"5,7-Cl/CHO-phen",C=O.Cl.c1cnc2c(c1)ccc1cccnc12,"5,7","Cl,CHO",C1=CC2=C(C3=C(C=CC=N3)C=C2)N=C1,2,,
"5,7-Cl/OCF3-phen",Cl.OC(F)(F)F.c1cnc2c(c1)ccc1cccnc12,"5,7","Cl,OCF3",C1=CC2=C(C3=C(C=CC=N3)C=C2)N=C1,2,,
"5,7-(Cl)2-phen",Cl.Cl.c1cnc2c(c1)ccc1cccnc12,"5,7","Cl,Cl",C1=CC2=C(C3=C(C=CC=N3)C=C2)N=C1,2,,
"5,7-Cl/Br-phen",Br.Cl.c1cnc2c(c1)ccc1cccnc12,"5,7","Cl,Br",C1=CC2=C(C3=C(C=CC=N3)C=C2)N=C1,2,,
"5,7-Cl/NH2-phen",Cl.N.c1cnc2c(c1)ccc1cccnc12,"5,7","Cl,NH2",C1=CC2=C(C3=C(C=CC=N3)C=C2)N=C1,2,,
"5,7-Cl/OMe-phen",CO.Cl.c1cnc2c(c1)ccc1cccnc12,"5,7","Cl,OMe",C1=CC2=C(C3=C(C=CC=N3)C=C2)N=C1,2,,
"5,7-Cl/Me-phen",C.Cl.c1cnc2c(c1)ccc1cccnc12,"5,7","Cl,Me",C1=CC2=C(C3=C(C=CC=N3)C=C2)N=C1,2,,
"5,7-Cl/Et-phen",CC.Cl.c1cnc2c(c1)ccc1cccnc12,"5,7","Cl,Et",C1=CC2=C(C3=C(C=CC=N3)C=C2)N=C1,2,,
"5,7-Br/CN-phen",Br.C#N.c1cnc2c(c1)ccc1cccnc12,"5,7","Br,CN",C1=CC2=C(C3=C(C=CC=N3)C=C2)N=C1,2,,
"5,7-Br/CHO-phen",Br.C=O.c1cnc2c(c1)ccc1cccnc12,"5,7","Br,CHO",C1=CC2=C(C3=C(C=CC=N3)C=C2)N=C1,2,,
"5,7-Br/OCF3-phen",Br.OC(F)(F)F.c1cnc2c(c1)ccc1cccnc12,"5,7","Br,OCF3",C1=CC2=C(C3=C(C=CC=N3)C=C2)N=C1,2,,
"5,7-Br/Cl-phen",Br.Cl.c1cnc2c(c1)ccc1cccnc12,"5,7","Br,Cl",C1=CC2=C(C3=C(C=CC=N3)C=C2)N=C1,2,,
"5,7-(Br)2-phen",Br.Br.c1cnc2c(c1)ccc1cccnc12,"5,7","Br,Br",C1=CC2=C(C3=C(C=CC=N3)C=C2)N=C1,2,,
"5,7-Br/NH2-phen",Br.N.c1cnc2c(c1)ccc1cccnc12,"5,7","Br,NH2",C1=CC2=C(C3=C(C=CC=N3)C=C2)N=C1,2,,
"5,7-Br/OMe-phen",Br.CO.c1cnc2c(c1)ccc1cccnc12,"5,7","Br,OMe",C1=CC2=C(C3=C(C=CC=N3)C=C2)N=C1,2,,
"5,7-Br/Me-phen",Br.C.c1cnc2c(c1)ccc1cccnc12,"5,7","Br,Me",C1=CC2=C(C3=C(C=CC=N3)C=C2)N=C1,2,,
"5,7-Br/Et-phen",Br.CC.c1cnc2c(c1)ccc1cccnc12,"5,7","Br,Et",C1=CC2=C(C3=C(C=CC=N3)C=C2)N=C1,2,,
"5,7-NH2/CN-phen",C#N.N.c1cnc2c(c1)ccc1cccnc12,"5,7","NH2,CN",C1=CC2=C(C3=C(C=CC=N3)C=C2)N=C1,2,27.00,
"5,7-NH2/CHO-phen",C=O.N.c1cnc2c(c1)ccc1cccnc12,"5,7","NH2,CHO",C1=CC2=C(C3=C(C=CC=N3)C=C2)N=C1,2,22.80,
"5,7-NH2/OCF3-phen",N.OC(F)(F)F.c1cnc2c(c1)ccc1cccnc12,"5,7","NH2,OCF3",C1=CC2=C(C3=C(C=CC=N3)C=C2)N=C1,2,,
"5,7-NH2/Cl-phen",Cl.N.c1cnc2c(c1)ccc1cccnc12,"5,7","NH2,Cl",C1=CC2=C(C3=C(C=CC=N3)C=C2)N=C1,2,,
"5,7-NH2/Br-phen",Br.N.c1cnc2c(c1)ccc1cccnc12,"5,7","NH2,Br",C1=CC2=C(C3=C(C=CC=N3)C=C2)N=C1,2,,
"5,7-(NH2)2-phen",N.N.c1cnc2c(c1)ccc1cccnc12,"5,7","NH2,NH2",C1=CC2=C(C3=C(C=CC=N3)C=C2)N=C1,2,18.00,
"5,7-NH2/OMe-phen",CO.N.c1cnc2c(c1)ccc1cccnc12,"5,7","NH2,OMe",C1=CC2=C(C3=C(C=CC=N3)C=C2)N=C1,2,14.00,
"5,7-NH2/Me-phen",C.N.c1cnc2c(c1)ccc1cccnc12,"5,7","NH2,Me",C1=CC2=C(C3=C(C=CC=N3)C=C2)N=C1,2,,
"5,7-NH2/Et-phen",CC.N.c1cnc2c(c1)ccc1cccnc12,"5,7","NH2,Et",C1=CC2=C(C3=C(C=CC=N3)C=C2)N=C1,2,13.00,
"5,7-OMe/CN-phen",C#N.CO.c1cnc2c(c1)ccc1cccnc12,"5,7","OMe,CN",C1=CC2=C(C3=C(C=CC=N3)C=C2)N=C1,2,23.00,
"5,7-OMe/CHO-phen",C=O.CO.c1cnc2c(c1)ccc1cccnc12,"5,7","OMe,CHO",C1=CC2=C(C3=C(C=CC=N3)C=C2)N=C1,2,18.80,
"5,7-OMe/OCF3-phen",CO.OC(F)(F)F.c1cnc2c(c1)ccc1cccnc12,"5,7","OMe,OCF3",C1=CC2=C(C3=C(C=CC=N3)C=C2)N=C1,2,,
"5,7-OMe/Cl-phen",CO.Cl.c1cnc2c(c1)ccc1cccnc12,"5,7","OMe,Cl",C1=CC2=C(C3=C(C=CC=N3)C=C2)N=C1,2,,
"5,7-OMe/Br-phen",Br.CO.c1cnc2c(c1)ccc1cccnc12,"5,7","OMe,Br",C1=CC2=C(C3=C(C=CC=N3)C=C2)N=C1,2,,
"5,7-OMe/NH2-phen",CO.N.c1cnc2c(c1)ccc1cccnc12,"5,7","OMe,NH2",C1=CC2=C(C3=C(C=CC=N3)C=C2)N=C1,2,14.00,
"5,7-(OMe)2-phen",CO.CO.c1cnc2c(c1)ccc1cccnc12,"5,7","OMe,OMe",C1=CC2=C(C3=C(C=CC=N3)C=C2)N=C1,2,10.00,
"5,7-OMe/Me-phen",C.CO.c1cnc2c(c1)ccc1cccnc12,"5,7","OMe,Me",C1=CC2=C(C3=C(C=CC=N3)C=C2)N=C1,2,,
"5,7-OMe/Et-phen",CC.CO.c1cnc2c(c1)ccc1cccnc12,"5,7","OMe,Et",C1=CC2=C(C3=C(C=CC=N3)C=C2)N=C1,2,9.00,
"5,7-Me/CN-phen",C.C#N.c1cnc2c(c1)ccc1cccnc12,"5,7","Me,CN",C1=CC2=C(C3=C(C=CC=N3)C=C2)N=C1,2,,
"5,7-Me/CHO-phen",C.C=O.c1cnc2c(c1)ccc1cccnc12,"5,7","Me,CHO",C1=CC2=C(C3=C(C=CC=N3)C=C2)N=C1,2,,
"5,7-Me/OCF3-phen",C.OC(F)(F)F.c1cnc2c(c1)ccc1cccnc12,"5,7","Me,OCF3",C1=CC2=C(C3=C(C=CC=N3)C=C2)N=C1,2,,
"5,7-Me/Cl-phen",C.Cl.c1cnc2c(c1)ccc1cccnc12,"5,7","Me,Cl",C1=CC2=C(C3=C(C=CC=N3)C=C2)N=C1,2,,
"5,7-Me/Br-phen",Br.C.c1cnc2c(c1)ccc1cccnc12,"5,7","Me,Br",C1=CC2=C(C3=C(C=CC=N3)C=C2)N=C1,2,,
"5,7-Me/NH2-phen",C.N.c1cnc2c(c1)ccc1cccnc12,"5,7","Me,NH2",C1=CC2=C(C3=C(C=CC=N3)C=C2)N=C1,2,,
"5,7-Me/OMe-phen",C.CO.c1cnc2c(c1)ccc1cccnc12,"5,7","Me,OMe",C1=CC2=C(C3=C(C=CC=N3)C=C2)N=C1,2,,
"5,7-(Me)2-phen",C.C.c1cnc2c(c1)ccc1cccnc12,"5,7","Me,Me",C1=CC2=C(C3=C(C=CC=N3)C=C2)N=C1,2,,
"5,7-Me/Et-phen",C.CC.c1cnc2c(c1)ccc1cccnc12,"5,7","Me,Et",C1=CC2=C(C3=C(C=CC=N3)C=C2)N=C1,2,,
"5,7-Et/CN-phen",C#N.CC.c1cnc2c(c1)ccc1cccnc12,"5,7","Et,CN",C1=CC2=C(C3=C(C=CC=N3)C=C2)N=C1,2,22.00,
"5,7-Et/CHO-phen",C=O.CC.c1cnc2c(c1)ccc1cccnc12,"5,7","Et,CHO",C1=CC2=C(C3=C(C=CC=N3)C=C2)N=C1,2,17.80,
"5,7-Et/OCF3-phen",CC.OC(F)(F)F.c1cnc2c(c1)ccc1cccnc12,"5,7","Et,OCF3",C1=CC2=C(C3=C(C=CC=N3)C=C2)N=C1,2,,
"5,7-Et/Cl-phen",CC.Cl.c1cnc2c(c1)ccc1cccnc12,"5,7","Et,Cl",C1=CC2=C(C3=C(C=CC=N3)C=C2)N=C1,2,,
"5,7-Et/Br-phen",Br.CC.c1cnc2c(c1)ccc1cccnc12,"5,7","Et,Br",C1=CC2=C(C3=C(C=CC=N3)C=C2)N=C1,2,,
"5,7-Et/NH2-phen",CC.N.c1cnc2c(c1)ccc1cccnc12,"5,7","Et,NH2",C1=CC2=C(C3=C(C=CC=N3)C=C2)N=C1,2,13.00,
"5,7-Et/OMe-phen",CC.CO.c1cnc2c(c1)ccc1cccnc12,"5,7","Et,OMe",C1=CC2=C(C3=C(C=CC=N3)C=C2)N=C1,2,9.00,
"5,7-Et/Me-phen",C.CC.c1cnc2c(c1)ccc1cccnc12,"5,7","Et,Me",C1=CC2=C(C3=C(C=CC=N3)C=C2)N=C1,2,,
"5,7-(Et)2-phen",CC.CC.c1cnc2c(c1)ccc1cccnc12,"5,7","Et,Et",C1=CC2=C(C3=C(C=CC=N3)C=C2)N=C1,2,8.00,
"5,8-(CN)2-phen",C#N.C#N.c1cnc2c(c1)ccc1cccnc12,"5,8","CN,CN",C1=CC2=C(C3=C(C=CC=N3)C=C2)N=C1,2,36.00,
"5,8-CN/CHO-phen",C#N.C=O.c1cnc2c(c1)ccc1cccnc12,"5,8","CN,CHO",C1=CC2=C(C3=C(C=CC=N3)C=C2)N=C1,2,31.80,
"5,8-CN/OCF3-phen",C#N.OC(F)(F)F.c1cnc2c(c1)ccc1cccnc12,"5,8","CN,OCF3",C1=CC2=C(C3=C(C=CC=N3)C=C2)N=C1,2,,
"5,8-CN/Cl-phen",C#N.Cl.c1cnc2c(c1)ccc1cccnc12,"5,8","CN,Cl",C1=CC2=C(C3=C(C=CC=N3)C=C2)N=C1,2,,
"5,8-CN/Br-phen",Br.C#N.c1cnc2c(c1)ccc1cccnc12,"5,8","CN,Br",C1=CC2=C(C3=C(C=CC=N3)C=C2)N=C1,2,,
"5,8-CN/NH2-phen",C#N.N.c1cnc2c(c1)ccc1cccnc12,"5,8","CN,NH2",C1=CC2=C(C3=C(C=CC=N3)C=C2)N=C1,2,27.00,
"5,8-CN/OMe-phen",C#N.CO.c1cnc2c(c1)ccc1cccnc12,"5,8","CN,OMe",C1=CC2=C(C3=C(C=CC=N3)C=C2)N=C1,2,23.00,
"5,8-CN/Me-phen",C.C#N.c1cnc2c(c1)ccc1cccnc12,"5,8","CN,Me",C1=CC2=C(C3=C(C=CC=N3)C=C2)N=C1,2,,
"5,8-CN/Et-phen",C#N.CC.c1cnc2c(c1)ccc1cccnc12,"5,8","CN,Et",C1=CC2=C(C3=C(C=CC=N3)C=C2)N=C1,2,22.00,
"5,8-CHO/CN-phen",C#N.C=O.c1cnc2c(c1)ccc1cccnc12,"5,8","CHO,CN",C1=CC2=C(C3=C(C=CC=N3)C=C2)N=C1,2,31.80,
"5,8-(CHO)2-phen",C=O.C=O.c1cnc2c(c1)ccc1cccnc12,"5,8","CHO,CHO",C1=CC2=C(C3=C(C=CC=N3)C=C2)N=C1,2,27.60,
"5,8-CHO/OCF3-phen",C=O.OC(F)(F)F.c1cnc2c(c1)ccc1cccnc12,"5,8","CHO,OCF3",C1=CC2=C(C3=C(C=CC=N3)C=C2)N=C1,2,,
"5,8-CHO/Cl-phen",C=O.Cl.c1cnc2c(c1)ccc1cccnc12,"5,8","CHO,Cl",C1=CC2=C(C3=C(C=CC=N3)C=C2)N=C1,2,,
"5,8-CHO/Br-phen",Br.C=O.c1cnc2c(c1)ccc1cccnc12,"5,8","CHO,Br",C1=CC2=C(C3=C(C=CC=N3)C=C2)N=C1,2,,
"5,8-CHO/NH2-phen",C=O.N.c1cnc2c(c1)ccc1cccnc12,"5,8","CHO,NH2",C1=CC2=C(C3=C(C=CC=N3)C=C2)N=C1,2,22.80,
"5,8-CHO/OMe-phen",C=O.CO.c1cnc2c(c1)ccc1cccnc12,"5,8","CHO,OMe",C1=CC2=C(C3=C(C=CC=N3)C=C2)N=C1,2,18.80,
"5,8-CHO/Me-phen",C.C=O.c1cnc2c(c1)ccc1cccnc12,"5,8","CHO,Me",C1=CC2=C(C3=C(C=CC=N3)C=C2)N=C1,2,,
"5,8-CHO/Et-phen",C=O.CC.c1cnc2c(c1)ccc1cccnc12,"5,8","CHO,Et",C1=CC2=C(C3=C(C=CC=N3)C=C2)N=C1,2,17.80,
"5,8-OCF3/CN-phen",C#N.OC(F)(F)F.c1cnc2c(c1)ccc1cccnc12,"5,8","OCF3,CN",C1=CC2=C(C3=C(C=CC=N3)C=C2)N=C1,2,,
"5,8-OCF3/CHO-phen",C=O.OC(F)(F)F.c1cnc2c(c1)ccc1cccnc12,"5,8","OCF3,CHO",C1=CC2=C(C3=C(C=CC=N3)C=C2)N=C1,2,,
"5,8-(OCF3)2-phen",OC(F)(F)F.OC(F)(F)F.c1cnc2c(c1)ccc1cccnc12,"5,8","OCF3,OCF3",C1=CC2=C(C3=C(C=CC=N3)C=C2)N=C1,2,,
"5,8-OCF3/Cl-phen",Cl.OC(F)(F)F.c1cnc2c(c1)ccc1cccnc12,"5,8","OCF3,Cl",C1=CC2=C(C3=C(C=CC=N3)C=C2)N=C1,2,,
"5,8-OCF3/Br-phen",Br.OC(F)(F)F.c1cnc2c(c1)ccc1cccnc12,"5,8","OCF3,Br",C1=CC2=C(C3=C(C=CC=N3)C=C2)N=C1,2,,
"5,8-OCF3/NH2-phen",N.OC(F)(F)F.c1cnc2c(c1)ccc1cccnc12,"5,8","OCF3,NH2",C1=CC2=C(C3=C(C=CC=N3)C=C2)N=C1,2,,
"5,8-OCF3/OMe-phen",CO.OC(F)(F)F.c1cnc2c(c1)ccc1cccnc12,"5,8","OCF3,OMe",C1=CC2=C(C3=C(C=CC=N3)C=C2)N=C1,2,,
"5,8-OCF3/Me-phen",C.OC(F)(F)F.c1cnc2c(c1)ccc1cccnc12,"5,8","OCF3,Me",C1=CC2=C(C3=C(C=CC=N3)C=C2)N=C1,2,,
"5,8-OCF3/Et-phen",CC.OC(F)(F)F.c1cnc2c(c1)ccc1cccnc12,"5,8","OCF3,Et",C1=CC2=C(C3=C(C=CC=N3)C=C2)N=C1,2,,
"5,8-Cl/CN-phen",C#N.Cl.c1cnc2c(c1)ccc1cccnc12,"5,8","Cl,CN",C1=CC2=C(C3=C(C=CC=N3)C=C2)N=C1,2,,
"5,8-Cl/CHO-phen",C=O.Cl.c1cnc2c(c1)ccc1cccnc12,"5,8","Cl,CHO",C1=CC2=C(C3=C(C=CC=N3)C=C2)N=C1,2,,
"5,8-Cl/OCF3-phen",Cl.OC(F)(F)F.c1cnc2c(c1)ccc1cccnc12,"5,8","Cl,OCF3",C1=CC2=C(C3=C(C=CC=N3)C=C2)N=C1,2,,
"5,8-(Cl)2-phen",Cl.Cl.c1cnc2c(c1)ccc1cccnc12,"5,8","Cl,Cl",C1=CC2=C(C3=C(C=CC=N3)C=C2)N=C1,2,,
"5,8-Cl/Br-phen",Br.Cl.c1cnc2c(c1)ccc1cccnc12,"5,8","Cl,Br",C1=CC2=C(C3=C(C=CC=N3)C=C2)N=C1,2,,
"5,8-Cl/NH2-phen",Cl.N.c1cnc2c(c1)ccc1cccnc12,"5,8","Cl,NH2",C1=CC2=C(C3=C(C=CC=N3)C=C2)N=C1,2,,
"5,8-Cl/OMe-phen",CO.Cl.c1cnc2c(c1)ccc1cccnc12,"5,8","Cl,OMe",C1=CC2=C(C3=C(C=CC=N3)C=C2)N=C1,2,,
"5,8-Cl/Me-phen",C.Cl.c1cnc2c(c1)ccc1cccnc12,"5,8","Cl,Me",C1=CC2=C(C3=C(C=CC=N3)C=C2)N=C1,2,,
"5,8-Cl/Et-phen",CC.Cl.c1cnc2c(c1)ccc1cccnc12,"5,8","Cl,Et",C1=CC2=C(C3=C(C=CC=N3)C=C2)N=C1,2,,
"5,8-Br/CN-phen",Br.C#N.c1cnc2c(c1)ccc1cccnc12,"5,8","Br,CN",C1=CC2=C(C3=C(C=CC=N3)C=C2)N=C1,2,,
"5,8-Br/CHO-phen",Br.C=O.c1cnc2c(c1)ccc1cccnc12,"5,8","Br,CHO",C1=CC2=C(C3=C(C=CC=N3)C=C2)N=C1,2,,
"5,8-Br/OCF3-phen",Br.OC(F)(F)F.c1cnc2c(c1)ccc1cccnc12,"5,8","Br,OCF3",C1=CC2=C(C3=C(C=CC=N3)C=C2)N=C1,2,,
"5,8-Br/Cl-phen",Br.Cl.c1cnc2c(c1)ccc1cccnc12,"5,8","Br,Cl",C1=CC2=C(C3=C(C=CC=N3)C=C2)N=C1,2,,
"5,8-(Br)2-phen",Br.Br.c1cnc2c(c1)ccc1cccnc12,"5,8","Br,Br",C1=CC2=C(C3=C(C=CC=N3)C=C2)N=C1,2,,
"5,8-Br/NH2-phen",Br.N.c1cnc2c(c1)ccc1cccnc12,"5,8","Br,NH2",C1=CC2=C(C3=C(C=CC=N3)C=C2)N=C1,2,,
"5,8-Br/OMe-phen",Br.CO.c1cnc2c(c1)ccc1cccnc12,"5,8","Br,OMe",C1=CC2=C(C3=C(C=CC=N3)C=C2)N=C1,2,,
"5,8-Br/Me-phen",Br.C.c1cnc2c(c1)ccc1cccnc12,"5,8","Br,Me",C1=CC2=C(C3=C(C=CC=N3)C=C2)N=C1,2,,
"5,8-Br/Et-phen",Br.CC.c1cnc2c(c1)ccc1cccnc12,"5,8","Br,Et",C1=CC2=C(C3=C(C=CC=N3)C=C2)N=C1,2,,
"5,8-NH2/CN-phen",C#N.N.c1cnc2c(c1)ccc1cccnc12,"5,8","NH2,CN",C1=CC2=C(C3=C(C=CC=N3)C=C2)N=C1,2,27.00,
"5,8-NH2/CHO-phen",C=O.N.c1cnc2c(c1)ccc1cccnc12,"5,8","NH2,CHO",C1=CC2=C(C3=C(C=CC=N3)C=C2)N=C1,2,22.80,
"5,8-NH2/OCF3-phen",N.OC(F)(F)F.c1cnc2c(c1)ccc1cccnc12,"5,8","NH2,OCF3",C1=CC2=C(C3=C(C=CC=N3)C=C2)N=C1,2,,
"5,8-NH2/Cl-phen",Cl.N.c1cnc2c(c1)ccc1cccnc12,"5,8","NH2,Cl",C1=CC2=C(C3=C(C=CC=N3)C=C2)N=C1,2,,
"5,8-NH2/Br-phen",Br.N.c1cnc2c(c1)ccc1cccnc12,"5,8","NH2,Br",C1=CC2=C(C3=C(C=CC=N3)C=C2)N=C1,2,,
"5,8-(NH2)2-phen",N.N.c1cnc2c(c1)ccc1cccnc12,"5,8","NH2,NH2",C1=CC2=C(C3=C(C=CC=N3)C=C2)N=C1,2,18.00,
"5,8-NH2/OMe-phen",CO.N.c1cnc2c(c1)ccc1cccnc12,"5,8","NH2,OMe",C1=CC2=C(C3=C(C=CC=N3)C=C2)N=C1,2,14.00,
"5,8-NH2/Me-phen",C.N.c1cnc2c(c1)ccc1cccnc12,"5,8","NH2,Me",C1=CC2=C(C3=C(C=CC=N3)C=C2)N=C1,2,,
"5,8-NH2/Et-phen",CC.N.c1cnc2c(c1)ccc1cccnc12,"5,8","NH2,Et",C1=CC2=C(C3=C(C=CC=N3)C=C2)N=C1,2,13.00,
"5,8-OMe/CN-phen",C#N.CO.c1cnc2c(c1)ccc1cccnc12,"5,8","OMe,CN",C1=CC2=C(C3=C(C=CC=N3)C=C2)N=C1,2,23.00,
"5,8-OMe/CHO-phen",C=O.CO.c1cnc2c(c1)ccc1cccnc12,"5,8","OMe,CHO",C1=CC2=C(C3=C(C=CC=N3)C=C2)N=C1,2,18.80,
"5,8-OMe/OCF3-phen",CO.OC(F)(F)F.c1cnc2c(c1)ccc1cccnc12,"5,8","OMe,OCF3",C1=CC2=C(C3=C(C=CC=N3)C=C2)N=C1,2,,
"5,8-OMe/Cl-phen",CO.Cl.c1cnc2c(c1)ccc1cccnc12,"5,8","OMe,Cl",C1=CC2=C(C3=C(C=CC=N3)C=C2)N=C1,2,,
"5,8-OMe/Br-phen",Br.CO.c1cnc2c(c1)ccc1cccnc12,"5,8","OMe,Br",C1=CC2=C(C3=C(C=CC=N3)C=C2)N=C1,2,,
"5,8-OMe/NH2-phen",CO.N.c1cnc2c(c1)ccc1cccnc12,"5,8","OMe,NH2",C1=CC2=C(C3=C(C=CC=N3)C=C2)N=C1,2,14.00,
"5,8-(OMe)2-phen",CO.CO.c1cnc2c(c1)ccc1cccnc12,"5,8","OMe,OMe",C1=CC2=C(C3=C(C=CC=N3)C=C2)N=C1,2,10.00,
"5,8-OMe/Me-phen",C.CO.c1cnc2c(c1)ccc1cccnc12,"5,8","OMe,Me",C1=CC2=C(C3=C(C=CC=N3)C=C2)N=C1,2,,
"5,8-OMe/Et-phen",CC.CO.c1cnc2c(c1)ccc1cccnc12,"5,8","OMe,Et",C1=CC2=C(C3=C(C=CC=N3)C=C2)N=C1,2,9.00,
"5,8-Me/CN-phen",C.C#N.c1cnc2c(c1)ccc1cccnc12,"5,8","Me,CN",C1=CC2=C(C3=C(C=CC=N3)C=C2)N=C1,2,,
"5,8-Me/CHO-phen",C.C=O.c1cnc2c(c1)ccc1cccnc12,"5,8","Me,CHO",C1=CC2=C(C3=C(C=CC=N3)C=C2)N=C1,2,,
"5,8-Me/OCF3-phen",C.OC(F)(F)F.c1cnc2c(c1)ccc1cccnc12,"5,8","Me,OCF3",C1=CC2=C(C3=C(C=CC=N3)C=C2)N=C1,2,,
"5,8-Me/Cl-phen",C.Cl.c1cnc2c(c1)ccc1cccnc12,"5,8","Me,Cl",C1=CC2=C(C3=C(C=CC=N3)C=C2)N=C1,2,,
"5,8-Me/Br-phen",Br.C.c1cnc2c(c1)ccc1cccnc12,"5,8","Me,Br",C1=CC2=C(C3=C(C=CC=N3)C=C2)N=C1,2,,
"5,8-Me/NH2-phen",C.N.c1cnc2c(c1)ccc1cccnc12,"5,8","Me,NH2",C1=CC2=C(C3=C(C=CC=N3)C=C2)N=C1,2,,
"5,8-Me/OMe-phen",C.CO.c1cnc2c(c1)ccc1cccnc12,"5,8","Me,OMe",C1=CC2=C(C3=C(C=CC=N3)C=C2)N=C1,2,,
"5,8-(Me)2-phen",C.C.c1cnc2c(c1)ccc1cccnc12,"5,8","Me,Me",C1=CC2=C(C3=C(C=CC=N3)C=C2)N=C1,2,,
"5,8-Me/Et-phen",C.CC.c1cnc2c(c1)ccc1cccnc12,"5,8","Me,Et",C1=CC2=C(C3=C(C=CC=N3)C=C2)N=C1,2,,
"5,8-Et/CN-phen",C#N.CC.c1cnc2c(c1)ccc1cccnc12,"5,8","Et,CN",C1=CC2=C(C3=C(C=CC=N3)C=C2)N=C1,2,22.00,
"5,8-Et/CHO-phen",C=O.CC.c1cnc2c(c1)ccc1cccnc12,"5,8","Et,CHO",C1=CC2=C(C3=C(C=CC=N3)C=C2)N=C1,2,17.80,
"5,8-Et/OCF3-phen",CC.OC(F)(F)F.c1cnc2c(c1)ccc1cccnc12,"5,8","Et,OCF3",C1=CC2=C(C3=C(C=CC=N3)C=C2)N=C1,2,,
"5,8-Et/Cl-phen",CC.Cl.c1cnc2c(c1)ccc1cccnc12,"5,8","Et,Cl",C1=CC2=C(C3=C(C=CC=N3)C=C2)N=C1,2,,
"5,8-Et/Br-phen",Br.CC.c1cnc2c(c1)ccc1cccnc12,"5,8","Et,Br",C1=CC2=C(C3=C(C=CC=N3)C=C2)N=C1,2,,
"5,8-Et/NH2-phen",CC.N.c1cnc2c(c1)ccc1cccnc12,"5,8","Et,NH2",C1=CC2=C(C3=C(C=CC=N3)C=C2)N=C1,2,13.00,
"5,8-Et/OMe-phen",CC.CO.c1cnc2c(c1)ccc1cccnc12,"5,8","Et,OMe",C1=CC2=C(C3=C(C=CC=N3)C=C2)N=C1,2,9.00,
"5,8-Et/Me-phen",C.CC.c1cnc2c(c1)ccc1cccnc12,"5,8","Et,Me",C1=CC2=C(C3=C(C=CC=N3)C=C2)N=C1,2,,
"5,8-(Et)2-phen",CC.CC.c1cnc2c(c1)ccc1cccnc12,"5,8","Et,Et",C1=CC2=C(C3=C(C=CC=N3)C=C2)N=C1,2,8.00,
"5,9-(CN)2-phen",C#N.C#N.c1cnc2c(c1)ccc1cccnc12,"5,9","CN,CN",C1=CC2=C(C3=C(C=CC=N3)C=C2)N=C1,2,36.00,
"5,9-CN/CHO-phen",C#N.C=O.c1cnc2c(c1)ccc1cccnc12,"5,9","CN,CHO",C1=CC2=C(C3=C(C=CC=N3)C=C2)N=C1,2,31.80,
"5,9-CN/OCF3-phen",C#N.OC(F)(F)F.c1cnc2c(c1)ccc1cccnc12,"5,9","CN,OCF3",C1=CC2=C(C3=C(C=CC=N3)C=C2)N=C1,2,,
"5,9-CN/Cl-phen",C#N.Cl.c1cnc2c(c1)ccc1cccnc12,"5,9","CN,Cl",C1=CC2=C(C3=C(C=CC=N3)C=C2)N=C1,2,,
"5,9-CN/Br-phen",Br.C#N.c1cnc2c(c1)ccc1cccnc12,"5,9","CN,Br",C1=CC2=C(C3=C(C=CC=N3)C=C2)N=C1,2,,
"5,9-CN/NH2-phen",C#N.N.c1cnc2c(c1)ccc1cccnc12,"5,9","CN,NH2",C1=CC2=C(C3=C(C=CC=N3)C=C2)N=C1,2,27.00,
"5,9-CN/OMe-phen",C#N.CO.c1cnc2c(c1)ccc1cccnc12,"5,9","CN,OMe",C1=CC2=C(C3=C(C=CC=N3)C=C2)N=C1,2,23.00,
"5,9-CN/Me-phen",C.C#N.c1cnc2c(c1)ccc1cccnc12,"5,9","CN,Me",C1=CC2=C(C3=C(C=CC=N3)C=C2)N=C1,2,,
"5,9-CN/Et-phen",C#N.CC.c1cnc2c(c1)ccc1cccnc12,"5,9","CN,Et",C1=CC2=C(C3=C(C=CC=N3)C=C2)N=C1,2,22.00,
"5,9-CHO/CN-phen",C#N.C=O.c1cnc2c(c1)ccc1cccnc12,"5,9","CHO,CN",C1=CC2=C(C3=C(C=CC=N3)C=C2)N=C1,2,31.80,
"5,9-(CHO)2-phen",C=O.C=O.c1cnc2c(c1)ccc1cccnc12,"5,9","CHO,CHO",C1=CC2=C(C3=C(C=CC=N3)C=C2)N=C1,2,27.60,
"5,9-CHO/OCF3-phen",C=O.OC(F)(F)F.c1cnc2c(c1)ccc1cccnc12,"5,9","CHO,OCF3",C1=CC2=C(C3=C(C=CC=N3)C=C2)N=C1,2,,
"5,9-CHO/Cl-phen",C=O.Cl.c1cnc2c(c1)ccc1cccnc12,"5,9","CHO,Cl",C1=CC2=C(C3=C(C=CC=N3)C=C2)N=C1,2,,
"5,9-CHO/Br-phen",Br.C=O.c1cnc2c(c1)ccc1cccnc12,"5,9","CHO,Br",C1=CC2=C(C3=C(C=CC=N3)C=C2)N=C1,2,,
"5,9-CHO/NH2-phen",C=O.N.c1cnc2c(c1)ccc1cccnc12,"5,9","CHO,NH2",C1=CC2=C(C3=C(C=CC=N3)C=C2)N=C1,2,22.80,
"5,9-CHO/OMe-phen",C=O.CO.c1cnc2c(c1)ccc1cccnc12,"5,9","CHO,OMe",C1=CC2=C(C3=C(C=CC=N3)C=C2)N=C1,2,18.80,
"5,9-CHO/Me-phen",C.C=O.c1cnc2c(c1)ccc1cccnc12,"5,9","CHO,Me",C1=CC2=C(C3=C(C=CC=N3)C=C2)N=C1,2,,
"5,9-CHO/Et-phen",C=O.CC.c1cnc2c(c1)ccc1cccnc12,"5,9","CHO,Et",C1=CC2=C(C3=C(C=CC=N3)C=C2)N=C1,2,17.80,
"5,9-OCF3/CN-phen",C#N.OC(F)(F)F.c1cnc2c(c1)ccc1cccnc12,"5,9","OCF3,CN",C1=CC2=C(C3=C(C=CC=N3)C=C2)N=C1,2,,
"5,9-OCF3/CHO-phen",C=O.OC(F)(F)F.c1cnc2c(c1)ccc1cccnc12,"5,9","OCF3,CHO",C1=CC2=C(C3=C(C=CC=N3)C=C2)N=C1,2,,
"5,9-(OCF3)2-phen",OC(F)(F)F.OC(F)(F)F.c1cnc2c(c1)ccc1cccnc12,"5,9","OCF3,OCF3",C1=CC2=C(C3=C(C=CC=N3)C=C2)N=C1,2,,
"5,9-OCF3/Cl-phen",Cl.OC(F)(F)F.c1cnc2c(c1)ccc1cccnc12,"5,9","OCF3,Cl",C1=CC2=C(C3=C(C=CC=N3)C=C2)N=C1,2,,
"5,9-OCF3/Br-phen",Br.OC(F)(F)F.c1cnc2c(c1)ccc1cccnc12,"5,9","OCF3,Br",C1=CC2=C(C3=C(C=CC=N3)C=C2)N=C1,2,,
"5,9-OCF3/NH2-phen",N.OC(F)(F)F.c1cnc2c(c1)ccc1cccnc12,"5,9","OCF3,NH2",C1=CC2=C(C3=C(C=CC=N3)C=C2)N=C1,2,,
"5,9-OCF3/OMe-phen",CO.OC(F)(F)F.c1cnc2c(c1)ccc1cccnc12,"5,9","OCF3,OMe",C1=CC2=C(C3=C(C=CC=N3)C=C2)N=C1,2,,
"5,9-OCF3/Me-phen",C.OC(F)(F)F.c1cnc2c(c1)ccc1cccnc12,"5,9","OCF3,Me",C1=CC2=C(C3=C(C=CC=N3)C=C2)N=C1,2,,
"5,9-OCF3/Et-phen",CC.OC(F)(F)F.c1cnc2c(c1)ccc1cccnc12,"5,9","OCF3,Et",C1=CC2=C(C3=C(C=CC=N3)C=C2)N=C1,2,,
"5,9-Cl/CN-phen",C#N.Cl.c1cnc2c(c1)ccc1cccnc12,"5,9","Cl,CN",C1=CC2=C(C3=C(C=CC=N3)C=C2)N=C1,2,,
"5,9-Cl/CHO-phen",C=O.Cl.c1cnc2c(c1)ccc1cccnc12,"5,9","Cl,CHO",C1=CC2=C(C3=C(C=CC=N3)C=C2)N=C1,2,,
"5,9-Cl/OCF3-phen",Cl.OC(F)(F)F.c1cnc2c(c1)ccc1cccnc12,"5,9","Cl,OCF3",C1=CC2=C(C3=C(C=CC=N3)C=C2)N=C1,2,,
"5,9-(Cl)2-phen",Cl.Cl.c1cnc2c(c1)ccc1cccnc12,"5,9","Cl,Cl",C1=CC2=C(C3=C(C=CC=N3)C=C2)N=C1,2,,
"5,9-Cl/Br-phen",Br.Cl.c1cnc2c(c1)ccc1cccnc12,"5,9","Cl,Br",C1=CC2=C(C3=C(C=CC=N3)C=C2)N=C1,2,,
"5,9-Cl/NH2-phen",Cl.N.c1cnc2c(c1)ccc1cccnc12,"5,9","Cl,NH2",C1=CC2=C(C3=C(C=CC=N3)C=C2)N=C1,2,,
"5,9-Cl/OMe-phen",CO.Cl.c1cnc2c(c1)ccc1cccnc12,"5,9","Cl,OMe",C1=CC2=C(C3=C(C=CC=N3)C=C2)N=C1,2,,
"5,9-Cl/Me-phen",C.Cl.c1cnc2c(c1)ccc1cccnc12,"5,9","Cl,Me",C1=CC2=C(C3=C(C=CC=N3)C=C2)N=C1,2,,
"5,9-Cl/Et-phen",CC.Cl.c1cnc2c(c1)ccc1cccnc12,"5,9","Cl,Et",C1=CC2=C(C3=C(C=CC=N3)C=C2)N=C1,2,,
"5,9-Br/CN-phen",Br.C#N.c1cnc2c(c1)ccc1cccnc12,"5,9","Br,CN",C1=CC2=C(C3=C(C=CC=N3)C=C2)N=C1,2,,
"5,9-Br/CHO-phen",Br.C=O.c1cnc2c(c1)ccc1cccnc12,"5,9","Br,CHO",C1=CC2=C(C3=C(C=CC=N3)C=C2)N=C1,2,,
"5,9-Br/OCF3-phen",Br.OC(F)(F)F.c1cnc2c(c1)ccc1cccnc12,"5,9","Br,OCF3",C1=CC2=C(C3=C(C=CC=N3)C=C2)N=C1,2,,
"5,9-Br/Cl-phen",Br.Cl.c1cnc2c(c1)ccc1cccnc12,"5,9","Br,Cl",C1=CC2=C(C3=C(C=CC=N3)C=C2)N=C1,2,,
"5,9-(Br)2-phen",Br.Br.c1cnc2c(c1)ccc1cccnc12,"5,9","Br,Br",C1=CC2=C(C3=C(C=CC=N3)C=C2)N=C1,2,,
"5,9-Br/NH2-phen",Br.N.c1cnc2c(c1)ccc1cccnc12,"5,9","Br,NH2",C1=CC2=C(C3=C(C=CC=N3)C=C2)N=C1,2,,
"5,9-Br/OMe-phen",Br.CO.c1cnc2c(c1)ccc1cccnc12,"5,9","Br,OMe",C1=CC2=C(C3=C(C=CC=N3)C=C2)N=C1,2,,
"5,9-Br/Me-phen",Br.C.c1cnc2c(c1)ccc1cccnc12,"5,9","Br,Me",C1=CC2=C(C3=C(C=CC=N3)C=C2)N=C1,2,,
"5,9-Br/Et-phen",Br.CC.c1cnc2c(c1)ccc1cccnc12,"5,9","Br,Et",C1=CC2=C(C3=C(C=CC=N3)C=C2)N=C1,2,,
"5,9-NH2/CN-phen",C#N.N.c1cnc2c(c1)ccc1cccnc12,"5,9","NH2,CN",C1=CC2=C(C3=C(C=CC=N3)C=C2)N=C1,2,27.00,
"5,9-NH2/CHO-phen",C=O.N.c1cnc2c(c1)ccc1cccnc12,"5,9","NH2,CHO",C1=CC2=C(C3=C(C=CC=N3)C=C2)N=C1,2,22.80,
"5,9-NH2/OCF3-phen",N.OC(F)(F)F.c1cnc2c(c1)ccc1cccnc12,"5,9","NH2,OCF3",C1=CC2=C(C3=C(C=CC=N3)C=C2)N=C1,2,,
"5,9-NH2/Cl-phen",Cl.N.c1cnc2c(c1)ccc1cccnc12,"5,9","NH2,Cl",C1=CC2=C(C3=C(C=CC=N3)C=C2)N=C1,2,,
"5,9-NH2/Br-phen",Br.N.c1cnc2c(c1)ccc1cccnc12,"5,9","NH2,Br",C1=CC2=C(C3=C(C=CC=N3)C=C2)N=C1,2,,
"5,9-(NH2)2-phen",N.N.c1cnc2c(c1)ccc1cccnc12,"5,9","NH2,NH2",C1=CC2=C(C3=C(C=CC=N3)C=C2)N=C1,2,18.00,
"5,9-NH2/OMe-phen",CO.N.c1cnc2c(c1)ccc1cccnc12,"5,9","NH2,OMe",C1=CC2=C(C3=C(C=CC=N3)C=C2)N=C1,2,14.00,
"5,9-NH2/Me-phen",C.N.c1cnc2c(c1)ccc1cccnc12,"5,9","NH2,Me",C1=CC2=C(C3=C(C=CC=N3)C=C2)N=C1,2,,
"5,9-NH2/Et-phen",CC.N.c1cnc2c(c1)ccc1cccnc12,"5,9","NH2,Et",C1=CC2=C(C3=C(C=CC=N3)C=C2)N=C1,2,13.00,
"5,9-OMe/CN-phen",C#N.CO.c1cnc2c(c1)ccc1cccnc12,"5,9","OMe,CN",C1=CC2=C(C3=C(C=CC=N3)C=C2)N=C1,2,23.00,
"5,9-OMe/CHO-phen",C=O.CO.c1cnc2c(c1)ccc1cccnc12,"5,9","OMe,CHO",C1=CC2=C(C3=C(C=CC=N3)C=C2)N=C1,2,18.80,
"5,9-OMe/OCF3-phen",CO.OC(F)(F)F.c1cnc2c(c1)ccc1cccnc12,"5,9","OMe,OCF3",C1=CC2=C(C3=C(C=CC=N3)C=C2)N=C1,2,,
"5,9-OMe/Cl-phen",CO.Cl.c1cnc2c(c1)ccc1cccnc12,"5,9","OMe,Cl",C1=CC2=C(C3=C(C=CC=N3)C=C2)N=C1,2,,
"5,9-OMe/Br-phen",Br.CO.c1cnc2c(c1)ccc1cccnc12,"5,9","OMe,Br",C1=CC2=C(C3=C(C=CC=N3)C=C2)N=C1,2,,
"5,9-OMe/NH2-phen",CO.N.c1cnc2c(c1)ccc1cccnc12,"5,9","OMe,NH2",C1=CC2=C(C3=C(C=CC=N3)C=C2)N=C1,2,14.00,
"5,9-(OMe)2-phen",CO.CO.c1cnc2c(c1)ccc1cccnc12,"5,9","OMe,OMe",C1=CC2=C(C3=C(C=CC=N3)C=C2)N=C1,2,10.00,
"5,9-OMe/Me-phen",C.CO.c1cnc2c(c1)ccc1cccnc12,"5,9","OMe,Me",C1=CC2=C(C3=C(C=CC=N3)C=C2)N=C1,2,,
"5,9-OMe/Et-phen",CC.CO.c1cnc2c(c1)ccc1cccnc12,"5,9","OMe,Et",C1=CC2=C(C3=C(C=CC=N3)C=C2)N=C1,2,9.00,
"5,9-Me/CN-phen",C.C#N.c1cnc2c(c1)ccc1cccnc12,"5,9","Me,CN",C1=CC2=C(C3=C(C=CC=N3)C=C2)N=C1,2,,
"5,9-Me/CHO-phen",C.C=O.c1cnc2c(c1)ccc1cccnc12,"5,9","Me,CHO",C1=CC2=C(C3=C(C=CC=N3)C=C2)N=C1,2,,
"5,9-Me/OCF3-phen",C.OC(F)(F)F.c1cnc2c(c1)ccc1cccnc12,"5,9","Me,OCF3",C1=CC2=C(C3=C(C=CC=N3)C=C2)N=C1,2,,
"5,9-Me/Cl-phen",C.Cl.c1cnc2c(c1)ccc1cccnc12,"5,9","Me,Cl",C1=CC2=C(C3=C(C=CC=N3)C=C2)N=C1,2,,
"5,9-Me/Br-phen",Br.C.c1cnc2c(c1)ccc1cccnc12,"5,9","Me,Br",C1=CC2=C(C3=C(C=CC=N3)C=C2)N=C1,2,,
"5,9-Me/NH2-phen",C.N.c1cnc2c(c1)ccc1cccnc12,"5,9","Me,NH2",C1=CC2=C(C3=C(C=CC=N3)C=C2)N=C1,2,,
"5,9-Me/OMe-phen",C.CO.c1cnc2c(c1)ccc1cccnc12,"5,9","Me,OMe",C1=CC2=C(C3=C(C=CC=N3)C=C2)N=C1,2,,
"5,9-(Me)2-phen",C.C.c1cnc2c(c1)ccc1cccnc12,"5,9","Me,Me",C1=CC2=C(C3=C(C=CC=N3)C=C2)N=C1,2,,
"5,9-Me/Et-phen",C.CC.c1cnc2c(c1)ccc1cccnc12,"5,9","Me,Et",C1=CC2=C(C3=C(C=CC=N3)C=C2)N=C1,2,,
"5,9-Et/CN-phen",C#N.CC.c1cnc2c(c1)ccc1cccnc12,"5,9","Et,CN",C1=CC2=C(C3=C(C=CC=N3)C=C2)N=C1,2,22.00,
"5,9-Et/CHO-phen",C=O.CC.c1cnc2c(c1)ccc1cccnc12,"5,9","Et,CHO",C1=CC2=C(C3=C(C=CC=N3)C=C2)N=C1,2,17.80,
"5,9-Et/OCF3-phen",CC.OC(F)(F)F.c1cnc2c(c1)ccc1cccnc12,"5,9","Et,OCF3",C1=CC2=C(C3=C(C=CC=N3)C=C2)N=C1,2,,
"5,9-Et/Cl-phen",CC.Cl.c1cnc2c(c1)ccc1cccnc12,"5,9","Et,Cl",C1=CC2=C(C3=C(C=CC=N3)C=C2)N=C1,2,,
"5,9-Et/Br-phen",Br.CC.c1cnc2c(c1)ccc1cccnc12,"5,9","Et,Br",C1=CC2=C(C3=C(C=CC=N3)C=C2)N=C1,2,,
"5,9-Et/NH2-phen",CC.N.c1cnc2c(c1)ccc1cccnc12,"5,9","Et,NH2",C1=CC2=C(C3=C(C=CC=N3)C=C2)N=C1,2,13.00,
"5,9-Et/OMe-phen",CC.CO.c1cnc2c(c1)ccc1cccnc12,"5,9","Et,OMe",C1=CC2=C(C3=C(C=CC=N3)C=C2)N=C1,2,9.00,
"5,9-Et/Me-phen",C.CC.c1cnc2c(c1)ccc1cccnc12,"5,9","Et,Me",C1=CC2=C(C3=C(C=CC=N3)C=C2)N=C1,2,,
"5,9-(Et)2-phen",CC.CC.c1cnc2c(c1)ccc1cccnc12,"5,9","Et,Et",C1=CC2=C(C3=C(C=CC=N3)C=C2)N=C1,2,8.00,
"6,7-(CN)2-phen",C#N.C#N.c1cnc2c(c1)ccc1cccnc12,"6,7","CN,CN",C1=CC2=C(C3=C(C=CC=N3)C=C2)N=C1,2,36.00,
"6,7-CN/CHO-phen",C#N.C=O.c1cnc2c(c1)ccc1cccnc12,"6,7","CN,CHO",C1=CC2=C(C3=C(C=CC=N3)C=C2)N=C1,2,31.80,
"6,7-CN/OCF3-phen",C#N.OC(F)(F)F.c1cnc2c(c1)ccc1cccnc12,"6,7","CN,OCF3",C1=CC2=C(C3=C(C=CC=N3)C=C2)N=C1,2,,
"6,7-CN/Cl-phen",C#N.Cl.c1cnc2c(c1)ccc1cccnc12,"6,7","CN,Cl",C1=CC2=C(C3=C(C=CC=N3)C=C2)N=C1,2,,
"6,7-CN/Br-phen",Br.C#N.c1cnc2c(c1)ccc1cccnc12,"6,7","CN,Br",C1=CC2=C(C3=C(C=CC=N3)C=C2)N=C1,2,,
"6,7-CN/NH2-phen",C#N.N.c1cnc2c(c1)ccc1cccnc12,"6,7","CN,NH2",C1=CC2=C(C3=C(C=CC=N3)C=C2)N=C1,2,27.00,
"6,7-CN/OMe-phen",C#N.CO.c1cnc2c(c1)ccc1cccnc12,"6,7","CN,OMe",C1=CC2=C(C3=C(C=CC=N3)C=C2)N=C1,2,23.00,
"6,7-CN/Me-phen",C.C#N.c1cnc2c(c1)ccc1cccnc12,"6,7","CN,Me",C1=CC2=C(C3=C(C=CC=N3)C=C2)N=C1,2,,
"6,7-CN/Et-phen",C#N.CC.c1cnc2c(c1)ccc1cccnc12,"6,7","CN,Et",C1=CC2=C(C3=C(C=CC=N3)C=C2)N=C1,2,22.00,
"6,7-CHO/CN-phen",C#N.C=O.c1cnc2c(c1)ccc1cccnc12,"6,7","CHO,CN",C1=CC2=C(C3=C(C=CC=N3)C=C2)N=C1,2,31.80,
"6,7-(CHO)2-phen",C=O.C=O.c1cnc2c(c1)ccc1cccnc12,"6,7","CHO,CHO",C1=CC2=C(C3=C(C=CC=N3)C=C2)N=C1,2,27.60,
"6,7-CHO/OCF3-phen",C=O.OC(F)(F)F.c1cnc2c(c1)ccc1cccnc12,"6,7","CHO,OCF3",C1=CC2=C(C3=C(C=CC=N3)C=C2)N=C1,2,,
"6,7-CHO/Cl-phen",C=O.Cl.c1cnc2c(c1)ccc1cccnc12,"6,7","CHO,Cl",C1=CC2=C(C3=C(C=CC=N3)C=C2)N=C1,2,,
"6,7-CHO/Br-phen",Br.C=O.c1cnc2c(c1)ccc1cccnc12,"6,7","CHO,Br",C1=CC2=C(C3=C(C=CC=N3)C=C2)N=C1,2,,
"6,7-CHO/NH2-phen",C=O.N.c1cnc2c(c1)ccc1cccnc12,"6,7","CHO,NH2",C1=CC2=C(C3=C(C=CC=N3)C=C2)N=C1,2,22.80,
"6,7-CHO/OMe-phen",C=O.CO.c1cnc2c(c1)ccc1cccnc12,"6,7","CHO,OMe",C1=CC2=C(C3=C(C=CC=N3)C=C2)N=C1,2,18.80,
"6,7-CHO/Me-phen",C.C=O.c1cnc2c(c1)ccc1cccnc12,"6,7","CHO,Me",C1=CC2=C(C3=C(C=CC=N3)C=C2)N=C1,2,,
"6,7-CHO/Et-phen",C=O.CC.c1cnc2c(c1)ccc1cccnc12,"6,7","CHO,Et",C1=CC2=C(C3=C(C=CC=N3)C=C2)N=C1,2,17.80,
"6,7-OCF3/CN-phen",C#N.OC(F)(F)F.c1cnc2c(c1)ccc1cccnc12,"6,7","OCF3,CN",C1=CC2=C(C3=C(C=CC=N3)C=C2)N=C1,2,,
"6,7-OCF3/CHO-phen",C=O.OC(F)(F)F.c1cnc2c(c1)ccc1cccnc12,"6,7","OCF3,CHO",C1=CC2=C(C3=C(C=CC=N3)C=C2)N=C1,2,,
"6,7-(OCF3)2-phen",OC(F)(F)F.OC(F)(F)F.c1cnc2c(c1)ccc1cccnc12,"6,7","OCF3,OCF3",C1=CC2=C(C3=C(C=CC=N3)C=C2)N=C1,2,,
"6,7-OCF3/Cl-phen",Cl.OC(F)(F)F.c1cnc2c(c1)ccc1cccnc12,"6,7","OCF3,Cl",C1=CC2=C(C3=C(C=CC=N3)C=C2)N=C1,2,,
"6,7-OCF3/Br-phen",Br.OC(F)(F)F.c1cnc2c(c1)ccc1cccnc12,"6,7","OCF3,Br",C1=CC2=C(C3=C(C=CC=N3)C=C2)N=C1,2,,
"6,7-OCF3/NH2-phen",N.OC(F)(F)F.c1cnc2c(c1)ccc1cccnc12,"6,7","OCF3,NH2",C1=CC2=C(C3=C(C=CC=N3)C=C2)N=C1,2,,
"6,7-OCF3/OMe-phen",CO.OC(F)(F)F.c1cnc2c(c1)ccc1cccnc12,"6,7","OCF3,OMe",C1=CC2=C(C3=C(C=CC=N3)C=C2)N=C1,2,,
"6,7-OCF3/Me-phen",C.OC(F)(F)F.c1cnc2c(c1)ccc1cccnc12,"6,7","OCF3,Me",C1=CC2=C(C3=C(C=CC=N3)C=C2)N=C1,2,,
"6,7-OCF3/Et-phen",CC.OC(F)(F)F.c1cnc2c(c1)ccc1cccnc12,"6,7","OCF3,Et",C1=CC2=C(C3=C(C=CC=N3)C=C2)N=C1,2,,
"6,7-Cl/CN-phen",C#N.Cl.c1cnc2c(c1)ccc1cccnc12,"6,7","Cl,CN",C1=CC2=C(C3=C(C=CC=N3)C=C2)N=C1,2,,
"6,7-Cl/CHO-phen",C=O.Cl.c1cnc2c(c1)ccc1cccnc12,"6,7","Cl,CHO",C1=CC2=C(C3=C(C=CC=N3)C=C2)N=C1,2,,
"6,7-Cl/OCF3-phen",Cl.OC(F)(F)F.c1cnc2c(c1)ccc1cccnc12,"6,7","Cl,OCF3",C1=CC2=C(C3=C(C=CC=N3)C=C2)N=C1,2,,
"6,7-(Cl)2-phen",Cl.Cl.c1cnc2c(c1)ccc1cccnc12,"6,7","Cl,Cl",C1=CC2=C(C3=C(C=CC=N3)C=C2)N=C1,2,,
"6,7-Cl/Br-phen",Br.Cl.c1cnc2c(c1)ccc1cccnc12,"6,7","Cl,Br",C1=CC2=C(C3=C(C=CC=N3)C=C2)N=C1,2,,
"6,7-Cl/NH2-phen",Cl.N.c1cnc2c(c1)ccc1cccnc12,"6,7","Cl,NH2",C1=CC2=C(C3=C(C=CC=N3)C=C2)N=C1,2,,
"6,7-Cl/OMe-phen",CO.Cl.c1cnc2c(c1)ccc1cccnc12,"6,7","Cl,OMe",C1=CC2=C(C3=C(C=CC=N3)C=C2)N=C1,2,,
"6,7-Cl/Me-phen",C.Cl.c1cnc2c(c1)ccc1cccnc12,"6,7","Cl,Me",C1=CC2=C(C3=C(C=CC=N3)C=C2)N=C1,2,,
"6,7-Cl/Et-phen",CC.Cl.c1cnc2c(c1)ccc1cccnc12,"6,7","Cl,Et",C1=CC2=C(C3=C(C=CC=N3)C=C2)N=C1,2,,
"6,7-Br/CN-phen",Br.C#N.c1cnc2c(c1)ccc1cccnc12,"6,7","Br,CN",C1=CC2=C(C3=C(C=CC=N3)C=C2)N=C1,2,,
"6,7-Br/CHO-phen",Br.C=O.c1cnc2c(c1)ccc1cccnc12,"6,7","Br,CHO",C1=CC2=C(C3=C(C=CC=N3)C=C2)N=C1,2,,
"6,7-Br/OCF3-phen",Br.OC(F)(F)F.c1cnc2c(c1)ccc1cccnc12,"6,7","Br,OCF3",C1=CC2=C(C3=C(C=CC=N3)C=C2)N=C1,2,,
"6,7-Br/Cl-phen",Br.Cl.c1cnc2c(c1)ccc1cccnc12,"6,7","Br,Cl",C1=CC2=C(C3=C(C=CC=N3)C=C2)N=C1,2,,
"6,7-(Br)2-phen",Br.Br.c1cnc2c(c1)ccc1cccnc12,"6,7","Br,Br",C1=CC2=C(C3=C(C=CC=N3)C=C2)N=C1,2,,
"6,7-Br/NH2-phen",Br.N.c1cnc2c(c1)ccc1cccnc12,"6,7","Br,NH2",C1=CC2=C(C3=C(C=CC=N3)C=C2)N=C1,2,,
"6,7-Br/OMe-phen",Br.CO.c1cnc2c(c1)ccc1cccnc12,"6,7","Br,OMe",C1=CC2=C(C3=C(C=CC=N3)C=C2)N=C1,2,,
"6,7-Br/Me-phen",Br.C.c1cnc2c(c1)ccc1cccnc12,"6,7","Br,Me",C1=CC2=C(C3=C(C=CC=N3)C=C2)N=C1,2,,
"6,7-Br/Et-phen",Br.CC.c1cnc2c(c1)ccc1cccnc12,"6,7","Br,Et",C1=CC2=C(C3=C(C=CC=N3)C=C2)N=C1,2,,
"6,7-NH2/CN-phen",C#N.N.c1cnc2c(c1)ccc1cccnc12,"6,7","NH2,CN",C1=CC2=C(C3=C(C=CC=N3)C=C2)N=C1,2,27.00,
"6,7-NH2/CHO-phen",C=O.N.c1cnc2c(c1)ccc1cccnc12,"6,7","NH2,CHO",C1=CC2=C(C3=C(C=CC=N3)C=C2)N=C1,2,22.80,
"6,7-NH2/OCF3-phen",N.OC(F)(F)F.c1cnc2c(c1)ccc1cccnc12,"6,7","NH2,OCF3",C1=CC2=C(C3=C(C=CC=N3)C=C2)N=C1,2,,
"6,7-NH2/Cl-phen",Cl.N.c1cnc2c(c1)ccc1cccnc12,"6,7","NH2,Cl",C1=CC2=C(C3=C(C=CC=N3)C=C2)N=C1,2,,
"6,7-NH2/Br-phen",Br.N.c1cnc2c(c1)ccc1cccnc12,"6,7","NH2,Br",C1=CC2=C(C3=C(C=CC=N3)C=C2)N=C1,2,,
"6,7-(NH2)2-phen",N.N.c1cnc2c(c1)ccc1cccnc12,"6,7","NH2,NH2",C1=CC2=C(C3=C(C=CC=N3)C=C2)N=C1,2,18.00,
"6,7-NH2/OMe-phen",CO.N.c1cnc2c(c1)ccc1cccnc12,"6,7","NH2,OMe",C1=CC2=C(C3=C(C=CC=N3)C=C2)N=C1,2,14.00,
"6,7-NH2/Me-phen",C.N.c1cnc2c(c1)ccc1cccnc12,"6,7","NH2,Me",C1=CC2=C(C3=C(C=CC=N3)C=C2)N=C1,2,,
"6,7-NH2/Et-phen",CC.N.c1cnc2c(c1)ccc1cccnc12,"6,7","NH2,Et",C1=CC2=C(C3=C(C=CC=N3)C=C2)N=C1,2,13.00,
"6,7-OMe/CN-phen",C#N.CO.c1cnc2c(c1)ccc1cccnc12,"6,7","OMe,CN",C1=CC2=C(C3=C(C=CC=N3)C=C2)N=C1,2,23.00,
"6,7-OMe/CHO-phen",C=O.CO.c1cnc2c(c1)ccc1cccnc12,"6,7","OMe,CHO",C1=CC2=C(C3=C(C=CC=N3)C=C2)N=C1,2,18.80,
"6,7-OMe/OCF3-phen",CO.OC(F)(F)F.c1cnc2c(c1)ccc1cccnc12,"6,7","OMe,OCF3",C1=CC2=C(C3=C(C=CC=N3)C=C2)N=C1,2,,
"6,7-OMe/Cl-phen",CO.Cl.c1cnc2c(c1)ccc1cccnc12,"6,7","OMe,Cl",C1=CC2=C(C3=C(C=CC=N3)C=C2)N=C1,2,,
"6,7-OMe/Br-phen",Br.CO.c1cnc2c(c1)ccc1cccnc12,"6,7","OMe,Br",C1=CC2=C(C3=C(C=CC=N3)C=C2)N=C1,2,,
"6,7-OMe/NH2-phen",CO.N.c1cnc2c(c1)ccc1cccnc12,"6,7","OMe,NH2",C1=CC2=C(C3=C(C=CC=N3)C=C2)N=C1,2,14.00,
"6,7-(OMe)2-phen",CO.CO.c1cnc2c(c1)ccc1cccnc12,"6,7","OMe,OMe",C1=CC2=C(C3=C(C=CC=N3)C=C2)N=C1,2,10.00,
"6,7-OMe/Me-phen",C.CO.c1cnc2c(c1)ccc1cccnc12,"6,7","OMe,Me",C1=CC2=C(C3=C(C=CC=N3)C=C2)N=C1,2,,
"6,7-OMe/Et-phen",CC.CO.c1cnc2c(c1)ccc1cccnc12,"6,7","OMe,Et",C1=CC2=C(C3=C(C=CC=N3)C=C2)N=C1,2,9.00,
"6,7-Me/CN-phen",C.C#N.c1cnc2c(c1)ccc1cccnc12,"6,7","Me,CN",C1=CC2=C(C3=C(C=CC=N3)C=C2)N=C1,2,,
"6,7-Me/CHO-phen",C.C=O.c1cnc2c(c1)ccc1cccnc12,"6,7","Me,CHO",C1=CC2=C(C3=C(C=CC=N3)C=C2)N=C1,2,,
"6,7-Me/OCF3-phen",C.OC(F)(F)F.c1cnc2c(c1)ccc1cccnc12,"6,7","Me,OCF3",C1=CC2=C(C3=C(C=CC=N3)C=C2)N=C1,2,,
"6,7-Me/Cl-phen",C.Cl.c1cnc2c(c1)ccc1cccnc12,"6,7","Me,Cl",C1=CC2=C(C3=C(C=CC=N3)C=C2)N=C1,2,,
"6,7-Me/Br-phen",Br.C.c1cnc2c(c1)ccc1cccnc12,"6,7","Me,Br",C1=CC2=C(C3=C(C=CC=N3)C=C2)N=C1,2,,
"6,7-Me/NH2-phen",C.N.c1cnc2c(c1)ccc1cccnc12,"6,7","Me,NH2",C1=CC2=C(C3=C(C=CC=N3)C=C2)N=C1,2,,
"6,7-Me/OMe-phen",C.CO.c1cnc2c(c1)ccc1cccnc12,"6,7","Me,OMe",C1=CC2=C(C3=C(C=CC=N3)C=C2)N=C1,2,,
"6,7-(Me)2-phen",C.C.c1cnc2c(c1)ccc1cccnc12,"6,7","Me,Me",C1=CC2=C(C3=C(C=CC=N3)C=C2)N=C1,2,,
"6,7-Me/Et-phen",C.CC.c1cnc2c(c1)ccc1cccnc12,"6,7","Me,Et",C1=CC2=C(C3=C(C=CC=N3)C=C2)N=C1,2,,
"6,7-Et/CN-phen",C#N.CC.c1cnc2c(c1)ccc1cccnc12,"6,7","Et,CN",C1=CC2=C(C3=C(C=CC=N3)C=C2)N=C1,2,22.00,
"6,7-Et/CHO-phen",C=O.CC.c1cnc2c(c1)ccc1cccnc12,"6,7","Et,CHO",C1=CC2=C(C3=C(C=CC=N3)C=C2)N=C1,2,17.80,
"6,7-Et/OCF3-phen",CC.OC(F)(F)F.c1cnc2c(c1)ccc1cccnc12,"6,7","Et,OCF3",C1=CC2=C(C3=C(C=CC=N3)C=C2)N=C1,2,,
"6,7-Et/Cl-phen",CC.Cl.c1cnc2c(c1)ccc1cccnc12,"6,7","Et,Cl",C1=CC2=C(C3=C(C=CC=N3)C=C2)N=C1,2,,
"6,7-Et/Br-phen",Br.CC.c1cnc2c(c1)ccc1cccnc12,"6,7","Et,Br",C1=CC2=C(C3=C(C=CC=N3)C=C2)N=C1,2,,
"6,7-Et/NH2-phen",CC.N.c1cnc2c(c1)ccc1cccnc12,"6,7","Et,NH2",C1=CC2=C(C3=C(C=CC=N3)C=C2)N=C1,2,13.00,
"6,7-Et/OMe-phen",CC.CO.c1cnc2c(c1)ccc1cccnc12,"6,7","Et,OMe",C1=CC2=C(C3=C(C=CC=N3)C=C2)N=C1,2,9.00,
"6,7-Et/Me-phen",C.CC.c1cnc2c(c1)ccc1cccnc12,"6,7","Et,Me",C1=CC2=C(C3=C(C=CC=N3)C=C2)N=C1,2,,
"6,7-(Et)2-phen",CC.CC.c1cnc2c(c1)ccc1cccnc12,"6,7","Et,Et",C1=CC2=C(C3=C(C=CC=N3)C=C2)N=C1,2,8.00,
"6,8-(CN)2-phen",C#N.C#N.c1cnc2c(c1)ccc1cccnc12,"6,8","CN,CN",C1=CC2=C(C3=C(C=CC=N3)C=C2)N=C1,2,36.00,
"6,8-CN/CHO-phen",C#N.C=O.c1cnc2c(c1)ccc1cccnc12,"6,8","CN,CHO",C1=CC2=C(C3=C(C=CC=N3)C=C2)N=C1,2,31.80,
"6,8-CN/OCF3-phen",C#N.OC(F)(F)F.c1cnc2c(c1)ccc1cccnc12,"6,8","CN,OCF3",C1=CC2=C(C3=C(C=CC=N3)C=C2)N=C1,2,,
"6,8-CN/Cl-phen",C#N.Cl.c1cnc2c(c1)ccc1cccnc12,"6,8","CN,Cl",C1=CC2=C(C3=C(C=CC=N3)C=C2)N=C1,2,,
"6,8-CN/Br-phen",Br.C#N.c1cnc2c(c1)ccc1cccnc12,"6,8","CN,Br",C1=CC2=C(C3=C(C=CC=N3)C=C2)N=C1,2,,
"6,8-CN/NH2-phen",C#N.N.c1cnc2c(c1)ccc1cccnc12,"6,8","CN,NH2",C1=CC2=C(C3=C(C=CC=N3)C=C2)N=C1,2,27.00,
"6,8-CN/OMe-phen",C#N.CO.c1cnc2c(c1)ccc1cccnc12,"6,8","CN,OMe",C1=CC2=C(C3=C(C=CC=N3)C=C2)N=C1,2,23.00,
"6,8-CN/Me-phen",C.C#N.c1cnc2c(c1)ccc1cccnc12,"6,8","CN,Me",C1=CC2=C(C3=C(C=CC=N3)C=C2)N=C1,2,,
"6,8-CN/Et-phen",C#N.CC.c1cnc2c(c1)ccc1cccnc12,"6,8","CN,Et",C1=CC2=C(C3=C(C=CC=N3)C=C2)N=C1,2,22.00,
"6,8-CHO/CN-phen",C#N.C=O.c1cnc2c(c1)ccc1cccnc12,"6,8","CHO,CN",C1=CC2=C(C3=C(C=CC=N3)C=C2)N=C1,2,31.80,
"6,8-(CHO)2-phen",C=O.C=O.c1cnc2c(c1)ccc1cccnc12,"6,8","CHO,CHO",C1=CC2=C(C3=C(C=CC=N3)C=C2)N=C1,2,27.60,
"6,8-CHO/OCF3-phen",C=O.OC(F)(F)F.c1cnc2c(c1)ccc1cccnc12,"6,8","CHO,OCF3",C1=CC2=C(C3=C(C=CC=N3)C=C2)N=C1,2,,
"6,8-CHO/Cl-phen",C=O.Cl.c1cnc2c(c1)ccc1cccnc12,"6,8","CHO,Cl",C1=CC2=C(C3=C(C=CC=N3)C=C2)N=C1,2,,
"6,8-CHO/Br-phen",Br.C=O.c1cnc2c(c1)ccc1cccnc12,"6,8","CHO,Br",C1=CC2=C(C3=C(C=CC=N3)C=C2)N=C1,2,,
"6,8-CHO/NH2-phen",C=O.N.c1cnc2c(c1)ccc1cccnc12,"6,8","CHO,NH2",C1=CC2=C(C3=C(C=CC=N3)C=C2)N=C1,2,22.80,
"6,8-CHO/OMe-phen",C=O.CO.c1cnc2c(c1)ccc1cccnc12,"6,8","CHO,OMe",C1=CC2=C(C3=C(C=CC=N3)C=C2)N=C1,2,18.80,
"6,8-CHO/Me-phen",C.C=O.c1cnc2c(c1)ccc1cccnc12,"6,8","CHO,Me",C1=CC2=C(C3=C(C=CC=N3)C=C2)N=C1,2,,
"6,8-CHO/Et-phen",C=O.CC.c1cnc2c(c1)ccc1cccnc12,"6,8","CHO,Et",C1=CC2=C(C3=C(C=CC=N3)C=C2)N=C1,2,17.80,
"6,8-OCF3/CN-phen",C#N.OC(F)(F)F.c1cnc2c(c1)ccc1cccnc12,"6,8","OCF3,CN",C1=CC2=C(C3=C(C=CC=N3)C=C2)N=C1,2,,
"6,8-OCF3/CHO-phen",C=O.OC(F)(F)F.c1cnc2c(c1)ccc1cccnc12,"6,8","OCF3,CHO",C1=CC2=C(C3=C(C=CC=N3)C=C2)N=C1,2,,
"6,8-(OCF3)2-phen",OC(F)(F)F.OC(F)(F)F.c1cnc2c(c1)ccc1cccnc12,"6,8","OCF3,OCF3",C1=CC2=C(C3=C(C=CC=N3)C=C2)N=C1,2,,
"6,8-OCF3/Cl-phen",Cl.OC(F)(F)F.c1cnc2c(c1)ccc1cccnc12,"6,8","OCF3,Cl",C1=CC2=C(C3=C(C=CC=N3)C=C2)N=C1,2,,
"6,8-OCF3/Br-phen",Br.OC(F)(F)F.c1cnc2c(c1)ccc1cccnc12,"6,8","OCF3,Br",C1=CC2=C(C3=C(C=CC=N3)C=C2)N=C1,2,,
"6,8-OCF3/NH2-phen",N.OC(F)(F)F.c1cnc2c(c1)ccc1cccnc12,"6,8","OCF3,NH2",C1=CC2=C(C3=C(C=CC=N3)C=C2)N=C1,2,,
"6,8-OCF3/OMe-phen",CO.OC(F)(F)F.c1cnc2c(c1)ccc1cccnc12,"6,8","OCF3,OMe",C1=CC2=C(C3=C(C=CC=N3)C=C2)N=C1,2,,
"6,8-OCF3/Me-phen",C.OC(F)(F)F.c1cnc2c(c1)ccc1cccnc12,"6,8","OCF3,Me",C1=CC2=C(C3=C(C=CC=N3)C=C2)N=C1,2,,
"6,8-OCF3/Et-phen",CC.OC(F)(F)F.c1cnc2c(c1)ccc1cccnc12,"6,8","OCF3,Et",C1=CC2=C(C3=C(C=CC=N3)C=C2)N=C1,2,,
"6,8-Cl/CN-phen",C#N.Cl.c1cnc2c(c1)ccc1cccnc12,"6,8","Cl,CN",C1=CC2=C(C3=C(C=CC=N3)C=C2)N=C1,2,,
"6,8-Cl/CHO-phen",C=O.Cl.c1cnc2c(c1)ccc1cccnc12,"6,8","Cl,CHO",C1=CC2=C(C3=C(C=CC=N3)C=C2)N=C1,2,,
"6,8-Cl/OCF3-phen",Cl.OC(F)(F)F.c1cnc2c(c1)ccc1cccnc12,"6,8","Cl,OCF3",C1=CC2=C(C3=C(C=CC=N3)C=C2)N=C1,2,,
"6,8-(Cl)2-phen",Cl.Cl.c1cnc2c(c1)ccc1cccnc12,"6,8","Cl,Cl",C1=CC2=C(C3=C(C=CC=N3)C=C2)N=C1,2,,
"6,8-Cl/Br-phen",Br.Cl.c1cnc2c(c1)ccc1cccnc12,"6,8","Cl,Br",C1=CC2=C(C3=C(C=CC=N3)C=C2)N=C1,2,,
"6,8-Cl/NH2-phen",Cl.N.c1cnc2c(c1)ccc1cccnc12,"6,8","Cl,NH2",C1=CC2=C(C3=C(C=CC=N3)C=C2)N=C1,2,,
"6,8-Cl/OMe-phen",CO.Cl.c1cnc2c(c1)ccc1cccnc12,"6,8","Cl,OMe",C1=CC2=C(C3=C(C=CC=N3)C=C2)N=C1,2,,
"6,8-Cl/Me-phen",C.Cl.c1cnc2c(c1)ccc1cccnc12,"6,8","Cl,Me",C1=CC2=C(C3=C(C=CC=N3)C=C2)N=C1,2,,
"6,8-Cl/Et-phen",CC.Cl.c1cnc2c(c1)ccc1cccnc12,"6,8","Cl,Et",C1=CC2=C(C3=C(C=CC=N3)C=C2)N=C1,2,,
"6,8-Br/CN-phen",Br.C#N.c1cnc2c(c1)ccc1cccnc12,"6,8","Br,CN",C1=CC2=C(C3=C(C=CC=N3)C=C2)N=C1,2,,
"6,8-Br/CHO-phen",Br.C=O.c1cnc2c(c1)ccc1cccnc12,"6,8","Br,CHO",C1=CC2=C(C3=C(C=CC=N3)C=C2)N=C1,2,,
"6,8-Br/OCF3-phen",Br.OC(F)(F)F.c1cnc2c(c1)ccc1cccnc12,"6,8","Br,OCF3",C1=CC2=C(C3=C(C=CC=N3)C=C2)N=C1,2,,
"6,8-Br/Cl-phen",Br.Cl.c1cnc2c(c1)ccc1cccnc12,"6,8","Br,Cl",C1=CC2=C(C3=C(C=CC=N3)C=C2)N=C1,2,,
"6,8-(Br)2-phen",Br.Br.c1cnc2c(c1)ccc1cccnc12,"6,8","Br,Br",C1=CC2=C(C3=C(C=CC=N3)C=C2)N=C1,2,,
"6,8-Br/NH2-phen",Br.N.c1cnc2c(c1)ccc1cccnc12,"6,8","Br,NH2",C1=CC2=C(C3=C(C=CC=N3)C=C2)N=C1,2,,
"6,8-Br/OMe-phen",Br.CO.c1cnc2c(c1)ccc1cccnc12,"6,8","Br,OMe",C1=CC2=C(C3=C(C=CC=N3)C=C2)N=C1,2,,
"6,8-Br/Me-phen",Br.C.c1cnc2c(c1)ccc1cccnc12,"6,8","Br,Me",C1=CC2=C(C3=C(C=CC=N3)C=C2)N=C1,2,,
"6,8-Br/Et-phen",Br.CC.c1cnc2c(c1)ccc1cccnc12,"6,8","Br,Et",C1=CC2=C(C3=C(C=CC=N3)C=C2)N=C1,2,,
"6,8-NH2/CN-phen",C#N.N.c1cnc2c(c1)ccc1cccnc12,"6,8","NH2,CN",C1=CC2=C(C3=C(C=CC=N3)C=C2)N=C1,2,27.00,
"6,8-NH2/CHO-phen",C=O.N.c1cnc2c(c1)ccc1cccnc12,"6,8","NH2,CHO",C1=CC2=C(C3=C(C=CC=N3)C=C2)N=C1,2,22.80,
"6,8-NH2/OCF3-phen",N.OC(F)(F)F.c1cnc2c(c1)ccc1cccnc12,"6,8","NH2,OCF3",C1=CC2=C(C3=C(C=CC=N3)C=C2)N=C1,2,,
"6,8-NH2/Cl-phen",Cl.N.c1cnc2c(c1)ccc1cccnc12,"6,8","NH2,Cl",C1=CC2=C(C3=C(C=CC=N3)C=C2)N=C1,2,,
"6,8-NH2/Br-phen",Br.N.c1cnc2c(c1)ccc1cccnc12,"6,8","NH2,Br",C1=CC2=C(C3=C(C=CC=N3)C=C2)N=C1,2,,
"6,8-(NH2)2-phen",N.N.c1cnc2c(c1)ccc1cccnc12,"6,8","NH2,NH2",C1=CC2=C(C3=C(C=CC=N3)C=C2)N=C1,2,18.00,
"6,8-NH2/OMe-phen",CO.N.c1cnc2c(c1)ccc1cccnc12,"6,8","NH2,OMe",C1=CC2=C(C3=C(C=CC=N3)C=C2)N=C1,2,14.00,
"6,8-NH2/Me-phen",C.N.c1cnc2c(c1)ccc1cccnc12,"6,8","NH2,Me",C1=CC2=C(C3=C(C=CC=N3)C=C2)N=C1,2,,
"6,8-NH2/Et-phen",CC.N.c1cnc2c(c1)ccc1cccnc12,"6,8","NH2,Et",C1=CC2=C(C3=C(C=CC=N3)C=C2)N=C1,2,13.00,
"6,8-OMe/CN-phen",C#N.CO.c1cnc2c(c1)ccc1cccnc12,"6,8","OMe,CN",C1=CC2=C(C3=C(C=CC=N3)C=C2)N=C1,2,23.00,
"6,8-OMe/CHO-phen",C=O.CO.c1cnc2c(c1)ccc1cccnc12,"6,8","OMe,CHO",C1=CC2=C(C3=C(C=CC=N3)C=C2)N=C1,2,18.80,
"6,8-OMe/OCF3-phen",CO.OC(F)(F)F.c1cnc2c(c1)ccc1cccnc12,"6,8","OMe,OCF3",C1=CC2=C(C3=C(C=CC=N3)C=C2)N=C1,2,,
"6,8-OMe/Cl-phen",CO.Cl.c1cnc2c(c1)ccc1cccnc12,"6,8","OMe,Cl",C1=CC2=C(C3=C(C=CC=N3)C=C2)N=C1,2,,
"6,8-OMe/Br-phen",Br.CO.c1cnc2c(c1)ccc1cccnc12,"6,8","OMe,Br",C1=CC2=C(C3=C(C=CC=N3)C=C2)N=C1,2,,
"6,8-OMe/NH2-phen",CO.N.c1cnc2c(c1)ccc1cccnc12,"6,8","OMe,NH2",C1=CC2=C(C3=C(C=CC=N3)C=C2)N=C1,2,14.00,
"6,8-(OMe)2-phen",CO.CO.c1cnc2c(c1)ccc1cccnc12,"6,8","OMe,OMe",C1=CC2=C(C3=C(C=CC=N3)C=C2)N=C1,2,10.00,
"6,8-OMe/Me-phen",C.CO.c1cnc2c(c1)ccc1cccnc12,"6,8","OMe,Me",C1=CC2=C(C3=C(C=CC=N3)C=C2)N=C1,2,,
"6,8-OMe/Et-phen",CC.CO.c1cnc2c(c1)ccc1cccnc12,"6,8","OMe,Et",C1=CC2=C(C3=C(C=CC=N3)C=C2)N=C1,2,9.00,
"6,8-Me/CN-phen",C.C#N.c1cnc2c(c1)ccc1cccnc12,"6,8","Me,CN",C1=CC2=C(C3=C(C=CC=N3)C=C2)N=C1,2,,
"6,8-Me/CHO-phen",C.C=O.c1cnc2c(c1)ccc1cccnc12,"6,8","Me,CHO",C1=CC2=C(C3=C(C=CC=N3)C=C2)N=C1,2,,
"6,8-Me/OCF3-phen",C.OC(F)(F)F.c1cnc2c(c1)ccc1cccnc12,"6,8","Me,OCF3",C1=CC2=C(C3=C(C=CC=N3)C=C2)N=C1,2,,
"6,8-Me/Cl-phen",C.Cl.c1cnc2c(c1)ccc1cccnc12,"6,8","Me,Cl",C1=CC2=C(C3=C(C=CC=N3)C=C2)N=C1,2,,
"6,8-Me/Br-phen",Br.C.c1cnc2c(c1)ccc1cccnc12,"6,8","Me,Br",C1=CC2=C(C3=C(C=CC=N3)C=C2)N=C1,2,,
"6,8-Me/NH2-phen",C.N.c1cnc2c(c1)ccc1cccnc12,"6,8","Me,NH2",C1=CC2=C(C3=C(C=CC=N3)C=C2)N=C1,2,,
"6,8-Me/OMe-phen",C.CO.c1cnc2c(c1)ccc1cccnc12,"6,8","Me,OMe",C1=CC2=C(C3=C(C=CC=N3)C=C2)N=C1,2,,
"6,8-(Me)2-phen",C.C.c1cnc2c(c1)ccc1cccnc12,"6,8","Me,Me",C1=CC2=C(C3=C(C=CC=N3)C=C2)N=C1,2,,
"6,8-Me/Et-phen",C.CC.c1cnc2c(c1)ccc1cccnc12,"6,8","Me,Et",C1=CC2=C(C3=C(C=CC=N3)C=C2)N=C1,2,,
"6,8-Et/CN-phen",C#N.CC.c1cnc2c(c1)ccc1cccnc12,"6,8","Et,CN",C1=CC2=C(C3=C(C=CC=N3)C=C2)N=C1,2,22.00,
"6,8-Et/CHO-phen",C=O.CC.c1cnc2c(c1)ccc1cccnc12,"6,8","Et,CHO",C1=CC2=C(C3=C(C=CC=N3)C=C2)N=C1,2,17.80,
"6,8-Et/OCF3-phen",CC.OC(F)(F)F.c1cnc2c(c1)ccc1cccnc12,"6,8","Et,OCF3",C1=CC2=C(C3=C(C=CC=N3)C=C2)N=C1,2,,
"6,8-Et/Cl-phen",CC.Cl.c1cnc2c(c1)ccc1cccnc12,"6,8","Et,Cl",C1=CC2=C(C3=C(C=CC=N3)C=C2)N=C1,2,,
"6,8-Et/Br-phen",Br.CC.c1cnc2c(c1)ccc1cccnc12,"6,8","Et,Br",C1=CC2=C(C3=C(C=CC=N3)C=C2)N=C1,2,,
"6,8-Et/NH2-phen",CC.N.c1cnc2c(c1)ccc1cccnc12,"6,8","Et,NH2",C1=CC2=C(C3=C(C=CC=N3)C=C2)N=C1,2,13.00,
"6,8-Et/OMe-phen",CC.CO.c1cnc2c(c1)ccc1cccnc12,"6,8","Et,OMe",C1=CC2=C(C3=C(C=CC=N3)C=C2)N=C1,2,9.00,
"6,8-Et/Me-phen",C.CC.c1cnc2c(c1)ccc1cccnc12,"6,8","Et,Me",C1=CC2=C(C3=C(C=CC=N3)C=C2)N=C1,2,,
"6,8-(Et)2-phen",CC.CC.c1cnc2c(c1)ccc1cccnc12,"6,8","Et,Et",C1=CC2=C(C3=C(C=CC=N3)C=C2)N=C1,2,8.00,
"6,9-(CN)2-phen",C#N.C#N.c1cnc2c(c1)ccc1cccnc12,"6,9","CN,CN",C1=CC2=C(C3=C(C=CC=N3)C=C2)N=C1,2,36.00,
"6,9-CN/CHO-phen",C#N.C=O.c1cnc2c(c1)ccc1cccnc12,"6,9","CN,CHO",C1=CC2=C(C3=C(C=CC=N3)C=C2)N=C1,2,31.80,
"6,9-CN/OCF3-phen",C#N.OC(F)(F)F.c1cnc2c(c1)ccc1cccnc12,"6,9","CN,OCF3",C1=CC2=C(C3=C(C=CC=N3)C=C2)N=C1,2,,
"6,9-CN/Cl-phen",C#N.Cl.c1cnc2c(c1)ccc1cccnc12,"6,9","CN,Cl",C1=CC2=C(C3=C(C=CC=N3)C=C2)N=C1,2,,
"6,9-CN/Br-phen",Br.C#N.c1cnc2c(c1)ccc1cccnc12,"6,9","CN,Br",C1=CC2=C(C3=C(C=CC=N3)C=C2)N=C1,2,,
"6,9-CN/NH2-phen",C#N.N.c1cnc2c(c1)ccc1cccnc12,"6,9","CN,NH2",C1=CC2=C(C3=C(C=CC=N3)C=C2)N=C1,2,27.00,
"6,9-CN/OMe-phen",C#N.CO.c1cnc2c(c1)ccc1cccnc12,"6,9","CN,OMe",C1=CC2=C(C3=C(C=CC=N3)C=C2)N=C1,2,23.00,
"6,9-CN/Me-phen",C.C#N.c1cnc2c(c1)ccc1cccnc12,"6,9","CN,Me",C1=CC2=C(C3=C(C=CC=N3)C=C2)N=C1,2,,
"6,9-CN/Et-phen",C#N.CC.c1cnc2c(c1)ccc1cccnc12,"6,9","CN,Et",C1=CC2=C(C3=C(C=CC=N3)C=C2)N=C1,2,22.00,
"6,9-CHO/CN-phen",C#N.C=O.c1cnc2c(c1)ccc1cccnc12,"6,9","CHO,CN",C1=CC2=C(C3=C(C=CC=N3)C=C2)N=C1,2,31.80,
"6,9-(CHO)2-phen",C=O.C=O.c1cnc2c(c1)ccc1cccnc12,"6,9","CHO,CHO",C1=CC2=C(C3=C(C=CC=N3)C=C2)N=C1,2,27.60,
"6,9-CHO/OCF3-phen",C=O.OC(F)(F)F.c1cnc2c(c1)ccc1cccnc12,"6,9","CHO,OCF3",C1=CC2=C(C3=C(C=CC=N3)C=C2)N=C1,2,,
"6,9-CHO/Cl-phen",C=O.Cl.c1cnc2c(c1)ccc1cccnc12,"6,9","CHO,Cl",C1=CC2=C(C3=C(C=CC=N3)C=C2)N=C1,2,,
"6,9-CHO/Br-phen",Br.C=O.c1cnc2c(c1)ccc1cccnc12,"6,9","CHO,Br",C1=CC2=C(C3=C(C=CC=N3)C=C2)N=C1,2,,
"6,9-CHO/NH2-phen",C=O.N.c1cnc2c(c1)ccc1cccnc12,"6,9","CHO,NH2",C1=CC2=C(C3=C(C=CC=N3)C=C2)N=C1,2,22.80,
"6,9-CHO/OMe-phen",C=O.CO.c1cnc2c(c1)ccc1cccnc12,"6,9","CHO,OMe",C1=CC2=C(C3=C(C=CC=N3)C=C2)N=C1,2,18.80,
"6,9-CHO/Me-phen",C.C=O.c1cnc2c(c1)ccc1cccnc12,"6,9","CHO,Me",C1=CC2=C(C3=C(C=CC=N3)C=C2)N=C1,2,,
"6,9-CHO/Et-phen",C=O.CC.c1cnc2c(c1)ccc1cccnc12,"6,9","CHO,Et",C1=CC2=C(C3=C(C=CC=N3)C=C2)N=C1,2,17.80,
"6,9-OCF3/CN-phen",C#N.OC(F)(F)F.c1cnc2c(c1)ccc1cccnc12,"6,9","OCF3,CN",C1=CC2=C(C3=C(C=CC=N3)C=C2)N=C1,2,,
"6,9-OCF3/CHO-phen",C=O.OC(F)(F)F.c1cnc2c(c1)ccc1cccnc12,"6,9","OCF3,CHO",C1=CC2=C(C3=C(C=CC=N3)C=C2)N=C1,2,,
"6,9-(OCF3)2-phen",OC(F)(F)F.OC(F)(F)F.c1cnc2c(c1)ccc1cccnc12,"6,9","OCF3,OCF3",C1=CC2=C(C3=C(C=CC=N3)C=C2)N=C1,2,,
"6,9-OCF3/Cl-phen",Cl.OC(F)(F)F.c1cnc2c(c1)ccc1cccnc12,"6,9","OCF3,Cl",C1=CC2=C(C3=C(C=CC=N3)C=C2)N=C1,2,,
"6,9-OCF3/Br-phen",Br.OC(F)(F)F.c1cnc2c(c1)ccc1cccnc12,"6,9","OCF3,Br",C1=CC2=C(C3=C(C=CC=N3)C=C2)N=C1,2,,
"6,9-OCF3/NH2-phen",N.OC(F)(F)F.c1cnc2c(c1)ccc1cccnc12,"6,9","OCF3,NH2",C1=CC2=C(C3=C(C=CC=N3)C=C2)N=C1,2,,
"6,9-OCF3/OMe-phen",CO.OC(F)(F)F.c1cnc2c(c1)ccc1cccnc12,"6,9","OCF3,OMe",C1=CC2=C(C3=C(C=CC=N3)C=C2)N=C1,2,,
"6,9-OCF3/Me-phen",C.OC(F)(F)F.c1cnc2c(c1)ccc1cccnc12,"6,9","OCF3,Me",C1=CC2=C(C3=C(C=CC=N3)C=C2)N=C1,2,,
"6,9-OCF3/Et-phen",CC.OC(F)(F)F.c1cnc2c(c1)ccc1cccnc12,"6,9","OCF3,Et",C1=CC2=C(C3=C(C=CC=N3)C=C2)N=C1,2,,
"6,9-Cl/CN-phen",C#N.Cl.c1cnc2c(c1)ccc1cccnc12,"6,9","Cl,CN",C1=CC2=C(C3=C(C=CC=N3)C=C2)N=C1,2,,
"6,9-Cl/CHO-phen",C=O.Cl.c1cnc2c(c1)ccc1cccnc12,"6,9","Cl,CHO",C1=CC2=C(C3=C(C=CC=N3)C=C2)N=C1,2,,
"6,9-Cl/OCF3-phen",Cl.OC(F)(F)F.c1cnc2c(c1)ccc1cccnc12,"6,9","Cl,OCF3",C1=CC2=C(C3=C(C=CC=N3)C=C2)N=C1,2,,
"6,9-(Cl)2-phen",Cl.Cl.c1cnc2c(c1)ccc1cccnc12,"6,9","Cl,Cl",C1=CC2=C(C3=C(C=CC=N3)C=C2)N=C1,2,,
"6,9-Cl/Br-phen",Br.Cl.c1cnc2c(c1)ccc1cccnc12,"6,9","Cl,Br",C1=CC2=C(C3=C(C=CC=N3)C=C2)N=C1,2,,
"6,9-Cl/NH2-phen",Cl.N.c1cnc2c(c1)ccc1cccnc12,"6,9","Cl,NH2",C1=CC2=C(C3=C(C=CC=N3)C=C2)N=C1,2,,
"6,9-Cl/OMe-phen",CO.Cl.c1cnc2c(c1)ccc1cccnc12,"6,9","Cl,OMe",C1=CC2=C(C3=C(C=CC=N3)C=C2)N=C1,2,,
"6,9-Cl/Me-phen",C.Cl.c1cnc2c(c1)ccc1cccnc12,"6,9","Cl,Me",C1=CC2=C(C3=C(C=CC=N3)C=C2)N=C1,2,,
"6,9-Cl/Et-phen",CC.Cl.c1cnc2c(c1)ccc1cccnc12,"6,9","Cl,Et",C1=CC2=C(C3=C(C=CC=N3)C=C2)N=C1,2,,
"6,9-Br/CN-phen",Br.C#N.c1cnc2c(c1)ccc1cccnc12,"6,9","Br,CN",C1=CC2=C(C3=C(C=CC=N3)C=C2)N=C1,2,,
"6,9-Br/CHO-phen",Br.C=O.c1cnc2c(c1)ccc1cccnc12,"6,9","Br,CHO",C1=CC2=C(C3=C(C=CC=N3)C=C2)N=C1,2,,
"6,9-Br/OCF3-phen",Br.OC(F)(F)F.c1cnc2c(c1)ccc1cccnc12,"6,9","Br,OCF3",C1=CC2=C(C3=C(C=CC=N3)C=C2)N=C1,2,,
"6,9-Br/Cl-phen",Br.Cl.c1cnc2c(c1)ccc1cccnc12,"6,9","Br,Cl",C1=CC2=C(C3=C(C=CC=N3)C=C2)N=C1,2,,
"6,9-(Br)2-phen",Br.Br.c1cnc2c(c1)ccc1cccnc12,"6,9","Br,Br",C1=CC2=C(C3=C(C=CC=N3)C=C2)N=C1,2,,
"6,9-Br/NH2-phen",Br.N.c1cnc2c(c1)ccc1cccnc12,"6,9","Br,NH2",C1=CC2=C(C3=C(C=CC=N3)C=C2)N=C1,2,,
"6,9-Br/OMe-phen",Br.CO.c1cnc2c(c1)ccc1cccnc12,"6,9","Br,OMe",C1=CC2=C(C3=C(C=CC=N3)C=C2)N=C1,2,,
"6,9-Br/Me-phen",Br.C.c1cnc2c(c1)ccc1cccnc12,"6,9","Br,Me",C1=CC2=C(C3=C(C=CC=N3)C=C2)N=C1,2,,
"6,9-Br/Et-phen",Br.CC.c1cnc2c(c1)ccc1cccnc12,"6,9","Br,Et",C1=CC2=C(C3=C(C=CC=N3)C=C2)N=C1,2,,
"6,9-NH2/CN-phen",C#N.N.c1cnc2c(c1)ccc1cccnc12,"6,9","NH2,CN",C1=CC2=C(C3=C(C=CC=N3)C=C2)N=C1,2,27.00,
"6,9-NH2/CHO-phen",C=O.N.c1cnc2c(c1)ccc1cccnc12,"6,9","NH2,CHO",C1=CC2=C(C3=C(C=CC=N3)C=C2)N=C1,2,22.80,
"6,9-NH2/OCF3-phen",N.OC(F)(F)F.c1cnc2c(c1)ccc1cccnc12,"6,9","NH2,OCF3",C1=CC2=C(C3=C(C=CC=N3)C=C2)N=C1,2,,
"6,9-NH2/Cl-phen",Cl.N.c1cnc2c(c1)ccc1cccnc12,"6,9","NH2,Cl",C1=CC2=C(C3=C(C=CC=N3)C=C2)N=C1,2,,
"6,9-NH2/Br-phen",Br.N.c1cnc2c(c1)ccc1cccnc12,"6,9","NH2,Br",C1=CC2=C(C3=C(C=CC=N3)C=C2)N=C1,2,,
"6,9-(NH2)2-phen",N.N.c1cnc2c(c1)ccc1cccnc12,"6,9","NH2,NH2",C1=CC2=C(C3=C(C=CC=N3)C=C2)N=C1,2,18.00,
"6,9-NH2/OMe-phen",CO.N.c1cnc2c(c1)ccc1cccnc12,"6,9","NH2,OMe",C1=CC2=C(C3=C(C=CC=N3)C=C2)N=C1,2,14.00,
"6,9-NH2/Me-phen",C.N.c1cnc2c(c1)ccc1cccnc12,"6,9","NH2,Me",C1=CC2=C(C3=C(C=CC=N3)C=C2)N=C1,2,,
"6,9-NH2/Et-phen",CC.N.c1cnc2c(c1)ccc1cccnc12,"6,9","NH2,Et",C1=CC2=C(C3=C(C=CC=N3)C=C2)N=C1,2,13.00,
"6,9-OMe/CN-phen",C#N.CO.c1cnc2c(c1)ccc1cccnc12,"6,9","OMe,CN",C1=CC2=C(C3=C(C=CC=N3)C=C2)N=C1,2,23.00,
"6,9-OMe/CHO-phen",C=O.CO.c1cnc2c(c1)ccc1cccnc12,"6,9","OMe,CHO",C1=CC2=C(C3=C(C=CC=N3)C=C2)N=C1,2,18.80,
"6,9-OMe/OCF3-phen",CO.OC(F)(F)F.c1cnc2c(c1)ccc1cccnc12,"6,9","OMe,OCF3",C1=CC2=C(C3=C(C=CC=N3)C=C2)N=C1,2,,
"6,9-OMe/Cl-phen",CO.Cl.c1cnc2c(c1)ccc1cccnc12,"6,9","OMe,Cl",C1=CC2=C(C3=C(C=CC=N3)C=C2)N=C1,2,,
"6,9-OMe/Br-phen",Br.CO.c1cnc2c(c1)ccc1cccnc12,"6,9","OMe,Br",C1=CC2=C(C3=C(C=CC=N3)C=C2)N=C1,2,,
"6,9-OMe/NH2-phen",CO.N.c1cnc2c(c1)ccc1cccnc12,"6,9","OMe,NH2",C1=CC2=C(C3=C(C=CC=N3)C=C2)N=C1,2,14.00,
"6,9-(OMe)2-phen",CO.CO.c1cnc2c(c1)ccc1cccnc12,"6,9","OMe,OMe",C1=CC2=C(C3=C(C=CC=N3)C=C2)N=C1,2,10.00,
"6,9-OMe/Me-phen",C.CO.c1cnc2c(c1)ccc1cccnc12,"6,9","OMe,Me",C1=CC2=C(C3=C(C=CC=N3)C=C2)N=C1,2,,
"6,9-OMe/Et-phen",CC.CO.c1cnc2c(c1)ccc1cccnc12,"6,9","OMe,Et",C1=CC2=C(C3=C(C=CC=N3)C=C2)N=C1,2,9.00,
"6,9-Me/CN-phen",C.C#N.c1cnc2c(c1)ccc1cccnc12,"6,9","Me,CN",C1=CC2=C(C3=C(C=CC=N3)C=C2)N=C1,2,,
"6,9-Me/CHO-phen",C.C=O.c1cnc2c(c1)ccc1cccnc12,"6,9","Me,CHO",C1=CC2=C(C3=C(C=CC=N3)C=C2)N=C1,2,,
"6,9-Me/OCF3-phen",C.OC(F)(F)F.c1cnc2c(c1)ccc1cccnc12,"6,9","Me,OCF3",C1=CC2=C(C3=C(C=CC=N3)C=C2)N=C1,2,,
"6,9-Me/Cl-phen",C.Cl.c1cnc2c(c1)ccc1cccnc12,"6,9","Me,Cl",C1=CC2=C(C3=C(C=CC=N3)C=C2)N=C1,2,,
"6,9-Me/Br-phen",Br.C.c1cnc2c(c1)ccc1cccnc12,"6,9","Me,Br",C1=CC2=C(C3=C(C=CC=N3)C=C2)N=C1,2,,
"6,9-Me/NH2-phen",C.N.c1cnc2c(c1)ccc1cccnc12,"6,9","Me,NH2",C1=CC2=C(C3=C(C=CC=N3)C=C2)N=C1,2,,
"6,9-Me/OMe-phen",C.CO.c1cnc2c(c1)ccc1cccnc12,"6,9","Me,OMe",C1=CC2=C(C3=C(C=CC=N3)C=C2)N=C1,2,,
"6,9-(Me)2-phen",C.C.c1cnc2c(c1)ccc1cccnc12,"6,9","Me,Me",C1=CC2=C(C3=C(C=CC=N3)C=C2)N=C1,2,,
"6,9-Me/Et-phen",C.CC.c1cnc2c(c1)ccc1cccnc12,"6,9","Me,Et",C1=CC2=C(C3=C(C=CC=N3)C=C2)N=C1,2,,
"6,9-Et/CN-phen",C#N.CC.c1cnc2c(c1)ccc1cccnc12,"6,9","Et,CN",C1=CC2=C(C3=C(C=CC=N3)C=C2)N=C1,2,22.00,
"6,9-Et/CHO-phen",C=O.CC.c1cnc2c(c1)ccc1cccnc12,"6,9","Et,CHO",C1=CC2=C(C3=C(C=CC=N3)C=C2)N=C1,2,17.80,
"6,9-Et/OCF3-phen",CC.OC(F)(F)F.c1cnc2c(c1)ccc1cccnc12,"6,9","Et,OCF3",C1=CC2=C(C3=C(C=CC=N3)C=C2)N=C1,2,,
"6,9-Et/Cl-phen",CC.Cl.c1cnc2c(c1)ccc1cccnc12,"6,9","Et,Cl",C1=CC2=C(C3=C(C=CC=N3)C=C2)N=C1,2,,
"6,9-Et/Br-phen",Br.CC.c1cnc2c(c1)ccc1cccnc12,"6,9","Et,Br",C1=CC2=C(C3=C(C=CC=N3)C=C2)N=C1,2,,
"6,9-Et/NH2-phen",CC.N.c1cnc2c(c1)ccc1cccnc12,"6,9","Et,NH2",C1=CC2=C(C3=C(C=CC=N3)C=C2)N=C1,2,13.00,
"6,9-Et/OMe-phen",CC.CO.c1cnc2c(c1)ccc1cccnc12,"6,9","Et,OMe",C1=CC2=C(C3=C(C=CC=N3)C=C2)N=C1,2,9.00,
"6,9-Et/Me-phen",C.CC.c1cnc2c(c1)ccc1cccnc12,"6,9","Et,Me",C1=CC2=C(C3=C(C=CC=N3)C=C2)N=C1,2,,
"6,9-(Et)2-phen",CC.CC.c1cnc2c(c1)ccc1cccnc12,"6,9","Et,Et",C1=CC2=C(C3=C(C=CC=N3)C=C2)N=C1,2,8.00,
"7,8-(CN)2-phen",C#N.C#N.c1cnc2c(c1)ccc1cccnc12,"7,8","CN,CN",C1=CC2=C(C3=C(C=CC=N3)C=C2)N=C1,2,36.00,
"7,8-CN/CHO-phen",C#N.C=O.c1cnc2c(c1)ccc1cccnc12,"7,8","CN,CHO",C1=CC2=C(C3=C(C=CC=N3)C=C2)N=C1,2,31.80,
"7,8-CN/OCF3-phen",C#N.OC(F)(F)F.c1cnc2c(c1)ccc1cccnc12,"7,8","CN,OCF3",C1=CC2=C(C3=C(C=CC=N3)C=C2)N=C1,2,,
"7,8-CN/Cl-phen",C#N.Cl.c1cnc2c(c1)ccc1cccnc12,"7,8","CN,Cl",C1=CC2=C(C3=C(C=CC=N3)C=C2)N=C1,2,,
"7,8-CN/Br-phen",Br.C#N.c1cnc2c(c1)ccc1cccnc12,"7,8","CN,Br",C1=CC2=C(C3=C(C=CC=N3)C=C2)N=C1,2,,
"7,8-CN/NH2-phen",C#N.N.c1cnc2c(c1)ccc1cccnc12,"7,8","CN,NH2",C1=CC2=C(C3=C(C=CC=N3)C=C2)N=C1,2,27.00,
"7,8-CN/OMe-phen",C#N.CO.c1cnc2c(c1)ccc1cccnc12,"7,8","CN,OMe",C1=CC2=C(C3=C(C=CC=N3)C=C2)N=C1,2,23.00,
"7,8-CN/Me-phen",C.C#N.c1cnc2c(c1)ccc1cccnc12,"7,8","CN,Me",C1=CC2=C(C3=C(C=CC=N3)C=C2)N=C1,2,,
"7,8-CN/Et-phen",C#N.CC.c1cnc2c(c1)ccc1cccnc12,"7,8","CN,Et",C1=CC2=C(C3=C(C=CC=N3)C=C2)N=C1,2,22.00,
"7,8-CHO/CN-phen",C#N.C=O.c1cnc2c(c1)ccc1cccnc12,"7,8","CHO,CN",C1=CC2=C(C3=C(C=CC=N3)C=C2)N=C1,2,31.80,
"7,8-(CHO)2-phen",C=O.C=O.c1cnc2c(c1)ccc1cccnc12,"7,8","CHO,CHO",C1=CC2=C(C3=C(C=CC=N3)C=C2)N=C1,2,27.60,
"7,8-CHO/OCF3-phen",C=O.OC(F)(F)F.c1cnc2c(c1)ccc1cccnc12,"7,8","CHO,OCF3",C1=CC2=C(C3=C(C=CC=N3)C=C2)N=C1,2,,
"7,8-CHO/Cl-phen",C=O.Cl.c1cnc2c(c1)ccc1cccnc12,"7,8","CHO,Cl",C1=CC2=C(C3=C(C=CC=N3)C=C2)N=C1,2,,
"7,8-CHO/Br-phen",Br.C=O.c1cnc2c(c1)ccc1cccnc12,"7,8","CHO,Br",C1=CC2=C(C3=C(C=CC=N3)C=C2)N=C1,2,,
"7,8-CHO/NH2-phen",C=O.N.c1cnc2c(c1)ccc1cccnc12,"7,8","CHO,NH2",C1=CC2=C(C3=C(C=CC=N3)C=C2)N=C1,2,22.80,
"7,8-CHO/OMe-phen",C=O.CO.c1cnc2c(c1)ccc1cccnc12,"7,8","CHO,OMe",C1=CC2=C(C3=C(C=CC=N3)C=C2)N=C1,2,18.80,
"7,8-CHO/Me-phen",C.C=O.c1cnc2c(c1)ccc1cccnc12,"7,8","CHO,Me",C1=CC2=C(C3=C(C=CC=N3)C=C2)N=C1,2,,
"7,8-CHO/Et-phen",C=O.CC.c1cnc2c(c1)ccc1cccnc12,"7,8","CHO,Et",C1=CC2=C(C3=C(C=CC=N3)C=C2)N=C1,2,17.80,
"7,8-OCF3/CN-phen",C#N.OC(F)(F)F.c1cnc2c(c1)ccc1cccnc12,"7,8","OCF3,CN",C1=CC2=C(C3=C(C=CC=N3)C=C2)N=C1,2,,
"7,8-OCF3/CHO-phen",C=O.OC(F)(F)F.c1cnc2c(c1)ccc1cccnc12,"7,8","OCF3,CHO",C1=CC2=C(C3=C(C=CC=N3)C=C2)N=C1,2,,
"7,8-(OCF3)2-phen",OC(F)(F)F.OC(F)(F)F.c1cnc2c(c1)ccc1cccnc12,"7,8","OCF3,OCF3",C1=CC2=C(C3=C(C=CC=N3)C=C2)N=C1,2,,
"7,8-OCF3/Cl-phen",Cl.OC(F)(F)F.c1cnc2c(c1)ccc1cccnc12,"7,8","OCF3,Cl",C1=CC2=C(C3=C(C=CC=N3)C=C2)N=C1,2,,
"7,8-OCF3/Br-phen",Br.OC(F)(F)F.c1cnc2c(c1)ccc1cccnc12,"7,8","OCF3,Br",C1=CC2=C(C3=C(C=CC=N3)C=C2)N=C1,2,,
"7,8-OCF3/NH2-phen",N.OC(F)(F)F.c1cnc2c(c1)ccc1cccnc12,"7,8","OCF3,NH2",C1=CC2=C(C3=C(C=CC=N3)C=C2)N=C1,2,,
"7,8-OCF3/OMe-phen",CO.OC(F)(F)F.c1cnc2c(c1)ccc1cccnc12,"7,8","OCF3,OMe",C1=CC2=C(C3=C(C=CC=N3)C=C2)N=C1,2,,
"7,8-OCF3/Me-phen",C.OC(F)(F)F.c1cnc2c(c1)ccc1cccnc12,"7,8","OCF3,Me",C1=CC2=C(C3=C(C=CC=N3)C=C2)N=C1,2,,
"7,8-OCF3/Et-phen",CC.OC(F)(F)F.c1cnc2c(c1)ccc1cccnc12,"7,8","OCF3,Et",C1=CC2=C(C3=C(C=CC=N3)C=C2)N=C1,2,,
"7,8-Cl/CN-phen",C#N.Cl.c1cnc2c(c1)ccc1cccnc12,"7,8","Cl,CN",C1=CC2=C(C3=C(C=CC=N3)C=C2)N=C1,2,,
"7,8-Cl/CHO-phen",C=O.Cl.c1cnc2c(c1)ccc1cccnc12,"7,8","Cl,CHO",C1=CC2=C(C3=C(C=CC=N3)C=C2)N=C1,2,,
"7,8-Cl/OCF3-phen",Cl.OC(F)(F)F.c1cnc2c(c1)ccc1cccnc12,"7,8","Cl,OCF3",C1=CC2=C(C3=C(C=CC=N3)C=C2)N=C1,2,,
"7,8-(Cl)2-phen",Cl.Cl.c1cnc2c(c1)ccc1cccnc12,"7,8","Cl,Cl",C1=CC2=C(C3=C(C=CC=N3)C=C2)N=C1,2,,
"7,8-Cl/Br-phen",Br.Cl.c1cnc2c(c1)ccc1cccnc12,"7,8","Cl,Br",C1=CC2=C(C3=C(C=CC=N3)C=C2)N=C1,2,,
"7,8-Cl/NH2-phen",Cl.N.c1cnc2c(c1)ccc1cccnc12,"7,8","Cl,NH2",C1=CC2=C(C3=C(C=CC=N3)C=C2)N=C1,2,,
"7,8-Cl/OMe-phen",CO.Cl.c1cnc2c(c1)ccc1cccnc12,"7,8","Cl,OMe",C1=CC2=C(C3=C(C=CC=N3)C=C2)N=C1,2,,
"7,8-Cl/Me-phen",C.Cl.c1cnc2c(c1)ccc1cccnc12,"7,8","Cl,Me",C1=CC2=C(C3=C(C=CC=N3)C=C2)N=C1,2,,
"7,8-Cl/Et-phen",CC.Cl.c1cnc2c(c1)ccc1cccnc12,"7,8","Cl,Et",C1=CC2=C(C3=C(C=CC=N3)C=C2)N=C1,2,,
"7,8-Br/CN-phen",Br.C#N.c1cnc2c(c1)ccc1cccnc12,"7,8","Br,CN",C1=CC2=C(C3=C(C=CC=N3)C=C2)N=C1,2,,
"7,8-Br/CHO-phen",Br.C=O.c1cnc2c(c1)ccc1cccnc12,"7,8","Br,CHO",C1=CC2=C(C3=C(C=CC=N3)C=C2)N=C1,2,,
"7,8-Br/OCF3-phen",Br.OC(F)(F)F.c1cnc2c(c1)ccc1cccnc12,"7,8","Br,OCF3",C1=CC2=C(C3=C(C=CC=N3)C=C2)N=C1,2,,
"7,8-Br/Cl-phen",Br.Cl.c1cnc2c(c1)ccc1cccnc12,"7,8","Br,Cl",C1=CC2=C(C3=C(C=CC=N3)C=C2)N=C1,2,,
"7,8-(Br)2-phen",Br.Br.c1cnc2c(c1)ccc1cccnc12,"7,8","Br,Br",C1=CC2=C(C3=C(C=CC=N3)C=C2)N=C1,2,,
"7,8-Br/NH2-phen",Br.N.c1cnc2c(c1)ccc1cccnc12,"7,8","Br,NH2",C1=CC2=C(C3=C(C=CC=N3)C=C2)N=C1,2,,
"7,8-Br/OMe-phen",Br.CO.c1cnc2c(c1)ccc1cccnc12,"7,8","Br,OMe",C1=CC2=C(C3=C(C=CC=N3)C=C2)N=C1,2,,
"7,8-Br/Me-phen",Br.C.c1cnc2c(c1)ccc1cccnc12,"7,8","Br,Me",C1=CC2=C(C3=C(C=CC=N3)C=C2)N=C1,2,,
"7,8-Br/Et-phen",Br.CC.c1cnc2c(c1)ccc1cccnc12,"7,8","Br,Et",C1=CC2=C(C3=C(C=CC=N3)C=C2)N=C1,2,,
"7,8-NH2/CN-phen",C#N.N.c1cnc2c(c1)ccc1cccnc12,"7,8","NH2,CN",C1=CC2=C(C3=C(C=CC=N3)C=C2)N=C1,2,27.00,
"7,8-NH2/CHO-phen",C=O.N.c1cnc2c(c1)ccc1cccnc12,"7,8","NH2,CHO",C1=CC2=C(C3=C(C=CC=N3)C=C2)N=C1,2,22.80,
"7,8-NH2/OCF3-phen",N.OC(F)(F)F.c1cnc2c(c1)ccc1cccnc12,"7,8","NH2,OCF3",C1=CC2=C(C3=C(C=CC=N3)C=C2)N=C1,2,,
"7,8-NH2/Cl-phen",Cl.N.c1cnc2c(c1)ccc1cccnc12,"7,8","NH2,Cl",C1=CC2=C(C3=C(C=CC=N3)C=C2)N=C1,2,,
"7,8-NH2/Br-phen",Br.N.c1cnc2c(c1)ccc1cccnc12,"7,8","NH2,Br",C1=CC2=C(C3=C(C=CC=N3)C=C2)N=C1,2,,
"7,8-(NH2)2-phen",N.N.c1cnc2c(c1)ccc1cccnc12,"7,8","NH2,NH2",C1=CC2=C(C3=C(C=CC=N3)C=C2)N=C1,2,18.00,
"7,8-NH2/OMe-phen",CO.N.c1cnc2c(c1)ccc1cccnc12,"7,8","NH2,OMe",C1=CC2=C(C3=C(C=CC=N3)C=C2)N=C1,2,14.00,
"7,8-NH2/Me-phen",C.N.c1cnc2c(c1)ccc1cccnc12,"7,8","NH2,Me",C1=CC2=C(C3=C(C=CC=N3)C=C2)N=C1,2,,
"7,8-NH2/Et-phen",CC.N.c1cnc2c(c1)ccc1cccnc12,"7,8","NH2,Et",C1=CC2=C(C3=C(C=CC=N3)C=C2)N=C1,2,13.00,
"7,8-OMe/CN-phen",C#N.CO.c1cnc2c(c1)ccc1cccnc12,"7,8","OMe,CN",C1=CC2=C(C3=C(C=CC=N3)C=C2)N=C1,2,23.00,
"7,8-OMe/CHO-phen",C=O.CO.c1cnc2c(c1)ccc1cccnc12,"7,8","OMe,CHO",C1=CC2=C(C3=C(C=CC=N3)C=C2)N=C1,2,18.80,
"7,8-OMe/OCF3-phen",CO.OC(F)(F)F.c1cnc2c(c1)ccc1cccnc12,"7,8","OMe,OCF3",C1=CC2=C(C3=C(C=CC=N3)C=C2)N=C1,2,,
"7,8-OMe/Cl-phen",CO.Cl.c1cnc2c(c1)ccc1cccnc12,"7,8","OMe,Cl",C1=CC2=C(C3=C(C=CC=N3)C=C2)N=C1,2,,
"7,8-OMe/Br-phen",Br.CO.c1cnc2c(c1)ccc1cccnc12,"7,8","OMe,Br",C1=CC2=C(C3=C(C=CC=N3)C=C2)N=C1,2,,
"7,8-OMe/NH2-phen",CO.N.c1cnc2c(c1)ccc1cccnc12,"7,8","OMe,NH2",C1=CC2=C(C3=C(C=CC=N3)C=C2)N=C1,2,14.00,
"7,8-(OMe)2-phen",CO.CO.c1cnc2c(c1)ccc1cccnc12,"7,8","OMe,OMe",C1=CC2=C(C3=C(C=CC=N3)C=C2)N=C1,2,10.00,
"7,8-OMe/Me-phen",C.CO.c1cnc2c(c1)ccc1cccnc12,"7,8","OMe,Me",C1=CC2=C(C3=C(C=CC=N3)C=C2)N=C1,2,,
"7,8-OMe/Et-phen",CC.CO.c1cnc2c(c1)ccc1cccnc12,"7,8","OMe,Et",C1=CC2=C(C3=C(C=CC=N3)C=C2)N=C1,2,9.00,
"7,8-Me/CN-phen",C.C#N.c1cnc2c(c1)ccc1cccnc12,"7,8","Me,CN",C1=CC2=C(C3=C(C=CC=N3)C=C2)N=C1,2,,
"7,8-Me/CHO-phen",C.C=O.c1cnc2c(c1)ccc1cccnc12,"7,8","Me,CHO",C1=CC2=C(C3=C(C=CC=N3)C=C2)N=C1,2,,
"7,8-Me/OCF3-phen",C.OC(F)(F)F.c1cnc2c(c1)ccc1cccnc12,"7,8","Me,OCF3",C1=CC2=C(C3=C(C=CC=N3)C=C2)N=C1,2,,
"7,8-Me/Cl-phen",C.Cl.c1cnc2c(c1)ccc1cccnc12,"7,8","Me,Cl",C1=CC2=C(C3=C(C=CC=N3)C=C2)N=C1,2,,
"7,8-Me/Br-phen",Br.C.c1cnc2c(c1)ccc1cccnc12,"7,8","Me,Br",C1=CC2=C(C3=C(C=CC=N3)C=C2)N=C1,2,,
"7,8-Me/NH2-phen",C.N.c1cnc2c(c1)ccc1cccnc12,"7,8","Me,NH2",C1=CC2=C(C3=C(C=CC=N3)C=C2)N=C1,2,,
"7,8-Me/OMe-phen",C.CO.c1cnc2c(c1)ccc1cccnc12,"7,8","Me,OMe",C1=CC2=C(C3=C(C=CC=N3)C=C2)N=C1,2,,
"7,8-(Me)2-phen",C.C.c1cnc2c(c1)ccc1cccnc12,"7,8","Me,Me",C1=CC2=C(C3=C(C=CC=N3)C=C2)N=C1,2,,
"7,8-Me/Et-phen",C.CC.c1cnc2c(c1)ccc1cccnc12,"7,8","Me,Et",C1=CC2=C(C3=C(C=CC=N3)C=C2)N=C1,2,,
"7,8-Et/CN-phen",C#N.CC.c1cnc2c(c1)ccc1cccnc12,"7,8","Et,CN",C1=CC2=C(C3=C(C=CC=N3)C=C2)N=C1,2,22.00,
"7,8-Et/CHO-phen",C=O.CC.c1cnc2c(c1)ccc1cccnc12,"7,8","Et,CHO",C1=CC2=C(C3=C(C=CC=N3)C=C2)N=C1,2,17.80,
"7,8-Et/OCF3-phen",CC.OC(F)(F)F.c1cnc2c(c1)ccc1cccnc12,"7,8","Et,OCF3",C1=CC2=C(C3=C(C=CC=N3)C=C2)N=C1,2,,
"7,8-Et/Cl-phen",CC.Cl.c1cnc2c(c1)ccc1cccnc12,"7,8","Et,Cl",C1=CC2=C(C3=C(C=CC=N3)C=C2)N=C1,2,,
"7,8-Et/Br-phen",Br.CC.c1cnc2c(c1)ccc1cccnc12,"7,8","Et,Br",C1=CC2=C(C3=C(C=CC=N3)C=C2)N=C1,2,,
"7,8-Et/NH2-phen",CC.N.c1cnc2c(c1)ccc1cccnc12,"7,8","Et,NH2",C1=CC2=C(C3=C(C=CC=N3)C=C2)N=C1,2,13.00,
"7,8-Et/OMe-phen",CC.CO.c1cnc2c(c1)ccc1cccnc12,"7,8","Et,OMe",C1=CC2=C(C3=C(C=CC=N3)C=C2)N=C1,2,9.00,
"7,8-Et/Me-phen",C.CC.c1cnc2c(c1)ccc1cccnc12,"7,8","Et,Me",C1=CC2=C(C3=C(C=CC=N3)C=C2)N=C1,2,,
"7,8-(Et)2-phen",CC.CC.c1cnc2c(c1)ccc1cccnc12,"7,8","Et,Et",C1=CC2=C(C3=C(C=CC=N3)C=C2)N=C1,2,8.00,
"7,9-(CN)2-phen",C#N.C#N.c1cnc2c(c1)ccc1cccnc12,"7,9","CN,CN",C1=CC2=C(C3=C(C=CC=N3)C=C2)N=C1,2,36.00,
"7,9-CN/CHO-phen",C#N.C=O.c1cnc2c(c1)ccc1cccnc12,"7,9","CN,CHO",C1=CC2=C(C3=C(C=CC=N3)C=C2)N=C1,2,31.80,
"7,9-CN/OCF3-phen",C#N.OC(F)(F)F.c1cnc2c(c1)ccc1cccnc12,"7,9","CN,OCF3",C1=CC2=C(C3=C(C=CC=N3)C=C2)N=C1,2,,
"7,9-CN/Cl-phen",C#N.Cl.c1cnc2c(c1)ccc1cccnc12,"7,9","CN,Cl",C1=CC2=C(C3=C(C=CC=N3)C=C2)N=C1,2,,
"7,9-CN/Br-phen",Br.C#N.c1cnc2c(c1)ccc1cccnc12,"7,9","CN,Br",C1=CC2=C(C3=C(C=CC=N3)C=C2)N=C1,2,,
"7,9-CN/NH2-phen",C#N.N.c1cnc2c(c1)ccc1cccnc12,"7,9","CN,NH2",C1=CC2=C(C3=C(C=CC=N3)C=C2)N=C1,2,27.00,
"7,9-CN/OMe-phen",C#N.CO.c1cnc2c(c1)ccc1cccnc12,"7,9","CN,OMe",C1=CC2=C(C3=C(C=CC=N3)C=C2)N=C1,2,23.00,
"7,9-CN/Me-phen",C.C#N.c1cnc2c(c1)ccc1cccnc12,"7,9","CN,Me",C1=CC2=C(C3=C(C=CC=N3)C=C2)N=C1,2,,
"7,9-CN/Et-phen",C#N.CC.c1cnc2c(c1)ccc1cccnc12,"7,9","CN,Et",C1=CC2=C(C3=C(C=CC=N3)C=C2)N=C1,2,22.00,
"7,9-CHO/CN-phen",C#N.C=O.c1cnc2c(c1)ccc1cccnc12,"7,9","CHO,CN",C1=CC2=C(C3=C(C=CC=N3)C=C2)N=C1,2,31.80,
"7,9-(CHO)2-phen",C=O.C=O.c1cnc2c(c1)ccc1cccnc12,"7,9","CHO,CHO",C1=CC2=C(C3=C(C=CC=N3)C=C2)N=C1,2,27.60,
"7,9-CHO/OCF3-phen",C=O.OC(F)(F)F.c1cnc2c(c1)ccc1cccnc12,"7,9","CHO,OCF3",C1=CC2=C(C3=C(C=CC=N3)C=C2)N=C1,2,,
"7,9-CHO/Cl-phen",C=O.Cl.c1cnc2c(c1)ccc1cccnc12,"7,9","CHO,Cl",C1=CC2=C(C3=C(C=CC=N3)C=C2)N=C1,2,,
"7,9-CHO/Br-phen",Br.C=O.c1cnc2c(c1)ccc1cccnc12,"7,9","CHO,Br",C1=CC2=C(C3=C(C=CC=N3)C=C2)N=C1,2,,
"7,9-CHO/NH2-phen",C=O.N.c1cnc2c(c1)ccc1cccnc12,"7,9","CHO,NH2",C1=CC2=C(C3=C(C=CC=N3)C=C2)N=C1,2,22.80,
"7,9-CHO/OMe-phen",C=O.CO.c1cnc2c(c1)ccc1cccnc12,"7,9","CHO,OMe",C1=CC2=C(C3=C(C=CC=N3)C=C2)N=C1,2,18.80,
"7,9-CHO/Me-phen",C.C=O.c1cnc2c(c1)ccc1cccnc12,"7,9","CHO,Me",C1=CC2=C(C3=C(C=CC=N3)C=C2)N=C1,2,,
"7,9-CHO/Et-phen",C=O.CC.c1cnc2c(c1)ccc1cccnc12,"7,9","CHO,Et",C1=CC2=C(C3=C(C=CC=N3)C=C2)N=C1,2,17.80,
"7,9-OCF3/CN-phen",C#N.OC(F)(F)F.c1cnc2c(c1)ccc1cccnc12,"7,9","OCF3,CN",C1=CC2=C(C3=C(C=CC=N3)C=C2)N=C1,2,,
"7,9-OCF3/CHO-phen",C=O.OC(F)(F)F.c1cnc2c(c1)ccc1cccnc12,"7,9","OCF3,CHO",C1=CC2=C(C3=C(C=CC=N3)C=C2)N=C1,2,,
"7,9-(OCF3)2-phen",OC(F)(F)F.OC(F)(F)F.c1cnc2c(c1)ccc1cccnc12,"7,9","OCF3,OCF3",C1=CC2=C(C3=C(C=CC=N3)C=C2)N=C1,2,,
"7,9-OCF3/Cl-phen",Cl.OC(F)(F)F.c1cnc2c(c1)ccc1cccnc12,"7,9","OCF3,Cl",C1=CC2=C(C3=C(C=CC=N3)C=C2)N=C1,2,,
"7,9-OCF3/Br-phen",Br.OC(F)(F)F.c1cnc2c(c1)ccc1cccnc12,"7,9","OCF3,Br",C1=CC2=C(C3=C(C=CC=N3)C=C2)N=C1,2,,
"7,9-OCF3/NH2-phen",N.OC(F)(F)F.c1cnc2c(c1)ccc1cccnc12,"7,9","OCF3,NH2",C1=CC2=C(C3=C(C=CC=N3)C=C2)N=C1,2,,
"7,9-OCF3/OMe-phen",CO.OC(F)(F)F.c1cnc2c(c1)ccc1cccnc12,"7,9","OCF3,OMe",C1=CC2=C(C3=C(C=CC=N3)C=C2)N=C1,2,,
"7,9-OCF3/Me-phen",C.OC(F)(F)F.c1cnc2c(c1)ccc1cccnc12,"7,9","OCF3,Me",C1=CC2=C(C3=C(C=CC=N3)C=C2)N=C1,2,,
"7,9-OCF3/Et-phen",CC.OC(F)(F)F.c1cnc2c(c1)ccc1cccnc12,"7,9","OCF3,Et",C1=CC2=C(C3=C(C=CC=N3)C=C2)N=C1,2,,
"7,9-Cl/CN-phen",C#N.Cl.c1cnc2c(c1)ccc1cccnc12,"7,9","Cl,CN",C1=CC2=C(C3=C(C=CC=N3)C=C2)N=C1,2,,
"7,9-Cl/CHO-phen",C=O.Cl.c1cnc2c(c1)ccc1cccnc12,"7,9","Cl,CHO",C1=CC2=C(C3=C(C=CC=N3)C=C2)N=C1,2,,
"7,9-Cl/OCF3-phen",Cl.OC(F)(F)F.c1cnc2c(c1)ccc1cccnc12,"7,9","Cl,OCF3",C1=CC2=C(C3=C(C=CC=N3)C=C2)N=C1,2,,
"7,9-(Cl)2-phen",Cl.Cl.c1cnc2c(c1)ccc1cccnc12,"7,9","Cl,Cl",C1=CC2=C(C3=C(C=CC=N3)C=C2)N=C1,2,,
"7,9-Cl/Br-phen",Br.Cl.c1cnc2c(c1)ccc1cccnc12,"7,9","Cl,Br",C1=CC2=C(C3=C(C=CC=N3)C=C2)N=C1,2,,
"7,9-Cl/NH2-phen",Cl.N.c1cnc2c(c1)ccc1cccnc12,"7,9","Cl,NH2",C1=CC2=C(C3=C(C=CC=N3)C=C2)N=C1,2,,
"7,9-Cl/OMe-phen",CO.Cl.c1cnc2c(c1)ccc1cccnc12,"7,9","Cl,OMe",C1=CC2=C(C3=C(C=CC=N3)C=C2)N=C1,2,,
"7,9-Cl/Me-phen",C.Cl.c1cnc2c(c1)ccc1cccnc12,"7,9","Cl,Me",C1=CC2=C(C3=C(C=CC=N3)C=C2)N=C1,2,,
"7,9-Cl/Et-phen",CC.Cl.c1cnc2c(c1)ccc1cccnc12,"7,9","Cl,Et",C1=CC2=C(C3=C(C=CC=N3)C=C2)N=C1,2,,
"7,9-Br/CN-phen",Br.C#N.c1cnc2c(c1)ccc1cccnc12,"7,9","Br,CN",C1=CC2=C(C3=C(C=CC=N3)C=C2)N=C1,2,,
"7,9-Br/CHO-phen",Br.C=O.c1cnc2c(c1)ccc1cccnc12,"7,9","Br,CHO",C1=CC2=C(C3=C(C=CC=N3)C=C2)N=C1,2,,
"7,9-Br/OCF3-phen",Br.OC(F)(F)F.c1cnc2c(c1)ccc1cccnc12,"7,9","Br,OCF3",C1=CC2=C(C3=C(C=CC=N3)C=C2)N=C1,2,,
"7,9-Br/Cl-phen",Br.Cl.c1cnc2c(c1)ccc1cccnc12,"7,9","Br,Cl",C1=CC2=C(C3=C(C=CC=N3)C=C2)N=C1,2,,
"7,9-(Br)2-phen",Br.Br.c1cnc2c(c1)ccc1cccnc12,"7,9","Br,Br",C1=CC2=C(C3=C(C=CC=N3)C=C2)N=C1,2,,
"7,9-Br/NH2-phen",Br.N.c1cnc2c(c1)ccc1cccnc12,"7,9","Br,NH2",C1=CC2=C(C3=C(C=CC=N3)C=C2)N=C1,2,,
"7,9-Br/OMe-phen",Br.CO.c1cnc2c(c1)ccc1cccnc12,"7,9","Br,OMe",C1=CC2=C(C3=C(C=CC=N3)C=C2)N=C1,2,,
"7,9-Br/Me-phen",Br.C.c1cnc2c(c1)ccc1cccnc12,"7,9","Br,Me",C1=CC2=C(C3=C(C=CC=N3)C=C2)N=C1,2,,
"7,9-Br/Et-phen",Br.CC.c1cnc2c(c1)ccc1cccnc12,"7,9","Br,Et",C1=CC2=C(C3=C(C=CC=N3)C=C2)N=C1,2,,
"7,9-NH2/CN-phen",C#N.N.c1cnc2c(c1)ccc1cccnc12,"7,9","NH2,CN",C1=CC2=C(C3=C(C=CC=N3)C=C2)N=C1,2,27.00,
"7,9-NH2/CHO-phen",C=O.N.c1cnc2c(c1)ccc1cccnc12,"7,9","NH2,CHO",C1=CC2=C(C3=C(C=CC=N3)C=C2)N=C1,2,22.80,
"7,9-NH2/OCF3-phen",N.OC(F)(F)F.c1cnc2c(c1)ccc1cccnc12,"7,9","NH2,OCF3",C1=CC2=C(C3=C(C=CC=N3)C=C2)N=C1,2,,
"7,9-NH2/Cl-phen",Cl.N.c1cnc2c(c1)ccc1cccnc12,"7,9","NH2,Cl",C1=CC2=C(C3=C(C=CC=N3)C=C2)N=C1,2,,
"7,9-NH2/Br-phen",Br.N.c1cnc2c(c1)ccc1cccnc12,"7,9","NH2,Br",C1=CC2=C(C3=C(C=CC=N3)C=C2)N=C1,2,,
"7,9-(NH2)2-phen",N.N.c1cnc2c(c1)ccc1cccnc12,"7,9","NH2,NH2",C1=CC2=C(C3=C(C=CC=N3)C=C2)N=C1,2,18.00,
"7,9-NH2/OMe-phen",CO.N.c1cnc2c(c1)ccc1cccnc12,"7,9","NH2,OMe",C1=CC2=C(C3=C(C=CC=N3)C=C2)N=C1,2,14.00,
"7,9-NH2/Me-phen",C.N.c1cnc2c(c1)ccc1cccnc12,"7,9","NH2,Me",C1=CC2=C(C3=C(C=CC=N3)C=C2)N=C1,2,,
"7,9-NH2/Et-phen",CC.N.c1cnc2c(c1)ccc1cccnc12,"7,9","NH2,Et",C1=CC2=C(C3=C(C=CC=N3)C=C2)N=C1,2,13.00,
"7,9-OMe/CN-phen",C#N.CO.c1cnc2c(c1)ccc1cccnc12,"7,9","OMe,CN",C1=CC2=C(C3=C(C=CC=N3)C=C2)N=C1,2,23.00,
"7,9-OMe/CHO-phen",C=O.CO.c1cnc2c(c1)ccc1cccnc12,"7,9","OMe,CHO",C1=CC2=C(C3=C(C=CC=N3)C=C2)N=C1,2,18.80,
"7,9-OMe/OCF3-phen",CO.OC(F)(F)F.c1cnc2c(c1)ccc1cccnc12,"7,9","OMe,OCF3",C1=CC2=C(C3=C(C=CC=N3)C=C2)N=C1,2,,
"7,9-OMe/Cl-phen",CO.Cl.c1cnc2c(c1)ccc1cccnc12,"7,9","OMe,Cl",C1=CC2=C(C3=C(C=CC=N3)C=C2)N=C1,2,,
"7,9-OMe/Br-phen",Br.CO.c1cnc2c(c1)ccc1cccnc12,"7,9","OMe,Br",C1=CC2=C(C3=C(C=CC=N3)C=C2)N=C1,2,,
"7,9-OMe/NH2-phen",CO.N.c1cnc2c(c1)ccc1cccnc12,"7,9","OMe,NH2",C1=CC2=C(C3=C(C=CC=N3)C=C2)N=C1,2,14.00,
"7,9-(OMe)2-phen",CO.CO.c1cnc2c(c1)ccc1cccnc12,"7,9","OMe,OMe",C1=CC2=C(C3=C(C=CC=N3)C=C2)N=C1,2,10.00,
"7,9-OMe/Me-phen",C.CO.c1cnc2c(c1)ccc1cccnc12,"7,9","OMe,Me",C1=CC2=C(C3=C(C=CC=N3)C=C2)N=C1,2,,
"7,9-OMe/Et-phen",CC.CO.c1cnc2c(c1)ccc1cccnc12,"7,9","OMe,Et",C1=CC2=C(C3=C(C=CC=N3)C=C2)N=C1,2,9.00,
"7,9-Me/CN-phen",C.C#N.c1cnc2c(c1)ccc1cccnc12,"7,9","Me,CN",C1=CC2=C(C3=C(C=CC=N3)C=C2)N=C1,2,,
"7,9-Me/CHO-phen",C.C=O.c1cnc2c(c1)ccc1cccnc12,"7,9","Me,CHO",C1=CC2=C(C3=C(C=CC=N3)C=C2)N=C1,2,,
"7,9-Me/OCF3-phen",C.OC(F)(F)F.c1cnc2c(c1)ccc1cccnc12,"7,9","Me,OCF3",C1=CC2=C(C3=C(C=CC=N3)C=C2)N=C1,2,,
"7,9-Me/Cl-phen",C.Cl.c1cnc2c(c1)ccc1cccnc12,"7,9","Me,Cl",C1=CC2=C(C3=C(C=CC=N3)C=C2)N=C1,2,,
"7,9-Me/Br-phen",Br.C.c1cnc2c(c1)ccc1cccnc12,"7,9","Me,Br",C1=CC2=C(C3=C(C=CC=N3)C=C2)N=C1,2,,
"7,9-Me/NH2-phen",C.N.c1cnc2c(c1)ccc1cccnc12,"7,9","Me,NH2",C1=CC2=C(C3=C(C=CC=N3)C=C2)N=C1,2,,
"7,9-Me/OMe-phen",C.CO.c1cnc2c(c1)ccc1cccnc12,"7,9","Me,OMe",C1=CC2=C(C3=C(C=CC=N3)C=C2)N=C1,2,,
"7,9-(Me)2-phen",C.C.c1cnc2c(c1)ccc1cccnc12,"7,9","Me,Me",C1=CC2=C(C3=C(C=CC=N3)C=C2)N=C1,2,,
"7,9-Me/Et-phen",C.CC.c1cnc2c(c1)ccc1cccnc12,"7,9","Me,Et",C1=CC2=C(C3=C(C=CC=N3)C=C2)N=C1,2,,
"7,9-Et/CN-phen",C#N.CC.c1cnc2c(c1)ccc1cccnc12,"7,9","Et,CN",C1=CC2=C(C3=C(C=CC=N3)C=C2)N=C1,2,22.00,
"7,9-Et/CHO-phen",C=O.CC.c1cnc2c(c1)ccc1cccnc12,"7,9","Et,CHO",C1=CC2=C(C3=C(C=CC=N3)C=C2)N=C1,2,17.80,
"7,9-Et/OCF3-phen",CC.OC(F)(F)F.c1cnc2c(c1)ccc1cccnc12,"7,9","Et,OCF3",C1=CC2=C(C3=C(C=CC=N3)C=C2)N=C1,2,,
"7,9-Et/Cl-phen",CC.Cl.c1cnc2c(c1)ccc1cccnc12,"7,9","Et,Cl",C1=CC2=C(C3=C(C=CC=N3)C=C2)N=C1,2,,
"7,9-Et/Br-phen",Br.CC.c1cnc2c(c1)ccc1cccnc12,"7,9","Et,Br",C1=CC2=C(C3=C(C=CC=N3)C=C2)N=C1,2,,
"7,9-Et/NH2-phen",CC.N.c1cnc2c(c1)ccc1cccnc12,"7,9","Et,NH2",C1=CC2=C(C3=C(C=CC=N3)C=C2)N=C1,2,13.00,
"7,9-Et/OMe-phen",CC.CO.c1cnc2c(c1)ccc1cccnc12,"7,9","Et,OMe",C1=CC2=C(C3=C(C=CC=N3)C=C2)N=C1,2,9.00,
"7,9-Et/Me-phen",C.CC.c1cnc2c(c1)ccc1cccnc12,"7,9","Et,Me",C1=CC2=C(C3=C(C=CC=N3)C=C2)N=C1,2,,
"7,9-(Et)2-phen",CC.CC.c1cnc2c(c1)ccc1cccnc12,"7,9","Et,Et",C1=CC2=C(C3=C(C=CC=N3)C=C2)N=C1,2,8.00,
"8,9-(CN)2-phen",C#N.C#N.c1cnc2c(c1)ccc1cccnc12,"8,9","CN,CN",C1=CC2=C(C3=C(C=CC=N3)C=C2)N=C1,2,36.00,
"8,9-CN/CHO-phen",C#N.C=O.c1cnc2c(c1)ccc1cccnc12,"8,9","CN,CHO",C1=CC2=C(C3=C(C=CC=N3)C=C2)N=C1,2,31.80,
"8,9-CN/OCF3-phen",C#N.OC(F)(F)F.c1cnc2c(c1)ccc1cccnc12,"8,9","CN,OCF3",C1=CC2=C(C3=C(C=CC=N3)C=C2)N=C1,2,,
"8,9-CN/Cl-phen",C#N.Cl.c1cnc2c(c1)ccc1cccnc12,"8,9","CN,Cl",C1=CC2=C(C3=C(C=CC=N3)C=C2)N=C1,2,,
"8,9-CN/Br-phen",Br.C#N.c1cnc2c(c1)ccc1cccnc12,"8,9","CN,Br",C1=CC2=C(C3=C(C=CC=N3)C=C2)N=C1,2,,
"8,9-CN/NH2-phen",C#N.N.c1cnc2c(c1)ccc1cccnc12,"8,9","CN,NH2",C1=CC2=C(C3=C(C=CC=N3)C=C2)N=C1,2,27.00,
"8,9-CN/OMe-phen",C#N.CO.c1cnc2c(c1)ccc1cccnc12,"8,9","CN,OMe",C1=CC2=C(C3=C(C=CC=N3)C=C2)N=C1,2,23.00,
"8,9-CN/Me-phen",C.C#N.c1cnc2c(c1)ccc1cccnc12,"8,9","CN,Me",C1=CC2=C(C3=C(C=CC=N3)C=C2)N=C1,2,,
"8,9-CN/Et-phen",C#N.CC.c1cnc2c(c1)ccc1cccnc12,"8,9","CN,Et",C1=CC2=C(C3=C(C=CC=N3)C=C2)N=C1,2,22.00,
"8,9-CHO/CN-phen",C#N.C=O.c1cnc2c(c1)ccc1cccnc12,"8,9","CHO,CN",C1=CC2=C(C3=C(C=CC=N3)C=C2)N=C1,2,31.80,
"8,9-(CHO)2-phen",C=O.C=O.c1cnc2c(c1)ccc1cccnc12,"8,9","CHO,CHO",C1=CC2=C(C3=C(C=CC=N3)C=C2)N=C1,2,27.60,
"8,9-CHO/OCF3-phen",C=O.OC(F)(F)F.c1cnc2c(c1)ccc1cccnc12,"8,9","CHO,OCF3",C1=CC2=C(C3=C(C=CC=N3)C=C2)N=C1,2,,
"8,9-CHO/Cl-phen",C=O.Cl.c1cnc2c(c1)ccc1cccnc12,"8,9","CHO,Cl",C1=CC2=C(C3=C(C=CC=N3)C=C2)N=C1,2,,
"8,9-CHO/Br-phen",Br.C=O.c1cnc2c(c1)ccc1cccnc12,"8,9","CHO,Br",C1=CC2=C(C3=C(C=CC=N3)C=C2)N=C1,2,,
"8,9-CHO/NH2-phen",C=O.N.c1cnc2c(c1)ccc1cccnc12,"8,9","CHO,NH2",C1=CC2=C(C3=C(C=CC=N3)C=C2)N=C1,2,22.80,
"8,9-CHO/OMe-phen",C=O.CO.c1cnc2c(c1)ccc1cccnc12,"8,9","CHO,OMe",C1=CC2=C(C3=C(C=CC=N3)C=C2)N=C1,2,18.80,
"8,9-CHO/Me-phen",C.C=O.c1cnc2c(c1)ccc1cccnc12,"8,9","CHO,Me",C1=CC2=C(C3=C(C=CC=N3)C=C2)N=C1,2,,
"8,9-CHO/Et-phen",C=O.CC.c1cnc2c(c1)ccc1cccnc12,"8,9","CHO,Et",C1=CC2=C(C3=C(C=CC=N3)C=C2)N=C1,2,17.80,
"8,9-OCF3/CN-phen",C#N.OC(F)(F)F.c1cnc2c(c1)ccc1cccnc12,"8,9","OCF3,CN",C1=CC2=C(C3=C(C=CC=N3)C=C2)N=C1,2,,
"8,9-OCF3/CHO-phen",C=O.OC(F)(F)F.c1cnc2c(c1)ccc1cccnc12,"8,9","OCF3,CHO",C1=CC2=C(C3=C(C=CC=N3)C=C2)N=C1,2,,
"8,9-(OCF3)2-phen",OC(F)(F)F.OC(F)(F)F.c1cnc2c(c1)ccc1cccnc12,"8,9","OCF3,OCF3",C1=CC2=C(C3=C(C=CC=N3)C=C2)N=C1,2,,
"8,9-OCF3/Cl-phen",Cl.OC(F)(F)F.c1cnc2c(c1)ccc1cccnc12,"8,9","OCF3,Cl",C1=CC2=C(C3=C(C=CC=N3)C=C2)N=C1,2,,
"8,9-OCF3/Br-phen",Br.OC(F)(F)F.c1cnc2c(c1)ccc1cccnc12,"8,9","OCF3,Br",C1=CC2=C(C3=C(C=CC=N3)C=C2)N=C1,2,,
"8,9-OCF3/NH2-phen",N.OC(F)(F)F.c1cnc2c(c1)ccc1cccnc12,"8,9","OCF3,NH2",C1=CC2=C(C3=C(C=CC=N3)C=C2)N=C1,2,,
"8,9-OCF3/OMe-phen",CO.OC(F)(F)F.c1cnc2c(c1)ccc1cccnc12,"8,9","OCF3,OMe",C1=CC2=C(C3=C(C=CC=N3)C=C2)N=C1,2,,
"8,9-OCF3/Me-phen",C.OC(F)(F)F.c1cnc2c(c1)ccc1cccnc12,"8,9","OCF3,Me",C1=CC2=C(C3=C(C=CC=N3)C=C2)N=C1,2,,
"8,9-OCF3/Et-phen",CC.OC(F)(F)F.c1cnc2c(c1)ccc1cccnc12,"8,9","OCF3,Et",C1=CC2=C(C3=C(C=CC=N3)C=C2)N=C1,2,,
"8,9-Cl/CN-phen",C#N.Cl.c1cnc2c(c1)ccc1cccnc12,"8,9","Cl,CN",C1=CC2=C(C3=C(C=CC=N3)C=C2)N=C1,2,,
"8,9-Cl/CHO-phen",C=O.Cl.c1cnc2c(c1)ccc1cccnc12,"8,9","Cl,CHO",C1=CC2=C(C3=C(C=CC=N3)C=C2)N=C1,2,,
"8,9-Cl/OCF3-phen",Cl.OC(F)(F)F.c1cnc2c(c1)ccc1cccnc12,"8,9","Cl,OCF3",C1=CC2=C(C3=C(C=CC=N3)C=C2)N=C1,2,,
"8,9-(Cl)2-phen",Cl.Cl.c1cnc2c(c1)ccc1cccnc12,"8,9","Cl,Cl",C1=CC2=C(C3=C(C=CC=N3)C=C2)N=C1,2,,
"8,9-Cl/Br-phen",Br.Cl.c1cnc2c(c1)ccc1cccnc12,"8,9","Cl,Br",C1=CC2=C(C3=C(C=CC=N3)C=C2)N=C1,2,,
"8,9-Cl/NH2-phen",Cl.N.c1cnc2c(c1)ccc1cccnc12,"8,9","Cl,NH2",C1=CC2=C(C3=C(C=CC=N3)C=C2)N=C1,2,,
"8,9-Cl/OMe-phen",CO.Cl.c1cnc2c(c1)ccc1cccnc12,"8,9","Cl,OMe",C1=CC2=C(C3=C(C=CC=N3)C=C2)N=C1,2,,
"8,9-Cl/Me-phen",C.Cl.c1cnc2c(c1)ccc1cccnc12,"8,9","Cl,Me",C1=CC2=C(C3=C(C=CC=N3)C=C2)N=C1,2,,
"8,9-Cl/Et-phen",CC.Cl.c1cnc2c(c1)ccc1cccnc12,"8,9","Cl,Et",C1=CC2=C(C3=C(C=CC=N3)C=C2)N=C1,2,,
"8,9-Br/CN-phen",Br.C#N.c1cnc2c(c1)ccc1cccnc12,"8,9","Br,CN",C1=CC2=C(C3=C(C=CC=N3)C=C2)N=C1,2,,
"8,9-Br/CHO-phen",Br.C=O.c1cnc2c(c1)ccc1cccnc12,"8,9","Br,CHO",C1=CC2=C(C3=C(C=CC=N3)C=C2)N=C1,2,,
"8,9-Br/OCF3-phen",Br.OC(F)(F)F.c1cnc2c(c1)ccc1cccnc12,"8,9","Br,OCF3",C1=CC2=C(C3=C(C=CC=N3)C=C2)N=C1,2,,
"8,9-Br/Cl-phen",Br.Cl.c1cnc2c(c1)ccc1cccnc12,"8,9","Br,Cl",C1=CC2=C(C3=C(C=CC=N3)C=C2)N=C1,2,,
"8,9-(Br)2-phen",Br.Br.c1cnc2c(c1)ccc1cccnc12,"8,9","Br,Br",C1=CC2=C(C3=C(C=CC=N3)C=C2)N=C1,2,,
"8,9-Br/NH2-phen",Br.N.c1cnc2c(c1)ccc1cccnc12,"8,9","Br,NH2",C1=CC2=C(C3=C(C=CC=N3)C=C2)N=C1,2,,
"8,9-Br/OMe-phen",Br.CO.c1cnc2c(c1)ccc1cccnc12,"8,9","Br,OMe",C1=CC2=C(C3=C(C=CC=N3)C=C2)N=C1,2,,
"8,9-Br/Me-phen",Br.C.c1cnc2c(c1)ccc1cccnc12,"8,9","Br,Me",C1=CC2=C(C3=C(C=CC=N3)C=C2)N=C1,2,,
"8,9-Br/Et-phen",Br.CC.c1cnc2c(c1)ccc1cccnc12,"8,9","Br,Et",C1=CC2=C(C3=C(C=CC=N3)C=C2)N=C1,2,,
"8,9-NH2/CN-phen",C#N.N.c1cnc2c(c1)ccc1cccnc12,"8,9","NH2,CN",C1=CC2=C(C3=C(C=CC=N3)C=C2)N=C1,2,27.00,
"8,9-NH2/CHO-phen",C=O.N.c1cnc2c(c1)ccc1cccnc12,"8,9","NH2,CHO",C1=CC2=C(C3=C(C=CC=N3)C=C2)N=C1,2,22.80,
"8,9-NH2/OCF3-phen",N.OC(F)(F)F.c1cnc2c(c1)ccc1cccnc12,"8,9","NH2,OCF3",C1=CC2=C(C3=C(C=CC=N3)C=C2)N=C1,2,,
"8,9-NH2/Cl-phen",Cl.N.c1cnc2c(c1)ccc1cccnc12,"8,9","NH2,Cl",C1=CC2=C(C3=C(C=CC=N3)C=C2)N=C1,2,,
"8,9-NH2/Br-phen",Br.N.c1cnc2c(c1)ccc1cccnc12,"8,9","NH2,Br",C1=CC2=C(C3=C(C=CC=N3)C=C2)N=C1,2,,
"8,9-(NH2)2-phen",N.N.c1cnc2c(c1)ccc1cccnc12,"8,9","NH2,NH2",C1=CC2=C(C3=C(C=CC=N3)C=C2)N=C1,2,18.00,
"8,9-NH2/OMe-phen",CO.N.c1cnc2c(c1)ccc1cccnc12,"8,9","NH2,OMe",C1=CC2=C(C3=C(C=CC=N3)C=C2)N=C1,2,14.00,
"8,9-NH2/Me-phen",C.N.c1cnc2c(c1)ccc1cccnc12,"8,9","NH2,Me",C1=CC2=C(C3=C(C=CC=N3)C=C2)N=C1,2,,
"8,9-NH2/Et-phen",CC.N.c1cnc2c(c1)ccc1cccnc12,"8,9","NH2,Et",C1=CC2=C(C3=C(C=CC=N3)C=C2)N=C1,2,13.00,
"8,9-OMe/CN-phen",C#N.CO.c1cnc2c(c1)ccc1cccnc12,"8,9","OMe,CN",C1=CC2=C(C3=C(C=CC=N3)C=C2)N=C1,2,23.00,
"8,9-OMe/CHO-phen",C=O.CO.c1cnc2c(c1)ccc1cccnc12,"8,9","OMe,CHO",C1=CC2=C(C3=C(C=CC=N3)C=C2)N=C1,2,18.80,
"8,9-OMe/OCF3-phen",CO.OC(F)(F)F.c1cnc2c(c1)ccc1cccnc12,"8,9","OMe,OCF3",C1=CC2=C(C3=C(C=CC=N3)C=C2)N=C1,2,,
"8,9-OMe/Cl-phen",CO.Cl.c1cnc2c(c1)ccc1cccnc12,"8,9","OMe,Cl",C1=CC2=C(C3=C(C=CC=N3)C=C2)N=C1,2,,
"8,9-OMe/Br-phen",Br.CO.c1cnc2c(c1)ccc1cccnc12,"8,9","OMe,Br",C1=CC2=C(C3=C(C=CC=N3)C=C2)N=C1,2,,
"8,9-OMe/NH2-phen",CO.N.c1cnc2c(c1)ccc1cccnc12,"8,9","OMe,NH2",C1=CC2=C(C3=C(C=CC=N3)C=C2)N=C1,2,14.00,
"8,9-(OMe)2-phen",CO.CO.c1cnc2c(c1)ccc1cccnc12,"8,9","OMe,OMe",C1=CC2=C(C3=C(C=CC=N3)C=C2)N=C1,2,10.00,
"8,9-OMe/Me-phen",C.CO.c1cnc2c(c1)ccc1cccnc12,"8,9","OMe,Me",C1=CC2=C(C3=C(C=CC=N3)C=C2)N=C1,2,,
"8,9-OMe/Et-phen",CC.CO.c1cnc2c(c1)ccc1cccnc12,"8,9","OMe,Et",C1=CC2=C(C3=C(C=CC=N3)C=C2)N=C1,2,9.00,
"8,9-Me/CN-phen",C.C#N.c1cnc2c(c1)ccc1cccnc12,"8,9","Me,CN",C1=CC2=C(C3=C(C=CC=N3)C=C2)N=C1,2,,
"8,9-Me/CHO-phen",C.C=O.c1cnc2c(c1)ccc1cccnc12,"8,9","Me,CHO",C1=CC2=C(C3=C(C=CC=N3)C=C2)N=C1,2,,
"8,9-Me/OCF3-phen",C.OC(F)(F)F.c1cnc2c(c1)ccc1cccnc12,"8,9","Me,OCF3",C1=CC2=C(C3=C(C=CC=N3)C=C2)N=C1,2,,
"8,9-Me/Cl-phen",C.Cl.c1cnc2c(c1)ccc1cccnc12,"8,9","Me,Cl",C1=CC2=C(C3=C(C=CC=N3)C=C2)N=C1,2,,
"8,9-Me/Br-phen",Br.C.c1cnc2c(c1)ccc1cccnc12,"8,9","Me,Br",C1=CC2=C(C3=C(C=CC=N3)C=C2)N=C1,2,,
"8,9-Me/NH2-phen",C.N.c1cnc2c(c1)ccc1cccnc12,"8,9","Me,NH2",C1=CC2=C(C3=C(C=CC=N3)C=C2)N=C1,2,,
"8,9-Me/OMe-phen",C.CO.c1cnc2c(c1)ccc1cccnc12,"8,9","Me,OMe",C1=CC2=C(C3=C(C=CC=N3)C=C2)N=C1,2,,
"8,9-(Me)2-phen",C.C.c1cnc2c(c1)ccc1cccnc12,"8,9","Me,Me",C1=CC2=C(C3=C(C=CC=N3)C=C2)N=C1,2,,
"8,9-Me/Et-phen",C.CC.c1cnc2c(c1)ccc1cccnc12,"8,9","Me,Et",C1=CC2=C(C3=C(C=CC=N3)C=C2)N=C1,2,,
"8,9-Et/CN-phen",C#N.CC.c1cnc2c(c1)ccc1cccnc12,"8,9","Et,CN",C1=CC2=C(C3=C(C=CC=N3)C=C2)N=C1,2,22.00,
"8,9-Et/CHO-phen",C=O.CC.c1cnc2c(c1)ccc1cccnc12,"8,9","Et,CHO",C1=CC2=C(C3=C(C=CC=N3)C=C2)N=C1,2,17.80,
"8,9-Et/OCF3-phen",CC.OC(F)(F)F.c1cnc2c(c1)ccc1cccnc12,"8,9","Et,OCF3",C1=CC2=C(C3=C(C=CC=N3)C=C2)N=C1,2,,
"8,9-Et/Cl-phen",CC.Cl.c1cnc2c(c1)ccc1cccnc12,"8,9","Et,Cl",C1=CC2=C(C3=C(C=CC=N3)C=C2)N=C1,2,,
"8,9-Et/Br-phen",Br.CC.c1cnc2c(c1)ccc1cccnc12,"8,9","Et,Br",C1=CC2=C(C3=C(C=CC=N3)C=C2)N=C1,2,,
"8,9-Et/NH2-phen",CC.N.c1cnc2c(c1)ccc1cccnc12,"8,9","Et,NH2",C1=CC2=C(C3=C(C=CC=N3)C=C2)N=C1,2,13.00,
"8,9-Et/OMe-phen",CC.CO.c1cnc2c(c1)ccc1cccnc12,"8,9","Et,OMe",C1=CC2=C(C3=C(C=CC=N3)C=C2)N=C1,2,9.00,
"8,9-Et/Me-phen",C.CC.c1cnc2c(c1)ccc1cccnc12,"8,9","Et,Me",C1=CC2=C(C3=C(C=CC=N3)C=C2)N=C1,2,,
"8,9-(Et)2-phen",CC.CC.c1cnc2c(c1)ccc1cccnc12,"8,9","Et,Et",C1=CC2=C(C3=C(C=CC=N3)C=C2)N=C1,2,8.00,
